time,state,drone_pos_x,drone_pos_y,drone_pos_z,drone_vel_x,drone_vel_y,drone_vel_z,target_raw_x,target_raw_y,target_raw_z,target_est_x,target_est_y,target_est_z,target_pred_x,target_pred_y,target_pred_z,target_vel_x,target_vel_y,target_vel_z,error_x,error_y,future_error_x,future_error_y,error_xy_norm,future_error_xy_norm,pid_out_x,pid_out_y,ff_x,ff_y,final_sp_x,final_sp_y,final_sp_z,altitude_abs,dist_bottom,should_disarm,land_detected,pose_wait_dt,vel_wait_dt,control_processing_dt,send_cmd_dt,total_image_to_cmd_dt
28.560000,Descend,0.021984,0.027687,-5.982989,0.007206,0.015788,0.009089,0.986502,0.118363,0.171103,0.918971,0.107657,0.189082,1.217640,0.139833,0.194118,1.090032,0.117428,0.018382,0.896987,0.079971,1.193682,0.107820,0.900545,1.198541,0.955088,0.086269,1.090032,0.117428,0.102000,0.102000,0.000000,5.982989,-1.000000,0,0,0.012000,0.012000,0.000000,0.000000,0.012000
28.580000,Descend,0.022651,0.028629,-5.983469,0.007739,0.015320,0.008262,0.986502,0.118363,0.171103,0.918971,0.107657,0.189082,1.248160,0.143121,0.194633,1.090032,0.117428,0.018382,0.896320,0.079028,1.223173,0.109865,0.899797,1.228097,0.978926,0.087927,1.090032,0.117428,0.272000,0.205355,0.000000,5.983469,-1.000000,0,0,0.032000,0.032000,0.000000,0.000000,0.032000
28.580000,Descend,0.022651,0.028629,-5.983469,0.007739,0.015320,0.008262,0.986502,0.118363,0.171103,0.918971,0.107657,0.189082,1.226360,0.140772,0.194265,1.090032,0.117428,0.018382,0.896320,0.079028,1.201527,0.107823,0.899797,1.206355,0.961621,0.086294,1.090032,0.117428,0.280500,0.203722,0.000000,5.983469,-1.000000,0,0,0.032000,0.032000,0.000000,0.000000,0.032000
28.600000,Descend,0.023097,0.029230,-5.983794,0.008055,0.014880,0.007422,0.986502,0.118363,0.171103,0.918971,0.107657,0.189082,1.269961,0.145469,0.195000,1.090032,0.117428,0.018382,0.895873,0.078428,1.244270,0.111448,0.899300,1.249251,0.996065,0.089217,1.090032,0.117428,0.450500,0.206645,0.000000,5.983794,-1.000000,0,0,0.052000,0.052000,0.000000,0.000000,0.052000
28.620000,Descend,0.023565,0.029800,-5.984173,0.008414,0.014577,0.006392,0.986502,0.118363,0.171103,0.918971,0.107657,0.189082,1.291762,0.147818,0.195368,1.090032,0.117428,0.018382,0.895405,0.077857,1.265319,0.113032,0.898784,1.270357,1.013157,0.090507,1.090032,0.117428,0.620500,0.207934,0.000000,5.984173,-1.000000,0,0,0.072000,0.072000,0.000000,0.000000,0.072000
28.640000,Descend,0.024282,0.030609,-5.984762,0.009076,0.014228,0.004053,0.986502,0.118363,0.171103,0.918971,0.107657,0.189082,1.304842,0.149227,0.195589,1.090032,0.117428,0.018382,0.894689,0.077049,1.277348,0.113581,0.898001,1.282387,1.022984,0.090964,1.090032,0.117428,0.756500,0.208392,0.000000,5.984762,-1.000000,0,0,0.088000,0.088000,0.000000,0.004000,0.092000
28.656000,Descend,0.025039,0.031357,-5.985427,0.010172,0.014208,0.001011,0.986502,0.118363,0.171103,0.918971,0.107657,0.189082,1.331003,0.152045,0.196030,1.090032,0.117428,0.018382,0.893932,0.076300,1.302119,0.115317,0.897182,1.307215,1.043062,0.092376,1.090032,0.117428,0.926500,0.209804,0.000000,5.985427,-1.000000,0,0,0.108000,0.108000,0.000000,0.000000,0.108000
28.676000,Descend,0.025585,0.031847,-5.985949,0.011355,0.014546,-0.001325,0.986502,0.118363,0.171103,0.918971,0.107657,0.189082,1.352804,0.154394,0.196397,1.090032,0.117428,0.018382,0.893386,0.075810,1.322699,0.116757,0.896596,1.327842,1.059790,0.093551,1.090032,0.117428,1.096500,0.210979,0.000000,5.985949,-1.000000,0,0,0.128000,0.128000,0.000000,0.000000,0.128000
28.688000,Descend,0.025585,0.031847,-5.985949,0.011355,0.014546,-0.001325,0.986502,0.118363,0.171103,0.918971,0.107657,0.189082,1.357164,0.154863,0.196471,1.090032,0.117428,0.018382,0.893386,0.075810,1.327014,0.117169,0.896596,1.332176,1.063401,0.093894,1.090032,0.117428,1.198500,0.211322,0.000000,5.985949,-1.000000,0,0,0.140000,0.140000,0.000000,0.000000,0.140000
28.704000,Descend,0.026465,0.032626,-5.986922,0.014310,0.015679,-0.005731,0.986502,0.118363,0.171103,0.918971,0.107657,0.189082,1.378964,0.157212,0.196839,1.090032,0.117428,0.018382,0.892506,0.075032,1.346461,0.117969,0.895654,1.351619,1.079175,0.094554,1.090032,0.117428,1.334500,0.211982,0.000000,5.986922,-1.000000,0,0,0.156000,0.156000,0.000000,0.000000,0.156000
28.712000,Descend,0.027060,0.033145,-5.987608,0.017283,0.016840,-0.009386,0.986502,0.118363,0.171103,0.918971,0.107657,0.189082,1.378964,0.157212,0.196839,1.090032,0.117428,0.018382,0.891911,0.074513,1.344611,0.116961,0.895018,1.349688,1.077802,0.093757,1.090032,0.117428,1.402500,0.211184,0.000000,5.987608,-1.000000,0,0,0.164000,0.164000,0.000000,0.000000,0.164000
28.712000,Descend,0.027060,0.033145,-5.987608,0.017283,0.016840,-0.009386,0.986502,0.118363,0.171103,0.918971,0.107657,0.189082,1.370244,0.156273,0.196691,1.090032,0.117428,0.018382,0.891911,0.074513,1.336029,0.116156,0.895018,1.341069,1.070950,0.093114,1.090032,0.117428,1.411000,0.210542,0.000000,5.987608,-1.000000,0,0,0.164000,0.164000,0.000000,0.000000,0.164000
28.732000,Descend,0.027060,0.033145,-5.987608,0.017283,0.016840,-0.009386,0.986502,0.118363,0.171103,0.918971,0.107657,0.189082,1.413845,0.160970,0.197427,1.090032,0.117428,0.018382,0.891911,0.074513,1.378939,0.120180,0.895018,1.384166,1.105554,0.096357,1.090032,0.117428,1.581000,0.213785,0.000000,5.987608,-1.000000,0,0,0.184000,0.184000,0.000000,0.000000,0.184000
28.744000,Descend,0.027696,0.033663,-5.988348,0.021414,0.018325,-0.014111,0.986502,0.118363,0.171103,0.918971,0.107657,0.189082,1.418205,0.161439,0.197500,1.090032,0.117428,0.018382,0.891275,0.073994,1.380702,0.119384,0.894341,1.385853,1.107130,0.095734,1.090032,0.117428,1.683000,0.213162,0.000000,5.988348,-1.000000,0,0,0.196000,0.196000,0.000000,0.000000,0.196000
28.744000,Descend,0.027696,0.033663,-5.988348,0.021414,0.018325,-0.014111,0.986502,0.118363,0.171103,0.918971,0.107657,0.189082,1.405125,0.160030,0.197280,1.090032,0.117428,0.018382,0.891275,0.073994,1.367878,0.118194,0.894341,1.372975,1.096884,0.094784,1.090032,0.117428,1.691500,0.212212,0.000000,5.988348,-1.000000,0,0,0.196000,0.196000,0.000000,0.000000,0.196000
28.744000,Descend,0.027696,0.033663,-5.988348,0.021414,0.018325,-0.014111,0.986502,0.118363,0.171103,0.918971,0.107657,0.189082,1.405125,0.160030,0.197280,1.090032,0.117428,0.018382,0.891275,0.073994,1.367878,0.118194,0.894341,1.372975,1.096898,0.094785,1.090032,0.117428,1.700000,0.212213,0.000000,5.988348,-1.000000,0,0,0.196000,0.196000,0.000000,0.000000,0.196000
28.744000,Descend,0.027696,0.033663,-5.988348,0.021414,0.018325,-0.014111,0.986502,0.118363,0.171103,0.918971,0.107657,0.189082,1.405125,0.160030,0.197280,1.090032,0.117428,0.018382,0.891275,0.073994,1.367878,0.118194,0.894341,1.372975,1.096912,0.094786,1.090032,0.117428,1.708500,0.212214,0.000000,5.988348,-1.000000,0,0,0.196000,0.196000,0.000000,0.000000,0.196000
28.744000,Descend,0.027696,0.033663,-5.988348,0.021414,0.018325,-0.014111,0.986502,0.118363,0.171103,0.918971,0.107657,0.189082,1.405125,0.160030,0.197280,1.090032,0.117428,0.018382,0.891275,0.073994,1.367878,0.118194,0.894341,1.372975,1.096925,0.094788,1.090032,0.117428,1.717000,0.212215,0.000000,5.988348,-1.000000,0,0,0.196000,0.196000,0.000000,0.000000,0.196000
28.744000,Descend,0.027696,0.033663,-5.988348,0.021414,0.018325,-0.014111,0.986502,0.118363,0.171103,0.918971,0.107657,0.189082,1.405125,0.160030,0.197280,1.090032,0.117428,0.018382,0.891275,0.073994,1.367878,0.118194,0.894341,1.372975,1.096939,0.094789,1.090032,0.117428,1.725500,0.212217,0.000000,5.988348,-1.000000,0,0,0.196000,0.196000,0.000000,0.000000,0.196000
28.764000,Descend,0.028779,0.034460,-5.989605,0.030323,0.021099,-0.022674,0.986502,0.118363,0.171103,0.918971,0.107657,0.189082,1.448726,0.164727,0.198015,1.090032,0.117428,0.018382,0.890192,0.073197,1.405211,0.120014,0.893197,1.410326,1.127086,0.096268,1.090032,0.117428,1.895500,0.213696,0.000000,5.989605,-1.000000,0,0,0.216000,0.216000,0.000000,0.000000,0.216000
28.780000,Descend,0.029607,0.035012,-5.990594,0.038502,0.023311,-0.029279,0.986502,0.118363,0.171103,0.918971,0.107657,0.189082,1.461807,0.166137,0.198236,1.090032,0.117428,0.018382,0.889364,0.072645,1.413026,0.119515,0.892326,1.418072,1.133565,0.095889,1.090032,0.117428,2.031500,0.213316,0.000000,5.990594,-1.000000,0,0,0.232000,0.232000,0.000000,0.000000,0.232000
28.780000,Descend,0.029607,0.035012,-5.990594,0.038502,0.023311,-0.029279,0.986502,0.118363,0.171103,0.918971,0.107657,0.189082,1.444366,0.164258,0.197941,1.090032,0.117428,0.018382,0.889364,0.072645,1.396202,0.118010,0.892326,1.401180,1.120119,0.094685,1.090032,0.117428,2.040000,0.212113,0.000000,5.990594,-1.000000,0,0,0.232000,0.232000,0.000000,0.000000,0.232000
28.800000,Descend,0.031097,0.035885,-5.992275,0.054310,0.027222,-0.040893,0.986502,0.118363,0.171103,0.918971,0.107657,0.189082,1.487967,0.168955,0.198677,1.090032,0.117428,0.018382,0.887874,0.071772,1.428521,0.118860,0.890770,1.433457,1.146260,0.095389,1.090032,0.117428,2.210000,0.212817,0.000000,5.992275,-1.000000,0,0,0.252000,0.252000,0.000000,0.000000,0.252000
28.812000,Descend,0.032299,0.036498,-5.993561,0.067668,0.030103,-0.049703,0.986502,0.118363,0.171103,0.918971,0.107657,0.189082,1.492328,0.169425,0.198750,1.090032,0.117428,0.018382,0.886672,0.071159,1.424436,0.117092,0.889523,1.429240,1.143163,0.093989,1.090032,0.117428,2.233195,0.211417,0.000000,5.993561,-1.000000,0,0,0.264000,0.264000,0.000000,0.000000,0.264000
28.812000,Descend,0.032299,0.036498,-5.993561,0.067668,0.030103,-0.049703,0.986502,0.118363,0.171103,0.918971,0.107657,0.189082,1.479247,0.168015,0.198530,1.090032,0.117428,0.018382,0.886672,0.071159,1.412167,0.116044,0.889523,1.416927,1.133362,0.093152,1.090032,0.117428,2.224695,0.210580,0.000000,5.993561,-1.000000,0,0,0.264000,0.264000,0.000000,0.000000,0.264000
28.828000,Descend,0.032299,0.036498,-5.993561,0.067668,0.030103,-0.049703,0.986502,0.118363,0.171103,0.918971,0.107657,0.189082,1.514128,0.171773,0.199118,1.090032,0.117428,0.018382,0.886672,0.071159,1.444883,0.118839,0.889523,1.449762,1.159766,0.095406,1.090032,0.117428,2.249798,0.212834,0.000000,5.993561,-1.000000,0,0,0.280000,0.280000,0.000000,0.000000,0.280000
28.844000,Descend,0.033710,0.037152,-5.995016,0.083420,0.033296,-0.059743,0.986502,0.118363,0.171103,0.918971,0.107657,0.189082,1.531569,0.173652,0.199412,1.090032,0.117428,0.018382,0.885261,0.070505,1.450977,0.117787,0.888064,1.455750,1.164874,0.094584,1.090032,0.117428,2.254906,0.212012,0.000000,5.995016,-1.000000,0,0,0.296000,0.296000,0.000000,0.000000,0.296000
28.844000,Descend,0.033710,0.037152,-5.995016,0.083420,0.033296,-0.059743,0.986502,0.118363,0.171103,0.918971,0.107657,0.189082,1.514128,0.171773,0.199118,1.090032,0.117428,0.018382,0.885261,0.070505,1.434871,0.116441,0.888064,1.439588,1.152003,0.093509,1.090032,0.117428,2.246406,0.210936,0.000000,5.995016,-1.000000,0,0,0.296000,0.296000,0.000000,0.000000,0.296000
28.844000,Descend,0.033710,0.037152,-5.995016,0.083420,0.033296,-0.059743,0.986502,0.118363,0.171103,0.918971,0.107657,0.189082,1.514128,0.171773,0.199118,1.090032,0.117428,0.018382,0.885261,0.070505,1.434871,0.116441,0.888064,1.439588,1.152017,0.093510,1.090032,0.117428,2.242049,0.210938,0.000000,5.995016,-1.000000,0,0,0.296000,0.296000,0.000000,0.000000,0.296000
28.852000,Descend,0.033710,0.037152,-5.995016,0.083420,0.033296,-0.059743,0.986502,0.118363,0.171103,0.918971,0.107657,0.189082,1.531569,0.173652,0.199412,1.090032,0.117428,0.018382,0.885261,0.070505,1.450977,0.117787,0.888064,1.455750,1.165018,0.094596,1.090032,0.117428,2.255050,0.212024,0.000000,5.995016,-1.000000,0,0,0.304000,0.304000,0.000000,0.000000,0.304000
28.872000,Descend,0.036314,0.038216,-5.997524,0.111886,0.038163,-0.075884,0.986502,0.118363,0.171103,0.918971,0.107657,0.189082,1.557729,0.176470,0.199853,1.090032,0.117428,0.018382,0.882657,0.069442,1.455851,0.115891,0.885385,1.460456,1.169150,0.093097,1.090032,0.117428,2.259182,0.210525,0.000000,5.997524,-1.000000,0,0,0.320000,0.320000,0.000000,0.004000,0.324000
28.876000,Descend,0.038480,0.038979,-5.999429,0.134270,0.041699,-0.086457,0.986502,0.118363,0.171103,0.918971,0.107657,0.189082,1.557729,0.176470,0.199853,1.090032,0.117428,0.018382,0.880491,0.068678,1.440567,0.113055,0.883165,1.444997,1.157039,0.090838,1.090032,0.117428,2.247071,0.208266,0.000000,5.999429,-1.000000,0,0,0.328000,0.328000,0.000000,0.000000,0.328000
28.880000,Descend,0.038480,0.038979,-5.999429,0.134270,0.041699,-0.086457,0.986502,0.118363,0.171103,0.918971,0.107657,0.189082,1.557729,0.176470,0.199853,1.090032,0.117428,0.018382,0.880491,0.068678,1.440567,0.113055,0.883165,1.444997,1.157096,0.090843,1.090032,0.117428,2.247128,0.208270,0.000000,5.999429,-1.000000,0,0,0.332000,0.332000,0.000000,0.000000,0.332000
28.904000,Descend,0.041038,0.039792,-6.001517,0.159239,0.045367,-0.096009,0.986502,0.118363,0.171103,0.918971,0.107657,0.189082,1.596971,0.180698,0.200515,1.090032,0.117428,0.018382,0.877933,0.067865,1.456886,0.112687,0.880552,1.461238,1.170443,0.090570,1.090032,0.117428,2.260475,0.207998,0.000000,6.001517,-1.000000,0,0,0.352000,0.352000,0.000000,0.000000,0.352000
28.912000,Descend,0.045848,0.041102,-6.005109,0.201470,0.050971,-0.107227,0.986502,0.118363,0.171103,0.918971,0.107657,0.189082,1.601331,0.181167,0.200588,1.090032,0.117428,0.018382,0.873123,0.066556,1.429362,0.108158,0.875656,1.433448,1.148595,0.086960,1.090032,0.117428,2.238627,0.204388,0.000000,6.005109,-1.000000,0,0,0.364000,0.364000,0.000000,0.000000,0.364000
28.912000,Descend,0.045848,0.041102,-6.005109,0.201470,0.050971,-0.107227,0.986502,0.118363,0.171103,0.918971,0.107657,0.189082,1.588250,0.179758,0.200368,1.090032,0.117428,0.018382,0.873123,0.066556,1.418700,0.107360,0.875656,1.422756,1.140079,0.086323,1.090032,0.117428,2.230127,0.203751,0.000000,6.005109,-1.000000,0,0,0.364000,0.364000,0.000000,0.000000,0.364000
28.924000,Descend,0.045848,0.041102,-6.005109,0.201470,0.050971,-0.107227,0.986502,0.118363,0.171103,0.918971,0.107657,0.189082,1.614411,0.182576,0.200809,1.090032,0.117428,0.018382,0.873123,0.066556,1.440025,0.108955,0.875656,1.444141,1.157312,0.087612,1.090032,0.117428,2.247344,0.205040,0.000000,6.005109,-1.000000,0,0,0.376000,0.376000,0.000000,0.000000,0.376000
28.940000,Descend,0.051802,0.042494,-6.008928,0.248938,0.056614,-0.113821,0.986502,0.118363,0.171103,0.918971,0.107657,0.189082,1.636212,0.184925,0.201177,1.090032,0.117428,0.018382,0.867169,0.065164,1.420609,0.105179,0.869613,1.424497,1.142007,0.084608,1.090032,0.117428,2.232038,0.202036,0.000000,6.008928,-1.000000,0,0,0.392000,0.392000,0.000000,0.000000,0.392000
28.944000,Descend,0.051802,0.042494,-6.008928,0.248938,0.056614,-0.113821,0.986502,0.118363,0.171103,0.918971,0.107657,0.189082,1.627492,0.183986,0.201030,1.090032,0.117428,0.018382,0.867169,0.065164,1.413880,0.104693,0.869613,1.417751,1.136680,0.084223,1.090032,0.117428,2.226712,0.201651,0.000000,6.008928,-1.000000,0,0,0.396000,0.396000,0.000000,0.000000,0.396000
28.944000,Descend,0.056419,0.043488,-6.011508,0.282966,0.060416,-0.115779,0.986502,0.118363,0.171103,0.918971,0.107657,0.189082,1.623132,0.183516,0.200956,1.090032,0.117428,0.018382,0.862551,0.064169,1.383916,0.100999,0.864935,1.387597,1.112723,0.081269,1.090032,0.117428,2.218212,0.198697,0.000000,6.011508,-1.000000,0,0,0.396000,0.396000,0.000000,0.000000,0.396000
28.972000,Descend,0.056419,0.043488,-6.011508,0.282966,0.060416,-0.115779,0.986502,0.118363,0.171103,0.918971,0.107657,0.189082,1.675453,0.189152,0.201838,1.090032,0.117428,0.018382,0.862551,0.064169,1.422655,0.103736,0.864935,1.426432,1.144056,0.083483,1.090032,0.117428,2.234088,0.200911,0.000000,6.011508,-1.000000,0,0,0.420000,0.420000,0.004000,0.000000,0.424000
28.976000,Descend,0.064681,0.045051,-6.015519,0.337552,0.066139,-0.115220,0.986502,0.118363,0.171103,0.918971,0.107657,0.189082,1.666733,0.188213,0.201691,1.090032,0.117428,0.018382,0.854290,0.062607,1.370492,0.097791,0.856581,1.373976,1.102434,0.078736,1.090032,0.117428,2.192466,0.196163,0.000000,6.015519,-1.000000,0,0,0.428000,0.428000,0.000000,0.000000,0.428000
28.992000,Descend,0.064681,0.045051,-6.015519,0.337552,0.066139,-0.115220,0.986502,0.118363,0.171103,0.918971,0.107657,0.189082,1.692894,0.191031,0.202132,1.090032,0.117428,0.018382,0.854290,0.062607,1.388551,0.099022,0.856581,1.392077,1.117104,0.079736,1.090032,0.117428,2.207136,0.197164,0.000000,6.015519,-1.000000,0,0,0.444000,0.444000,0.000000,0.000000,0.444000
29.008000,Descend,0.074370,0.046729,-6.019440,0.395502,0.071889,-0.110972,0.986502,0.118363,0.171103,0.918971,0.107657,0.189082,1.710334,0.192910,0.202427,1.090032,0.117428,0.018382,0.844601,0.060928,1.348830,0.093990,0.846796,1.352101,1.085543,0.075725,1.090032,0.117428,2.175575,0.193153,0.000000,6.019440,-1.000000,0,0,0.460000,0.460000,0.000000,0.000000,0.460000
29.016000,Descend,0.074370,0.046729,-6.019440,0.395502,0.071889,-0.110972,0.986502,0.118363,0.171103,0.918971,0.107657,0.189082,1.692894,0.191031,0.202132,1.090032,0.117428,0.018382,0.844601,0.060928,1.337718,0.093261,0.846796,1.340965,1.076666,0.075143,1.090032,0.117428,2.167075,0.192571,0.000000,6.019440,-1.000000,0,0,0.460000,0.460000,0.000000,0.000000,0.460000
29.032000,Descend,0.081750,0.047912,-6.021996,0.435754,0.075675,-0.106546,0.986502,0.118363,0.171103,0.918971,0.107657,0.189082,1.736495,0.195728,0.202868,1.090032,0.117428,0.018382,0.837221,0.059746,1.327929,0.091060,0.839350,1.331047,1.069154,0.073404,1.090032,0.117428,2.159186,0.190832,0.000000,6.021996,-1.000000,0,0,0.484000,0.484000,0.000000,0.000000,0.484000
29.044000,Descend,0.094319,0.049786,-6.025640,0.498194,0.081268,-0.098175,0.986502,0.118363,0.171103,0.918971,0.107657,0.189082,1.736495,0.195728,0.202868,1.090032,0.117428,0.018382,0.824651,0.057871,1.268530,0.084991,0.826680,1.271374,1.021788,0.068559,1.090032,0.117428,2.111820,0.185987,0.000000,6.025640,-1.000000,0,0,0.496000,0.496000,0.000000,0.000000,0.496000
29.060000,Descend,0.103603,0.051101,-6.027898,0.540731,0.084934,-0.091633,0.986502,0.118363,0.171103,0.918971,0.107657,0.189082,1.736495,0.195728,0.202868,1.090032,0.117428,0.018382,0.815367,0.056557,1.227343,0.080927,0.817326,1.230008,0.989034,0.065321,1.090032,0.117428,2.079066,0.182749,0.000000,6.027898,-1.000000,0,0,0.512000,0.512000,0.000000,0.000000,0.512000
29.076000,Descend,0.113928,0.052420,-6.030046,0.584103,0.088518,-0.084526,0.986502,0.118363,0.171103,0.918971,0.107657,0.189082,1.736495,0.195728,0.202868,1.090032,0.117428,0.018382,0.805043,0.055238,1.184490,0.076920,0.806935,1.186985,0.954941,0.062128,1.090032,0.117428,2.044973,0.179555,0.000000,6.030046,-1.000000,0,0,0.528000,0.528000,0.000000,0.000000,0.528000
29.080000,Descend,0.113928,0.052420,-6.030046,0.584103,0.088518,-0.084526,0.986502,0.118363,0.171103,0.918971,0.107657,0.189082,1.736495,0.195728,0.202868,1.090032,0.117428,0.018382,0.805043,0.055238,1.184490,0.076920,0.806935,1.186985,0.954988,0.062131,1.090032,0.117428,2.045020,0.179558,0.000000,6.030046,-1.000000,0,0,0.532000,0.532000,0.000000,0.000000,0.532000
29.104000,Descend,0.130747,0.054499,-6.032988,0.649676,0.093659,-0.072988,0.986502,0.118363,0.171103,0.918971,0.107657,0.189082,1.736495,0.195728,0.202868,1.090032,0.117428,0.018382,0.788223,0.053158,1.118490,0.070985,0.790014,1.120740,0.902457,0.057400,1.090032,0.117428,1.992489,0.174827,0.000000,6.032988,-1.000000,0,0,0.556000,0.556000,0.000000,0.000000,0.556000
29.108000,Descend,0.130747,0.054499,-6.032988,0.649676,0.093659,-0.072988,0.986502,0.118363,0.171103,0.918971,0.107657,0.189082,1.736495,0.195728,0.202868,1.090032,0.117428,0.018382,0.788223,0.053158,1.118490,0.070985,0.790014,1.120740,0.902502,0.057403,1.090032,0.117428,1.992534,0.174830,0.000000,6.032988,-1.000000,0,0,0.560000,0.560000,0.000000,0.000000,0.560000
29.116000,Descend,0.130747,0.054499,-6.032988,0.649676,0.093659,-0.072988,0.986502,0.118363,0.171103,0.918971,0.107657,0.189082,1.736495,0.195728,0.202868,1.090032,0.117428,0.018382,0.788223,0.053158,1.118490,0.070985,0.790014,1.120740,0.902591,0.057408,1.090032,0.117428,1.992623,0.174836,0.000000,6.032988,-1.000000,0,0,0.568000,0.568000,0.000000,0.000000,0.568000
29.136000,Descend,0.163076,0.057994,-6.037040,0.759881,0.101312,-0.052370,0.986502,0.118363,0.171103,0.918971,0.107657,0.189082,1.736495,0.195728,0.202868,1.090032,0.117428,0.018382,0.755895,0.049664,1.003508,0.061750,0.757525,1.005406,0.810806,0.050033,1.090032,0.117428,1.900838,0.167461,0.000000,6.037040,-1.000000,0,0,0.588000,0.588000,0.000000,0.000000,0.588000
29.140000,Descend,0.163076,0.057994,-6.037040,0.759881,0.101312,-0.052370,0.986502,0.118363,0.171103,0.918971,0.107657,0.189082,1.736495,0.195728,0.202868,1.090032,0.117428,0.018382,0.755895,0.049664,1.003508,0.061750,0.757525,1.005406,0.810847,0.050035,1.090032,0.117428,1.900879,0.167463,0.000000,6.037040,-1.000000,0,0,0.592000,0.592000,0.000000,0.000000,0.592000
29.156000,Descend,0.184931,0.060151,-6.038947,0.825556,0.105193,-0.040092,0.986502,0.118363,0.171103,0.918971,0.107657,0.189082,1.736495,0.195728,0.202868,1.090032,0.117428,0.018382,0.734040,0.047507,0.932396,0.056683,0.735575,0.934118,0.754106,0.045991,1.090032,0.117428,1.844138,0.163419,0.000000,6.038947,-1.000000,0,0,0.608000,0.608000,0.000000,0.000000,0.608000
29.176000,Descend,0.200554,0.061587,-6.039998,0.868810,0.107467,-0.032263,0.986502,0.118363,0.171103,0.918971,0.107657,0.189082,1.736495,0.195728,0.202868,1.090032,0.117428,0.018382,0.718416,0.046070,0.884332,0.053541,0.719892,0.885952,0.715832,0.043488,1.090032,0.117428,1.805864,0.160915,0.000000,6.039998,-1.000000,0,0,0.628000,0.628000,0.000000,0.000000,0.628000
29.176000,Descend,0.200554,0.061587,-6.039998,0.868810,0.107467,-0.032263,0.986502,0.118363,0.171103,0.918971,0.107657,0.189082,1.736495,0.195728,0.202868,1.090032,0.117428,0.018382,0.718416,0.046070,0.884332,0.053541,0.719892,0.885952,0.715841,0.043488,1.090032,0.117428,1.805873,0.160916,0.000000,6.039998,-1.000000,0,0,0.628000,0.628000,0.000000,0.000000,0.628000
29.192000,Descend,0.200554,0.061587,-6.039998,0.868810,0.107467,-0.032263,0.986502,0.118363,0.171103,0.918971,0.107657,0.189082,1.736495,0.195728,0.202868,1.090032,0.117428,0.018382,0.718416,0.046070,0.884332,0.053541,0.719892,0.885952,0.715982,0.043497,1.090032,0.117428,1.806015,0.160925,0.000000,6.039998,-1.000000,0,0,0.644000,0.644000,0.000000,0.000000,0.644000
29.208000,Descend,0.225564,0.063710,-6.041249,0.932750,0.110293,-0.020878,0.986502,0.118363,0.171103,0.918971,0.107657,0.189082,1.736495,0.195728,0.202868,1.090032,0.117428,0.018382,0.693407,0.043947,0.811368,0.049299,0.694798,0.812865,0.657741,0.040103,1.090032,0.117428,1.747773,0.157531,0.000000,6.041249,-1.000000,0,0,0.660000,0.660000,0.000000,0.000000,0.660000
29.208000,Descend,0.225564,0.063710,-6.041249,0.932750,0.110293,-0.020878,0.986502,0.118363,0.171103,0.918971,0.107657,0.189082,1.736495,0.195728,0.202868,1.090032,0.117428,0.018382,0.693407,0.043947,0.811368,0.049299,0.694798,0.812865,0.657749,0.040103,1.090032,0.117428,1.747781,0.157531,0.000000,6.041249,-1.000000,0,0,0.660000,0.660000,0.000000,0.000000,0.660000
29.220000,Descend,0.243107,0.065126,-6.041891,0.974275,0.111803,-0.013744,0.986502,0.118363,0.171103,0.918971,0.107657,0.189082,1.736495,0.195728,0.202868,1.090032,0.117428,0.018382,0.675864,0.042531,0.762682,0.046750,0.677201,0.764113,0.618891,0.038064,1.090032,0.117428,1.708923,0.155492,0.000000,6.041891,-1.000000,0,0,0.672000,0.672000,0.000000,0.000000,0.672000
29.236000,Descend,0.271075,0.067223,-6.042502,1.034991,0.113243,-0.004009,0.986502,0.118363,0.171103,0.918971,0.107657,0.189082,1.736495,0.195728,0.202868,1.090032,0.117428,0.018382,0.647896,0.040435,0.689176,0.043573,0.649156,0.690552,0.560197,0.035523,1.090032,0.117428,1.650229,0.152950,0.000000,6.042502,-1.000000,0,0,0.688000,0.688000,0.000000,0.000000,0.688000
29.240000,Descend,0.271075,0.067223,-6.042502,1.034991,0.113243,-0.004009,0.986502,0.118363,0.171103,0.918971,0.107657,0.189082,1.736495,0.195728,0.202868,1.090032,0.117428,0.018382,0.647896,0.040435,0.689176,0.043573,0.649156,0.690552,0.560225,0.035523,1.090032,0.117428,1.650257,0.152950,0.000000,6.042502,-1.000000,0,0,0.692000,0.692000,0.000000,0.000000,0.692000
29.256000,Descend,0.290379,0.068630,-6.042765,1.073879,0.113973,0.001804,0.986502,0.118363,0.171103,0.918971,0.107657,0.189082,1.736495,0.195728,0.202868,1.090032,0.117428,0.018382,0.628592,0.039028,0.640707,0.041619,0.629803,0.642058,0.521552,0.033959,1.090032,0.117428,1.611584,0.151387,0.000000,6.042765,-1.000000,0,0,0.708000,0.708000,0.000000,0.000000,0.708000
29.272000,Descend,0.290379,0.068630,-6.042765,1.073879,0.113973,0.001804,0.986502,0.118363,0.171103,0.918971,0.107657,0.189082,1.736495,0.195728,0.202868,1.090032,0.117428,0.018382,0.628592,0.039028,0.640707,0.041619,0.629803,0.642058,0.521629,0.033959,1.090032,0.117428,1.611661,0.151387,0.000000,6.042765,-1.000000,0,0,0.720000,0.720000,0.004000,0.000000,0.724000
29.280000,Descend,0.310631,0.069956,-6.042879,1.111781,0.114123,0.007055,0.986502,0.118363,0.171103,0.918971,0.107657,0.189082,1.736495,0.195728,0.202868,1.090032,0.117428,0.018382,0.608340,0.037702,0.592029,0.040181,0.609507,0.593391,0.482757,0.032809,1.090032,0.117428,1.572789,0.150236,0.000000,6.042879,-1.000000,0,0,0.732000,0.732000,0.000000,0.000000,0.732000
29.300000,Descend,0.342104,0.071890,-6.042904,1.166129,0.113866,0.013819,0.986502,0.118363,0.171103,0.918971,0.107657,0.189082,1.736495,0.195728,0.202868,1.090032,0.117428,0.018382,0.576867,0.035768,0.519794,0.038439,0.577974,0.521213,0.425073,0.031416,1.090032,0.117428,1.515105,0.148843,0.000000,6.042904,-1.000000,0,0,0.752000,0.752000,0.000000,0.000000,0.752000
29.308000,Descend,0.342104,0.071890,-6.042904,1.166129,0.113866,0.013819,0.986502,0.118363,0.171103,0.918971,0.107657,0.189082,1.736495,0.195728,0.202868,1.090032,0.117428,0.018382,0.576867,0.035768,0.519794,0.038439,0.577974,0.521213,0.425115,0.031416,1.090032,0.117428,1.515147,0.148843,0.000000,6.042904,-1.000000,0,0,0.760000,0.760000,0.000000,0.000000,0.760000
29.320000,Descend,0.363917,0.073105,-6.042813,1.200580,0.113222,0.017599,0.986502,0.118363,0.171103,0.918971,0.107657,0.189082,1.736495,0.195728,0.202868,1.090032,0.117428,0.018382,0.555053,0.034552,0.472142,0.037706,0.556128,0.473645,0.387050,0.030829,1.090032,0.117428,1.477082,0.148257,0.000000,6.042813,-1.000000,0,0,0.772000,0.772000,0.000000,0.000000,0.772000
29.340000,Descend,0.397742,0.074819,-6.042576,1.249430,0.111588,0.022112,0.986502,0.118363,0.171103,0.918971,0.107657,0.189082,1.736495,0.195728,0.202868,1.090032,0.117428,0.018382,0.521229,0.032838,0.401680,0.037218,0.522262,0.403401,0.330761,0.030438,1.090032,0.117428,1.420793,0.147866,0.000000,6.042576,-1.000000,0,0,0.792000,0.792000,0.000000,0.000000,0.792000
29.340000,Descend,0.397742,0.074819,-6.042576,1.249430,0.111588,0.022112,0.986502,0.118363,0.171103,0.918971,0.107657,0.189082,1.736495,0.195728,0.202868,1.090032,0.117428,0.018382,0.521229,0.032838,0.401680,0.037218,0.522262,0.403401,0.330765,0.030438,1.090032,0.117428,1.420797,0.147866,0.000000,6.042576,-1.000000,0,0,0.792000,0.792000,0.000000,0.000000,0.792000
29.340000,Descend,0.397742,0.074819,-6.042576,1.249430,0.111588,0.022112,0.986502,0.118363,0.171103,0.918971,0.107657,0.189082,1.736495,0.195728,0.202868,1.090032,0.117428,0.018382,0.521229,0.032838,0.401680,0.037218,0.522262,0.403401,0.330769,0.030438,1.090032,0.117428,1.420801,0.147866,0.000000,6.042576,-1.000000,0,0,0.792000,0.792000,0.000000,0.000000,0.792000
29.352000,Descend,0.420878,0.075897,-6.042346,1.280001,0.110211,0.024514,0.986502,0.118363,0.171103,0.918971,0.107657,0.189082,1.736495,0.195728,0.202868,1.090032,0.117428,0.018382,0.498093,0.031760,0.355616,0.037173,0.499104,0.357554,0.293961,0.030403,1.090032,0.117428,1.383992,0.147830,0.000000,6.042346,-1.000000,0,0,0.804000,0.804000,0.000000,0.000000,0.804000
29.368000,Descend,0.420878,0.075897,-6.042346,1.280001,0.110211,0.024514,0.986502,0.118363,0.171103,0.918971,0.107657,0.189082,1.736495,0.195728,0.202868,1.090032,0.117428,0.018382,0.498093,0.031760,0.355616,0.037173,0.499104,0.357554,0.294003,0.030403,1.090032,0.117428,1.384035,0.147830,0.000000,6.042346,-1.000000,0,0,0.816000,0.816000,0.004000,0.000000,0.820000
29.372000,Descend,0.456671,0.077339,-6.041952,1.322740,0.107469,0.027079,2.611187,0.184680,0.098062,2.479349,0.188456,0.177200,3.050116,0.211950,0.177462,2.212272,0.091062,0.001014,2.022678,0.111117,2.252178,0.106885,2.025728,2.254713,1.811432,0.086180,2.212272,0.091062,1.452035,0.177242,0.000000,6.041952,-1.000000,0,0,0.000000,0.000000,0.000000,0.000000,0.000000
29.380000,Descend,0.456671,0.077339,-6.041952,1.322740,0.107469,0.027079,2.611187,0.184680,0.098062,2.479349,0.188456,0.177200,3.067814,0.212679,0.177470,2.212272,0.091062,0.001014,2.022678,0.111117,2.259294,0.106753,2.025728,2.261814,1.817306,0.086084,2.212272,0.091062,1.520035,0.177146,0.000000,6.041952,-1.000000,0,0,0.008000,0.008000,0.000000,0.000000,0.008000
29.396000,Descend,0.481065,0.078193,-6.041656,1.349150,0.105391,0.028314,2.611187,0.184680,0.098062,2.479349,0.188456,0.177200,3.120908,0.214864,0.177494,2.212272,0.091062,0.001014,1.998284,0.110264,2.248590,0.106108,2.001324,2.251092,1.809103,0.085585,2.212272,0.091062,1.656035,0.176647,0.000000,6.041656,-1.000000,0,0,0.024000,0.024000,0.000000,0.000000,0.024000
29.404000,Descend,0.481065,0.078193,-6.041656,1.349150,0.105391,0.028314,2.611187,0.184680,0.098062,2.479349,0.188456,0.177200,3.120908,0.214864,0.177494,2.212272,0.091062,0.001014,1.998284,0.110264,2.248590,0.106108,2.001324,2.251092,1.809283,0.085593,2.212272,0.091062,1.724035,0.176655,0.000000,6.041656,-1.000000,0,0,0.032000,0.032000,0.000000,0.000000,0.032000
29.408000,Descend,0.481065,0.078193,-6.041656,1.349150,0.105391,0.028314,2.611187,0.184680,0.098062,2.479349,0.188456,0.177200,3.120908,0.214864,0.177494,2.212272,0.091062,0.001014,1.998284,0.110264,2.248590,0.106108,2.001324,2.251092,1.809373,0.085598,2.212272,0.091062,1.758035,0.176660,0.000000,6.041656,-1.000000,0,0,0.036000,0.036000,0.000000,0.000000,0.036000
29.428000,Descend,0.505879,0.078944,-6.041354,1.373770,0.103011,0.029234,2.611187,0.184680,0.098062,2.479349,0.188456,0.177200,3.200550,0.218143,0.177531,2.212272,0.091062,0.001014,1.973471,0.109512,2.246823,0.105617,1.976507,2.249304,1.808408,0.085225,2.212272,0.091062,1.928035,0.176288,0.000000,6.041354,-1.000000,0,0,0.056000,0.056000,0.000000,0.000000,0.056000
29.440000,Descend,0.543800,0.079864,-6.040910,1.407375,0.099060,0.029275,2.611187,0.184680,0.098062,2.479349,0.188456,0.177200,3.209399,0.218507,0.177535,2.212272,0.091062,0.001014,1.935549,0.108592,2.201165,0.105953,1.938593,2.203714,1.772146,0.085507,2.212272,0.091062,2.030035,0.176569,0.000000,6.040910,-1.000000,0,0,0.068000,0.068000,0.000000,0.000000,0.068000
29.440000,Descend,0.543800,0.079864,-6.040910,1.407375,0.099060,0.029275,2.611187,0.184680,0.098062,2.479349,0.188456,0.177200,3.182852,0.217414,0.177522,2.212272,0.091062,0.001014,1.935549,0.108592,2.191507,0.106049,1.938593,2.194071,1.764441,0.085585,2.212272,0.091062,2.038535,0.176647,0.000000,6.040910,-1.000000,0,0,0.068000,0.068000,0.000000,0.000000,0.068000
29.464000,Descend,0.569429,0.080369,-6.040618,1.427731,0.096248,0.028455,2.611187,0.184680,0.098062,2.479349,0.188456,0.177200,3.289041,0.221785,0.177571,2.212272,0.091062,0.001014,1.909920,0.108088,2.197062,0.106190,1.912976,2.199627,1.769413,0.085723,2.212272,0.091062,2.242535,0.176785,0.000000,6.040618,-1.000000,0,0,0.092000,0.092000,0.000000,0.000000,0.092000
29.472000,Descend,0.608545,0.080904,-6.040273,1.455359,0.091745,0.026021,2.611187,0.184680,0.098062,2.479349,0.188456,0.177200,3.271343,0.221057,0.177563,2.212272,0.091062,0.001014,1.870804,0.107553,2.141779,0.107308,1.873893,2.144465,1.725358,0.086627,2.212272,0.091062,2.310535,0.177689,0.000000,6.040273,-1.000000,0,0,0.100000,0.100000,0.000000,0.000000,0.100000
29.472000,Descend,0.608545,0.080904,-6.040273,1.455359,0.091745,0.026021,2.611187,0.184680,0.098062,2.479349,0.188456,0.177200,3.253644,0.220328,0.177555,2.212272,0.091062,0.001014,1.870804,0.107553,2.135724,0.107314,1.873893,2.138418,1.720535,0.086632,2.212272,0.091062,2.319035,0.177694,0.000000,6.040273,-1.000000,0,0,0.100000,0.100000,0.000000,0.000000,0.100000
29.484000,Descend,0.608545,0.080904,-6.040273,1.455359,0.091745,0.026021,2.611187,0.184680,0.098062,2.479349,0.188456,0.177200,3.306739,0.222514,0.177579,2.212272,0.091062,0.001014,1.870804,0.107553,2.153889,0.107298,1.873893,2.156560,1.735326,0.086632,2.212272,0.091062,2.421035,0.177694,0.000000,6.040273,-1.000000,0,0,0.112000,0.112000,0.000000,0.000000,0.112000
29.500000,Descend,0.634904,0.081154,-6.040090,1.472051,0.088751,0.023506,2.611187,0.184680,0.098062,2.479349,0.188456,0.177200,3.350984,0.224335,0.177599,2.212272,0.091062,0.001014,1.844446,0.107303,2.136092,0.108213,1.847564,2.138832,1.721430,0.087382,2.212272,0.091062,2.557035,0.178444,0.000000,6.040090,-1.000000,0,0,0.128000,0.128000,0.000000,0.000000,0.128000
29.504000,Descend,0.634904,0.081154,-6.040090,1.472051,0.088751,0.023506,2.611187,0.184680,0.098062,2.479349,0.188456,0.177200,3.333286,0.223606,0.177591,2.212272,0.091062,0.001014,1.844446,0.107303,2.130171,0.108195,1.847564,2.132917,1.716778,0.087371,2.212272,0.091062,2.591035,0.178433,0.000000,6.040090,-1.000000,0,0,0.132000,0.132000,0.000000,0.000000,0.132000
29.504000,Descend,0.634904,0.081154,-6.040090,1.472051,0.088751,0.023506,2.611187,0.184680,0.098062,2.479349,0.188456,0.177200,3.324437,0.223242,0.177587,2.212272,0.091062,0.001014,1.844446,0.107303,2.127210,0.108185,1.847564,2.129959,1.714431,0.087365,2.212272,0.091062,2.599535,0.178427,0.000000,6.040090,-1.000000,0,0,0.132000,0.132000,0.000000,0.000000,0.132000
29.528000,Descend,0.661482,0.081315,-6.039954,1.487736,0.085915,0.020764,2.611187,0.184680,0.098062,2.479349,0.188456,0.177200,3.430626,0.227613,0.177636,2.212272,0.091062,0.001014,1.817867,0.107142,2.129417,0.109355,1.821022,2.132224,1.716708,0.088327,2.212272,0.091062,2.803535,0.179389,0.000000,6.039954,-1.000000,0,0,0.156000,0.156000,0.000000,0.000000,0.156000
29.536000,Descend,0.715109,0.081407,-6.039883,1.517024,0.080403,0.012799,2.611187,0.184680,0.098062,2.479349,0.188456,0.177200,3.412928,0.226885,0.177628,2.212272,0.091062,0.001014,1.764240,0.107049,2.057635,0.111548,1.767485,2.060656,1.659446,0.090090,2.212272,0.091062,2.871535,0.181152,0.000000,6.039883,-1.000000,0,0,0.164000,0.164000,0.000000,0.000000,0.164000
29.536000,Descend,0.715109,0.081407,-6.039883,1.517024,0.080403,0.012799,2.611187,0.184680,0.098062,2.479349,0.188456,0.177200,3.395230,0.226156,0.177620,2.212272,0.091062,0.001014,1.764240,0.107049,2.052073,0.111462,1.767485,2.055098,1.655017,0.090023,2.212272,0.091062,2.880035,0.181085,0.000000,6.039883,-1.000000,0,0,0.164000,0.164000,0.000000,0.000000,0.164000
29.556000,Descend,0.742148,0.081345,-6.039964,1.531345,0.077959,0.007332,2.611187,0.184680,0.098062,2.479349,0.188456,0.177200,3.483721,0.229799,0.177660,2.212272,0.091062,0.001014,1.737201,0.107111,2.046342,0.113060,1.740500,2.049463,1.650842,0.091323,2.212272,0.091062,3.050035,0.182386,0.000000,6.039964,-1.000000,0,0,0.184000,0.184000,0.000000,0.000000,0.184000
29.572000,Descend,0.769364,0.081183,-6.040196,1.545880,0.075524,0.001148,2.611187,0.184680,0.098062,2.479349,0.188456,0.177200,3.510268,0.230891,0.177672,2.212272,0.091062,0.001014,1.709985,0.107273,2.020524,0.114514,1.713347,2.023766,1.630510,0.092505,2.212272,0.091062,3.186035,0.183567,0.000000,6.040196,-1.000000,0,0,0.200000,0.200000,0.000000,0.000000,0.200000
29.580000,Descend,0.769364,0.081183,-6.040196,1.545880,0.075524,0.001148,2.611187,0.184680,0.098062,2.479349,0.188456,0.177200,3.510268,0.230891,0.177672,2.212272,0.091062,0.001014,1.709985,0.107273,2.020524,0.114514,1.713347,2.023766,1.630672,0.092514,2.212272,0.091062,3.254035,0.183576,0.000000,6.040196,-1.000000,0,0,0.208000,0.208000,0.000000,0.000000,0.208000
29.592000,Descend,0.810446,0.080860,-6.040753,1.568769,0.072466,-0.010259,2.611187,0.184680,0.098062,2.479349,0.188456,0.177200,3.545664,0.232348,0.177689,2.212272,0.091062,0.001014,1.668903,0.107597,1.979072,0.116560,1.672368,1.982501,1.597748,0.094165,2.212272,0.091062,3.356035,0.185227,0.000000,6.040753,-1.000000,0,0,0.220000,0.220000,0.000000,0.000000,0.220000
29.604000,Descend,0.810446,0.080860,-6.040753,1.568769,0.072466,-0.010259,2.611187,0.184680,0.098062,2.479349,0.188456,0.177200,3.572212,0.233441,0.177701,2.212272,0.091062,0.001014,1.668903,0.107597,1.986794,0.116784,1.672368,1.990223,1.604164,0.094358,2.212272,0.091062,3.458035,0.185420,0.000000,6.040753,-1.000000,0,0,0.232000,0.232000,0.000000,0.000000,0.232000
29.608000,Descend,0.810446,0.080860,-6.040753,1.568769,0.072466,-0.010259,2.611187,0.184680,0.098062,2.479349,0.188456,0.177200,3.563363,0.233077,0.177697,2.212272,0.091062,0.001014,1.668903,0.107597,1.984220,0.116709,1.672368,1.987649,1.602184,0.094303,2.212272,0.091062,3.492035,0.185365,0.000000,6.040753,-1.000000,0,0,0.236000,0.236000,0.000000,0.000000,0.236000
29.624000,Descend,0.851902,0.080450,-6.041627,1.593953,0.070099,-0.023634,2.611187,0.184680,0.098062,2.479349,0.188456,0.177200,3.625306,0.235627,0.177725,2.212272,0.091062,0.001014,1.627447,0.108006,1.947736,0.118865,1.631027,1.951360,1.573309,0.096046,2.212272,0.091062,3.628035,0.187109,0.000000,6.041627,-1.000000,0,0,0.252000,0.252000,0.000000,0.000000,0.252000
29.636000,Descend,0.879805,0.080112,-6.042445,1.612431,0.068707,-0.033525,2.611187,0.184680,0.098062,2.479349,0.188456,0.177200,3.643004,0.236355,0.177733,2.212272,0.091062,0.001014,1.599544,0.108345,1.915060,0.120104,1.603209,1.918823,1.547398,0.097052,2.212272,0.091062,3.730035,0.188114,0.000000,6.042445,-1.000000,0,0,0.264000,0.264000,0.000000,0.000000,0.264000
29.636000,Descend,0.879805,0.080112,-6.042445,1.612431,0.068707,-0.033525,2.666316,0.094390,0.261224,2.818485,0.133556,0.199995,3.271896,0.124645,0.203804,1.813644,-0.035648,0.015235,1.938680,0.053445,1.988983,0.027356,1.939416,1.989171,1.606556,0.022854,1.813644,-0.035648,3.721535,0.179614,0.000000,6.042445,-1.000000,0,0,0.000000,0.000000,0.000000,0.000000,0.000000
29.652000,Descend,0.922098,0.079568,-6.043979,1.643298,0.067249,-0.049631,2.666316,0.094390,0.261224,2.818485,0.133556,0.199995,3.329933,0.123504,0.204291,1.813644,-0.035648,0.015235,1.896387,0.053988,1.944424,0.024971,1.897155,1.944585,1.571220,0.020946,1.813644,-0.035648,3.585535,0.043614,0.000000,6.043979,-1.000000,0,0,0.016000,0.016000,0.000000,0.000000,0.016000
29.668000,Descend,0.922098,0.079568,-6.043979,1.643298,0.067249,-0.049631,2.666316,0.094390,0.261224,2.818485,0.133556,0.199995,3.358951,0.122933,0.204535,1.813644,-0.035648,0.015235,1.896387,0.053988,1.947150,0.023325,1.897155,1.947289,1.573712,0.019629,1.813644,-0.035648,3.449535,-0.016018,0.000000,6.043979,-1.000000,0,0,0.032000,0.032000,0.000000,0.000000,0.032000
29.668000,Descend,0.922098,0.079568,-6.043979,1.643298,0.067249,-0.049631,2.675620,0.081786,0.282835,2.792571,0.107607,0.219101,3.209723,0.088293,0.225843,1.668610,-0.077255,0.026970,1.870472,0.028039,1.876800,-0.008087,1.870682,1.876818,1.517452,-0.005501,1.668610,-0.077255,3.441035,-0.024518,0.000000,6.043979,-1.000000,0,0,0.000000,0.000000,0.000000,0.000000,0.000000
29.680000,Descend,0.950655,0.079180,-6.045254,1.666299,0.066594,-0.060811,2.675620,0.081786,0.282835,2.792571,0.107607,0.219101,3.249770,0.086439,0.226490,1.668610,-0.077255,0.026970,1.841916,0.028427,1.842549,-0.010988,1.842135,1.842582,1.490272,-0.007821,1.668610,-0.077255,3.339035,-0.085076,0.000000,6.045254,-1.000000,0,0,0.012000,0.012000,0.000000,0.000000,0.012000
29.696000,Descend,0.994127,0.078618,-6.047558,1.704937,0.066189,-0.078282,2.675620,0.081786,0.282835,2.792571,0.107607,0.219101,3.283142,0.084894,0.227030,1.668610,-0.077255,0.026970,1.798444,0.028989,1.787764,-0.013184,1.798678,1.787813,1.446730,-0.009578,1.668610,-0.077255,3.203035,-0.086833,0.000000,6.047558,-1.000000,0,0,0.028000,0.028000,0.000000,0.000000,0.028000
29.704000,Descend,0.994127,0.078618,-6.047558,1.704937,0.066189,-0.078282,2.675620,0.081786,0.282835,2.792571,0.107607,0.219101,3.283142,0.084894,0.227030,1.668610,-0.077255,0.026970,1.798444,0.028989,1.787764,-0.013184,1.798678,1.787813,1.446873,-0.009578,1.668610,-0.077255,3.135035,-0.086833,0.000000,6.047558,-1.000000,0,0,0.036000,0.036000,0.000000,0.000000,0.036000
29.716000,Descend,1.030480,0.078539,-6.049678,1.740540,0.067002,-0.089229,2.675620,0.081786,0.282835,2.792571,0.107607,0.219101,3.309840,0.083658,0.227461,1.668610,-0.077255,0.026970,1.762091,0.029067,1.739792,-0.015652,1.762330,1.739863,1.408704,-0.011553,1.668610,-0.077255,3.077314,-0.088807,0.000000,6.049678,-1.000000,0,0,0.048000,0.048000,0.000000,0.000000,0.048000
29.736000,Descend,1.030480,0.078539,-6.049678,1.740540,0.067002,-0.089229,2.675620,0.081786,0.282835,2.792571,0.107607,0.219101,3.356561,0.081495,0.228217,1.668610,-0.077255,0.026970,1.762091,0.029067,1.737778,-0.019691,1.762330,1.737890,1.407440,-0.014784,1.668610,-0.077255,3.076050,-0.092039,0.000000,6.049678,-1.000000,0,0,0.068000,0.068000,0.000000,0.000000,0.068000
29.736000,Descend,1.075678,0.078109,-6.052677,1.786177,0.067275,-0.094624,2.697529,0.069138,0.305689,2.828086,0.087378,0.238548,3.209319,0.061587,0.248071,1.524930,-0.103160,0.038092,1.752409,0.009268,1.687097,-0.033340,1.752433,1.687426,1.366912,-0.025703,1.524930,-0.103160,3.067550,-0.100539,0.000000,6.052677,-1.000000,0,0,0.000000,0.000000,0.000000,0.000000,0.000000
29.748000,Descend,1.075678,0.078109,-6.052677,1.786177,0.067275,-0.094624,2.697529,0.069138,0.305689,2.828086,0.087378,0.238548,3.245917,0.059112,0.248985,1.524930,-0.103160,0.038092,1.752409,0.009268,1.680827,-0.037431,1.752433,1.681243,1.362098,-0.028976,1.524930,-0.103160,2.965550,-0.132136,0.000000,6.052677,-1.000000,0,0,0.012000,0.012000,0.000000,0.000000,0.012000
29.768000,Descend,1.121951,0.077755,-6.055727,1.834424,0.067461,-0.091900,2.697529,0.069138,0.305689,2.828086,0.087378,0.238548,3.288615,0.056223,0.250052,1.524930,-0.103160,0.038092,1.706136,0.009623,1.612669,-0.041905,1.706163,1.613213,1.307894,-0.032555,1.524930,-0.103160,2.832824,-0.135715,0.000000,6.055727,-1.000000,0,0,0.032000,0.032000,0.000000,0.000000,0.032000
29.768000,Descend,1.121951,0.077755,-6.055727,1.834424,0.067461,-0.091900,2.697529,0.069138,0.305689,2.828086,0.087378,0.238548,3.258116,0.058286,0.249290,1.524930,-0.103160,0.038092,1.706136,0.009623,1.618858,-0.038492,1.706163,1.619316,1.312862,-0.029825,1.524930,-0.103160,2.837792,-0.132985,0.000000,6.055727,-1.000000,0,0,0.032000,0.032000,0.000000,0.000000,0.032000
29.784000,Descend,1.153390,0.077558,-6.057686,1.867862,0.067361,-0.086990,2.697529,0.069138,0.305689,2.828086,0.087378,0.238548,3.294715,0.055810,0.250204,1.524930,-0.103160,0.038092,1.674696,0.009819,1.569758,-0.042360,1.674724,1.570330,1.273770,-0.032919,1.524930,-0.103160,2.798700,-0.136079,0.000000,6.057686,-1.000000,0,0,0.044000,0.044000,0.000000,0.004000,0.048000
29.800000,Descend,1.185382,0.077401,-6.059553,1.901963,0.067017,-0.080204,2.697529,0.069138,0.305689,2.828086,0.087378,0.238548,3.337413,0.052922,0.251271,1.524930,-0.103160,0.038092,1.642704,0.009977,1.516775,-0.046862,1.642734,1.517499,1.231687,-0.036521,1.524930,-0.103160,2.756617,-0.139681,0.000000,6.059553,-1.000000,0,0,0.064000,0.064000,0.000000,0.000000,0.064000
29.800000,Descend,1.185382,0.077401,-6.059553,1.901963,0.067017,-0.080204,2.697529,0.069138,0.305689,2.828086,0.087378,0.238548,3.306914,0.054985,0.250509,1.524930,-0.103160,0.038092,1.642704,0.009977,1.524315,-0.043459,1.642734,1.524935,1.237734,-0.033798,1.524930,-0.103160,2.762664,-0.136958,0.000000,6.059553,-1.000000,0,0,0.064000,0.064000,0.000000,0.000000,0.064000
29.820000,Descend,1.234382,0.077227,-6.062116,1.953924,0.066014,-0.067770,2.697529,0.069138,0.305689,2.828086,0.087378,0.238548,3.355712,0.051684,0.251728,1.524930,-0.103160,0.038092,1.593704,0.010151,1.445272,-0.048383,1.593737,1.446082,1.174731,-0.037738,1.524930,-0.103160,2.699661,-0.140898,0.000000,6.062116,-1.000000,0,0,0.080000,0.080000,0.000000,0.004000,0.084000
29.836000,Descend,1.267868,0.077165,-6.063680,1.988871,0.064996,-0.058724,2.697529,0.069138,0.305689,2.828086,0.087378,0.238548,3.392310,0.049208,0.252642,1.524930,-0.103160,0.038092,1.560218,0.010212,1.388560,-0.052005,1.560251,1.389533,1.129639,-0.040646,1.524930,-0.103160,2.654569,-0.143806,0.000000,6.063680,-1.000000,0,0,0.100000,0.100000,0.000000,0.000000,0.100000
29.848000,Descend,1.267868,0.077165,-6.063680,1.988871,0.064996,-0.058724,2.697529,0.069138,0.305689,2.828086,0.087378,0.238548,3.398410,0.048796,0.252794,1.524930,-0.103160,0.038092,1.560218,0.010212,1.386704,-0.052678,1.560251,1.387704,1.128321,-0.041190,1.524930,-0.103160,2.653251,-0.144350,0.000000,6.063680,-1.000000,0,0,0.112000,0.112000,0.000000,0.000000,0.112000
29.868000,Descend,1.319096,0.077117,-6.065703,2.041210,0.063104,-0.045076,2.697529,0.069138,0.305689,2.828086,0.087378,0.238548,3.441108,0.045907,0.253861,1.524930,-0.103160,0.038092,1.508991,0.010261,1.301446,-0.056577,1.509025,1.302675,1.060374,-0.044321,1.524930,-0.103160,2.585304,-0.147481,0.000000,6.065703,-1.000000,0,0,0.132000,0.132000,0.000000,0.000000,0.132000
29.868000,Descend,1.319096,0.077117,-6.065703,2.041210,0.063104,-0.045076,2.697529,0.069138,0.305689,2.828086,0.087378,0.238548,3.410609,0.047970,0.253099,1.524930,-0.103160,0.038092,1.508991,0.010261,1.311772,-0.053252,1.509025,1.312852,1.068648,-0.041661,1.524930,-0.103160,2.593578,-0.144822,0.000000,6.065703,-1.000000,0,0,0.132000,0.132000,0.000000,0.000000,0.132000
29.888000,Descend,1.372099,0.076989,-6.067446,2.093128,0.060383,-0.032223,2.697529,0.069138,0.305689,2.828086,0.087378,0.238548,3.471607,0.043844,0.254623,1.524930,-0.103160,0.038092,1.455987,0.010388,1.216208,-0.058627,1.456024,1.217620,0.992440,-0.045973,1.524930,-0.103160,2.517370,-0.149133,0.000000,6.067446,-1.000000,0,0,0.152000,0.152000,0.000000,0.000000,0.152000
29.900000,Descend,1.408053,0.076985,-6.068356,2.126978,0.058225,-0.024168,2.697529,0.069138,0.305689,2.828086,0.087378,0.238548,3.477706,0.043431,0.254775,1.524930,-0.103160,0.038092,1.420033,0.010393,1.163561,-0.058358,1.420071,1.165024,0.950463,-0.045764,1.524930,-0.103160,2.475393,-0.148925,0.000000,6.068356,-1.000000,0,0,0.164000,0.164000,0.000000,0.000000,0.164000
29.900000,Descend,1.408053,0.076985,-6.068356,2.126978,0.058225,-0.024168,2.697529,0.069138,0.305689,2.828086,0.087378,0.238548,3.459407,0.044669,0.254318,1.524930,-0.103160,0.038092,1.420033,0.010393,1.170786,-0.056421,1.420071,1.172144,0.956254,-0.044216,1.524930,-0.103160,2.481184,-0.147376,0.000000,6.068356,-1.000000,0,0,0.164000,0.164000,0.000000,0.000000,0.164000
29.920000,Descend,1.444377,0.077001,-6.069100,2.159940,0.055875,-0.016674,2.697529,0.069138,0.305689,2.828086,0.087378,0.238548,3.520404,0.040543,0.255842,1.524930,-0.103160,0.038092,1.383709,0.010377,1.095415,-0.061825,1.383748,1.097158,0.896176,-0.048552,1.524930,-0.103160,2.421106,-0.151712,0.000000,6.069100,-1.000000,0,0,0.184000,0.184000,0.000000,0.000000,0.184000
29.932000,Descend,1.499952,0.077080,-6.069888,2.207704,0.052151,-0.006527,2.697529,0.069138,0.305689,2.828086,0.087378,0.238548,3.526504,0.040130,0.255994,1.524930,-0.103160,0.038092,1.328134,0.010297,1.015424,-0.060835,1.328174,1.017244,0.832305,-0.047767,1.524930,-0.103160,2.357235,-0.150927,0.000000,6.069888,-1.000000,0,0,0.196000,0.196000,0.000000,0.000000,0.196000
29.932000,Descend,1.499952,0.077080,-6.069888,2.207704,0.052151,-0.006527,2.697529,0.069138,0.305689,2.828086,0.087378,0.238548,3.508205,0.041368,0.255537,1.524930,-0.103160,0.038092,1.328134,0.010297,1.023617,-0.058972,1.328174,1.025314,0.838870,-0.046276,1.524930,-0.103160,2.363800,-0.149437,0.000000,6.069888,-1.000000,0,0,0.196000,0.196000,0.000000,0.000000,0.196000
29.956000,Descend,1.556603,0.077188,-6.070371,2.252784,0.047922,0.002161,2.697529,0.069138,0.305689,2.828086,0.087378,0.238548,3.581402,0.036416,0.257365,1.524930,-0.103160,0.038092,1.271483,0.010190,0.911923,-0.064445,1.271524,0.914197,0.749734,-0.050670,1.524930,-0.103160,2.274664,-0.153830,0.000000,6.070371,-1.000000,0,0,0.220000,0.220000,0.000000,0.000000,0.220000
29.968000,Descend,1.556603,0.077188,-6.070371,2.252784,0.047922,0.002161,2.697529,0.069138,0.305689,2.828086,0.087378,0.238548,3.581402,0.036416,0.257365,1.524930,-0.103160,0.038092,1.271483,0.010190,0.911923,-0.064445,1.271524,0.914197,0.749843,-0.050678,1.524930,-0.103160,2.274773,-0.153838,0.000000,6.070371,-1.000000,0,0,0.232000,0.232000,0.000000,0.000000,0.232000
29.968000,Descend,1.556603,0.077188,-6.070371,2.252784,0.047922,0.002161,2.697529,0.069138,0.305689,2.828086,0.087378,0.238548,3.563102,0.037654,0.256908,1.524930,-0.103160,0.038092,1.271483,0.010190,0.920657,-0.062632,1.271524,0.922785,0.756840,-0.049228,1.524930,-0.103160,2.281770,-0.152388,0.000000,6.070371,-1.000000,0,0,0.232000,0.232000,0.000000,0.000000,0.232000
29.976000,Descend,1.556603,0.077188,-6.070371,2.252784,0.047922,0.002161,2.697529,0.069138,0.305689,2.828086,0.087378,0.238548,3.563102,0.037654,0.256908,1.524930,-0.103160,0.038092,1.271483,0.010190,0.920657,-0.062632,1.271524,0.922785,0.756849,-0.049229,1.524930,-0.103160,2.281779,-0.152389,0.000000,6.070371,-1.000000,0,0,0.232000,0.232000,0.000000,0.000000,0.232000
29.992000,Descend,1.594891,0.077255,-6.070552,2.281097,0.044791,0.007117,2.697529,0.069138,0.305689,2.828086,0.087378,0.238548,3.636299,0.032703,0.258737,1.524930,-0.103160,0.038092,1.233195,0.010122,0.832427,-0.068292,1.233237,0.835224,0.686465,-0.053774,1.524930,-0.103160,2.211395,-0.156934,0.000000,6.070552,-1.000000,0,0,0.256000,0.256000,0.000000,0.000000,0.256000
30.000000,Descend,1.653259,0.077414,-6.070648,2.321145,0.040014,0.013516,2.697529,0.069138,0.305689,2.828086,0.087378,0.238548,3.624099,0.033528,0.258432,1.524930,-0.103160,0.038092,1.174827,0.009963,0.759203,-0.064774,1.174870,0.761962,0.627946,-0.050964,1.524930,-0.103160,2.152876,-0.154124,0.000000,6.070648,-1.000000,0,0,0.264000,0.264000,0.000000,0.000000,0.264000
30.000000,Descend,1.653259,0.077414,-6.070648,2.321145,0.040014,0.013516,3.718957,0.045039,0.183567,3.438604,0.048542,0.235359,3.914839,0.017613,0.242809,1.904939,-0.123716,0.029802,1.785345,-0.028872,1.681294,-0.069805,1.785579,1.682742,1.365636,-0.054990,1.904939,-0.123716,2.161376,-0.162624,0.000000,6.070648,-1.000000,0,0,0.000000,0.000000,0.000000,0.000000,0.000000
30.012000,Descend,1.692637,0.077519,-6.070599,2.345703,0.036637,0.016897,3.718957,0.045039,0.183567,3.438604,0.048542,0.235359,3.960557,0.014644,0.243525,1.904939,-0.123716,0.029802,1.745967,-0.028977,1.625198,-0.072913,1.746207,1.626832,1.320954,-0.057485,1.904939,-0.123716,2.263376,-0.181201,0.000000,6.070599,-1.000000,0,0,0.012000,0.012000,0.000000,0.000000,0.012000
30.032000,Descend,1.692637,0.077519,-6.070599,2.345703,0.036637,0.016897,3.718957,0.045039,0.183567,3.438604,0.048542,0.235359,4.006276,0.011675,0.244240,1.904939,-0.123716,0.029802,1.745967,-0.028977,1.614619,-0.076762,1.746207,1.616443,1.312749,-0.060576,1.904939,-0.123716,2.399376,-0.184292,0.000000,6.070599,-1.000000,0,0,0.032000,0.032000,0.000000,0.000000,0.032000
30.032000,Descend,1.732376,0.077623,-6.070486,2.368630,0.033225,0.019696,3.718957,0.045039,0.183567,3.438604,0.048542,0.235359,3.983417,0.013159,0.243882,1.904939,-0.123716,0.029802,1.706228,-0.029081,1.573612,-0.073966,1.706476,1.575350,1.280007,-0.058343,1.904939,-0.123716,2.433376,-0.182058,0.000000,6.070486,-1.000000,0,0,0.032000,0.032000,0.000000,0.000000,0.032000
30.032000,Descend,1.732376,0.077623,-6.070486,2.368630,0.033225,0.019696,3.718957,0.045039,0.183567,3.438604,0.048542,0.235359,3.975797,0.013654,0.243763,1.904939,-0.123716,0.029802,1.706228,-0.029081,1.575467,-0.073338,1.706476,1.577173,1.281506,-0.057841,1.904939,-0.123716,2.441876,-0.181557,0.000000,6.070486,-1.000000,0,0,0.032000,0.032000,0.000000,0.000000,0.032000
30.052000,Descend,1.732376,0.077623,-6.070486,2.368630,0.033225,0.019696,3.718957,0.045039,0.183567,3.438604,0.048542,0.235359,4.051994,0.008706,0.244955,1.904939,-0.123716,0.029802,1.706228,-0.029081,1.556920,-0.079616,1.706476,1.558954,1.266980,-0.062879,1.904939,-0.123716,2.611876,-0.186595,0.000000,6.070486,-1.000000,0,0,0.052000,0.052000,0.000000,0.000000,0.052000
30.064000,Descend,1.792561,0.077764,-6.070263,2.399695,0.027979,0.022712,3.718957,0.045039,0.183567,3.438604,0.048542,0.235359,4.059614,0.008211,0.245074,1.904939,-0.123716,0.029802,1.646043,-0.029222,1.484753,-0.078675,1.646302,1.486836,1.209424,-0.062136,1.904939,-0.123716,2.713876,-0.185851,0.000000,6.070263,-1.000000,0,0,0.064000,0.064000,0.000000,0.000000,0.064000
30.064000,Descend,1.792561,0.077764,-6.070263,2.399695,0.027979,0.022712,3.718957,0.045039,0.183567,3.438604,0.048542,0.235359,4.036755,0.009695,0.244717,1.904939,-0.123716,0.029802,1.646043,-0.029222,1.490690,-0.076854,1.646302,1.492669,1.214189,-0.060680,1.904939,-0.123716,2.722377,-0.184396,0.000000,6.070263,-1.000000,0,0,0.064000,0.064000,0.000000,0.000000,0.064000
30.084000,Descend,1.832991,0.077832,-6.070090,2.418250,0.024403,0.023491,3.718957,0.045039,0.183567,3.438604,0.048542,0.235359,4.112952,0.004747,0.245909,1.904939,-0.123716,0.029802,1.605613,-0.029289,1.423901,-0.081723,1.605880,1.426244,1.161042,-0.064592,1.904939,-0.123716,2.892377,-0.188307,0.000000,6.070090,-1.000000,0,0,0.084000,0.084000,0.000000,0.000000,0.084000
30.100000,Descend,1.894154,0.077862,-6.069863,2.443099,0.018545,0.023406,3.718957,0.045039,0.183567,3.438604,0.048542,0.235359,4.135812,0.003262,0.246267,1.904939,-0.123716,0.029802,1.544450,-0.029320,1.347484,-0.081387,1.544728,1.349939,1.100124,-0.064336,1.904939,-0.123716,3.005064,-0.188051,0.000000,6.069863,-1.000000,0,0,0.100000,0.100000,0.000000,0.000000,0.100000
30.108000,Descend,1.894154,0.077862,-6.069863,2.443099,0.018545,0.023406,3.718957,0.045039,0.183567,3.438604,0.048542,0.235359,4.135812,0.003262,0.246267,1.904939,-0.123716,0.029802,1.544450,-0.029320,1.347484,-0.081387,1.544728,1.349939,1.100232,-0.064342,1.904939,-0.123716,3.005171,-0.188058,0.000000,6.069863,-1.000000,0,0,0.108000,0.108000,0.000000,0.000000,0.108000
30.128000,Descend,1.955752,0.077788,-6.069669,2.464522,0.012450,0.022192,3.718957,0.045039,0.183567,3.438604,0.048542,0.235359,4.196770,-0.000697,0.247220,1.904939,-0.123716,0.029802,1.482852,-0.029245,1.260138,-0.083439,1.483141,1.262898,1.030608,-0.066001,1.904939,-0.123716,2.935547,-0.189716,0.000000,6.069669,-1.000000,0,0,0.128000,0.128000,0.000000,0.000000,0.128000
30.132000,Descend,1.997004,0.077678,-6.069566,2.477435,0.008186,0.020781,3.718957,0.045039,0.183567,3.438604,0.048542,0.235359,4.173910,0.000788,0.246863,1.904939,-0.123716,0.029802,1.441600,-0.029136,1.220616,-0.080050,1.441894,1.223238,0.999039,-0.063293,1.904939,-0.123716,2.903978,-0.187008,0.000000,6.069566,-1.000000,0,0,0.132000,0.132000,0.000000,0.000000,0.132000
30.148000,Descend,1.997004,0.077678,-6.069566,2.477435,0.008186,0.020781,3.718957,0.045039,0.183567,3.438604,0.048542,0.235359,4.212009,-0.001687,0.247459,1.904939,-0.123716,0.029802,1.441600,-0.029136,1.209166,-0.082688,1.441894,1.211990,0.990024,-0.065413,1.904939,-0.123716,2.894963,-0.189129,0.000000,6.069566,-1.000000,0,0,0.144000,0.144000,0.000000,0.004000,0.148000
30.164000,Descend,2.059187,0.077391,-6.069567,2.495237,0.001630,0.017599,3.718957,0.045039,0.183567,3.438604,0.048542,0.235359,4.265347,-0.005151,0.248293,1.904939,-0.123716,0.029802,1.379416,-0.028849,1.123227,-0.083249,1.379718,1.126308,0.921498,-0.065878,1.904939,-0.123716,2.826437,-0.189594,0.000000,6.069567,-1.000000,0,0,0.164000,0.164000,0.000000,0.000000,0.164000
30.164000,Descend,2.059187,0.077391,-6.069567,2.495237,0.001630,0.017599,3.856302,0.025739,0.158520,3.778826,0.023491,0.223747,4.265600,-0.009493,0.228660,1.947096,-0.131937,0.019650,1.719639,-0.053900,1.582603,-0.087292,1.720483,1.585009,1.289014,-0.069113,1.947096,-0.131937,2.834937,-0.198094,0.000000,6.069567,-1.000000,0,0,0.000000,0.000000,0.000000,0.000000,0.000000
30.176000,Descend,2.100764,0.077137,-6.069583,2.506311,-0.002758,0.015382,3.856302,0.025739,0.158520,3.778826,0.023491,0.223747,4.312330,-0.012660,0.229131,1.947096,-0.131937,0.019650,1.678062,-0.053646,1.524837,-0.089041,1.678919,1.527435,1.242985,-0.070524,1.947096,-0.131937,2.936937,-0.202461,0.000000,6.069583,-1.000000,0,0,0.012000,0.012000,0.000000,0.000000,0.012000
30.196000,Descend,2.100764,0.077137,-6.069583,2.506311,-0.002758,0.015382,3.856302,0.025739,0.158520,3.778826,0.023491,0.223747,4.366849,-0.016354,0.229681,1.947096,-0.131937,0.019650,1.678062,-0.053646,1.509179,-0.092658,1.678919,1.512021,1.230760,-0.073436,1.947096,-0.131937,3.106937,-0.205373,0.000000,6.069583,-1.000000,0,0,0.032000,0.032000,0.000000,0.000000,0.032000
30.196000,Descend,2.142467,0.076809,-6.069715,2.516954,-0.007238,0.013423,3.813845,0.018016,0.164514,3.814654,0.015933,0.213967,4.286972,-0.018623,0.217282,1.889272,-0.138224,0.013259,1.672187,-0.060876,1.515266,-0.093622,1.673295,1.518156,1.235645,-0.074208,1.889272,-0.138224,3.115437,-0.212432,0.000000,6.069715,-1.000000,0,0,0.000000,0.000000,0.000000,0.000000,0.000000
30.212000,Descend,2.142467,0.076809,-6.069715,2.516954,-0.007238,0.013423,3.813845,0.018016,0.164514,3.814654,0.015933,0.213967,4.347429,-0.023046,0.217706,1.889272,-0.138224,0.013259,1.672187,-0.060876,1.495181,-0.097814,1.673295,1.498377,1.219815,-0.077577,1.889272,-0.138224,3.109087,-0.215801,0.000000,6.069715,-1.000000,0,0,0.016000,0.016000,0.000000,0.000000,0.016000
30.232000,Descend,2.205183,0.076201,-6.069977,2.532564,-0.013967,0.011500,3.813845,0.018016,0.164514,3.814654,0.015933,0.213967,4.392772,-0.026363,0.218024,1.889272,-0.138224,0.013259,1.609471,-0.060268,1.412624,-0.098291,1.610599,1.416039,1.154052,-0.077978,1.889272,-0.138224,3.043324,-0.216202,0.000000,6.069977,-1.000000,0,0,0.036000,0.036000,0.000000,0.000000,0.036000
30.232000,Descend,2.247099,0.075704,-6.070220,2.542771,-0.018650,0.010357,3.813845,0.018016,0.164514,3.814654,0.015933,0.213967,4.354986,-0.023599,0.217759,1.889272,-0.138224,0.013259,1.567555,-0.059771,1.380655,-0.093969,1.568694,1.383849,1.128491,-0.074521,1.889272,-0.138224,3.034824,-0.212746,0.000000,6.070220,-1.000000,0,0,0.036000,0.036000,0.000000,0.000000,0.036000
30.252000,Descend,2.247099,0.075704,-6.070220,2.542771,-0.018650,0.010357,3.813845,0.018016,0.164514,3.814654,0.015933,0.213967,4.430557,-0.029128,0.218289,1.889272,-0.138224,0.013259,1.567555,-0.059771,1.354514,-0.098752,1.568694,1.358109,1.107850,-0.078368,1.889272,-0.138224,2.997121,-0.216592,0.000000,6.070220,-1.000000,0,0,0.056000,0.056000,0.000000,0.000000,0.056000
30.264000,Descend,2.310117,0.074865,-6.070723,2.558337,-0.025630,0.007684,3.813845,0.018016,0.164514,3.814654,0.015933,0.213967,4.438114,-0.029681,0.218342,1.889272,-0.138224,0.013259,1.504538,-0.058931,1.283746,-0.096087,1.505691,1.287337,1.051389,-0.076248,1.889272,-0.138224,2.940660,-0.214472,0.000000,6.070723,-1.000000,0,0,0.068000,0.068000,0.000000,0.000000,0.068000
30.272000,Descend,2.310117,0.074865,-6.070723,2.558337,-0.025630,0.007684,3.813845,0.018016,0.164514,3.814654,0.015933,0.213967,4.415443,-0.028022,0.218183,1.889272,-0.138224,0.013259,1.504538,-0.058931,1.291775,-0.094736,1.505691,1.295244,1.057825,-0.075168,1.889272,-0.138224,2.947096,-0.213392,0.000000,6.070723,-1.000000,0,0,0.068000,0.068000,0.008000,0.000000,0.076000
30.288000,Descend,2.331167,0.074558,-6.070910,2.563544,-0.027971,0.006811,3.813845,0.018016,0.164514,3.814654,0.015933,0.213967,4.506128,-0.034657,0.218820,1.889272,-0.138224,0.013259,1.483487,-0.058624,1.236704,-0.098977,1.484645,1.240658,1.014065,-0.078584,1.889272,-0.138224,2.903337,-0.216808,0.000000,6.070910,-1.000000,0,0,0.092000,0.092000,0.000000,0.000000,0.092000
30.296000,Descend,2.394420,0.073536,-6.071609,2.579530,-0.035101,0.004139,3.892215,0.013060,0.190633,3.951668,0.003635,0.211315,4.414783,-0.031273,0.214109,1.795019,-0.135302,0.010828,1.557248,-0.069901,1.354844,-0.095753,1.558816,1.358223,1.108685,-0.076012,1.795019,-0.135302,2.903705,-0.211314,0.000000,6.071609,-1.000000,0,0,0.000000,0.000000,0.000000,0.000000,0.000000
30.308000,Descend,2.394420,0.073536,-6.071609,2.579530,-0.035101,0.004139,3.892215,0.013060,0.190633,3.951668,0.003635,0.211315,4.443503,-0.033437,0.214282,1.795019,-0.135302,0.010828,1.557248,-0.069901,1.342292,-0.097356,1.558816,1.345818,1.098805,-0.077306,1.795019,-0.135302,2.893824,-0.212608,0.000000,6.071609,-1.000000,0,0,0.012000,0.012000,0.000000,0.000000,0.012000
30.328000,Descend,2.436712,0.072774,-6.072073,2.590512,-0.039802,0.002920,3.892215,0.013060,0.190633,3.951668,0.003635,0.211315,4.479404,-0.036144,0.214499,1.795019,-0.135302,0.010828,1.514957,-0.069138,1.281082,-0.097215,1.516533,1.284765,1.050042,-0.077210,1.795019,-0.135302,2.845061,-0.212512,0.000000,6.072073,-1.000000,0,0,0.028000,0.028000,0.000000,0.004000,0.032000
30.328000,Descend,2.436712,0.072774,-6.072073,2.590512,-0.039802,0.002920,3.892215,0.013060,0.190633,3.951668,0.003635,0.211315,4.465044,-0.035061,0.214412,1.795019,-0.135302,0.010828,1.514957,-0.069138,1.287446,-0.096451,1.516533,1.291054,1.055185,-0.076602,1.795019,-0.135302,2.850204,-0.211904,0.000000,6.072073,-1.000000,0,0,0.032000,0.032000,0.000000,0.000000,0.032000
30.348000,Descend,2.500278,0.071481,-6.072987,2.607481,-0.046987,0.002058,3.892215,0.013060,0.190633,3.951668,0.003635,0.211315,4.529665,-0.039932,0.214802,1.795019,-0.135302,0.010828,1.451390,-0.067846,1.189777,-0.096283,1.452975,1.193667,0.977288,-0.076487,1.795019,-0.135302,2.772307,-0.211789,0.000000,6.072987,-1.000000,0,0,0.052000,0.052000,0.000000,0.000000,0.052000
30.364000,Descend,2.564080,0.070033,-6.073985,2.624799,-0.053880,0.002334,3.892215,0.013060,0.190633,3.951668,0.003635,0.211315,4.551205,-0.041556,0.214932,1.795019,-0.135302,0.010828,1.387588,-0.066398,1.110441,-0.093592,1.389176,1.114379,0.913997,-0.074349,1.795019,-0.135302,2.709016,-0.209652,0.000000,6.073985,-1.000000,0,0,0.068000,0.068000,0.000000,0.000000,0.068000
30.364000,Descend,2.564080,0.070033,-6.073985,2.624799,-0.053880,0.002334,3.892215,0.013060,0.190633,3.951668,0.003635,0.211315,4.522484,-0.039391,0.214759,1.795019,-0.135302,0.010828,1.387588,-0.066398,1.123718,-0.092290,1.389176,1.127501,0.924629,-0.073308,1.795019,-0.135302,2.717516,-0.208610,0.000000,6.073985,-1.000000,0,0,0.068000,0.068000,0.000000,0.000000,0.068000
30.384000,Descend,2.585407,0.069517,-6.074335,2.630608,-0.056214,0.002619,3.892215,0.013060,0.190633,3.951668,0.003635,0.211315,4.594285,-0.044803,0.215192,1.795019,-0.135302,0.010828,1.366262,-0.065881,1.067121,-0.094195,1.367849,1.071270,0.879565,-0.074851,1.795019,-0.135302,2.674584,-0.210153,0.000000,6.074335,-1.000000,0,0,0.088000,0.088000,0.000000,0.000000,0.088000
30.396000,Descend,2.649549,0.067862,-6.075454,2.648045,-0.063120,0.003868,3.892215,0.013060,0.190633,3.951668,0.003635,0.211315,4.601465,-0.045344,0.215235,1.795019,-0.135302,0.010828,1.302119,-0.064227,0.993324,-0.090357,1.303702,0.997425,0.820647,-0.071791,1.795019,-0.135302,2.615666,-0.207093,0.000000,6.075454,-1.000000,0,0,0.100000,0.100000,0.000000,0.000000,0.100000
30.396000,Descend,2.649549,0.067862,-6.075454,2.648045,-0.063120,0.003868,3.892215,0.013060,0.190633,3.951668,0.003635,0.211315,4.579925,-0.043720,0.215105,1.795019,-0.135302,0.010828,1.302119,-0.064227,1.003561,-0.089490,1.303702,1.007543,0.828846,-0.071099,1.795019,-0.135302,2.623865,-0.206401,0.000000,6.075454,-1.000000,0,0,0.100000,0.100000,0.000000,0.000000,0.100000
30.396000,Descend,2.649549,0.067862,-6.075454,2.648045,-0.063120,0.003868,3.892215,0.013060,0.190633,3.951668,0.003635,0.211315,4.579925,-0.043720,0.215105,1.795019,-0.135302,0.010828,1.302119,-0.064227,1.003561,-0.089490,1.303702,1.007543,0.828856,-0.071100,1.795019,-0.135302,2.623875,-0.206402,0.000000,6.075454,-1.000000,0,0,0.100000,0.100000,0.000000,0.000000,0.100000
30.416000,Descend,2.692474,0.066677,-6.076175,2.659697,-0.067614,0.004942,3.892215,0.013060,0.190633,3.951668,0.003635,0.211315,4.651726,-0.049133,0.215538,1.795019,-0.135302,0.010828,1.259195,-0.063042,0.921970,-0.089440,1.260772,0.926298,0.763768,-0.071078,1.795019,-0.135302,2.558787,-0.206380,0.000000,6.076175,-1.000000,0,0,0.120000,0.120000,0.000000,0.000000,0.120000
30.428000,Descend,2.692474,0.066677,-6.076175,2.659697,-0.067614,0.004942,3.892215,0.013060,0.190633,3.951668,0.003635,0.211315,4.658906,-0.049674,0.215581,1.795019,-0.135302,0.010828,1.259195,-0.063042,0.918512,-0.089711,1.260772,0.922883,0.761111,-0.071305,1.795019,-0.135302,2.556131,-0.206608,0.000000,6.076175,-1.000000,0,0,0.132000,0.132000,0.000000,0.000000,0.132000
30.440000,Descend,2.757063,0.064817,-6.077308,2.676700,-0.074136,0.006868,3.892215,0.013060,0.190633,3.951668,0.003635,0.211315,4.680446,-0.051297,0.215711,1.795019,-0.135302,0.010828,1.194605,-0.061182,0.836643,-0.086016,1.196171,0.841053,0.695717,-0.068359,1.795019,-0.135302,2.490736,-0.203661,0.000000,6.077308,-1.000000,0,0,0.144000,0.144000,0.000000,0.000000,0.144000
30.460000,Descend,2.800300,0.063501,-6.077976,2.687817,-0.078460,0.008327,3.892215,0.013060,0.190633,3.951668,0.003635,0.211315,4.716346,-0.054003,0.215928,1.795019,-0.135302,0.010828,1.151368,-0.059866,0.771036,-0.084081,1.152923,0.775607,0.643354,-0.066825,1.795019,-0.135302,2.438374,-0.202127,0.000000,6.077976,-1.000000,0,0,0.160000,0.160000,0.000000,0.000000,0.160000
30.460000,Descend,2.800300,0.063501,-6.077976,2.687817,-0.078460,0.008327,3.892215,0.013060,0.190633,3.951668,0.003635,0.211315,4.701986,-0.052921,0.215841,1.795019,-0.135302,0.010828,1.151368,-0.059866,0.778179,-0.083626,1.152923,0.782659,0.649100,-0.066464,1.795019,-0.135302,2.444119,-0.201766,0.000000,6.077976,-1.000000,0,0,0.164000,0.164000,0.000000,0.000000,0.164000
30.460000,Descend,2.800300,0.063501,-6.077976,2.687817,-0.078460,0.008327,3.892215,0.013060,0.190633,3.951668,0.003635,0.211315,4.694806,-0.052380,0.215798,1.795019,-0.135302,0.010828,1.151368,-0.059866,0.781750,-0.083398,1.152923,0.786186,0.651964,-0.066283,1.795019,-0.135302,2.446984,-0.201585,0.000000,6.077976,-1.000000,0,0,0.164000,0.164000,0.000000,0.000000,0.164000
30.476000,Descend,2.800300,0.063501,-6.077976,2.687817,-0.078460,0.008327,3.892215,0.013060,0.190633,3.951668,0.003635,0.211315,4.752247,-0.056709,0.216144,1.795019,-0.135302,0.010828,1.151368,-0.059866,0.753180,-0.085217,1.152923,0.757986,0.629229,-0.067752,1.795019,-0.135302,2.424248,-0.203054,0.000000,6.077976,-1.000000,0,0,0.180000,0.180000,0.000000,0.000000,0.180000
30.492000,Descend,2.865322,0.061409,-6.078996,2.703494,-0.084809,0.010615,3.892215,0.013060,0.190633,3.951668,0.003635,0.211315,4.780967,-0.058874,0.216318,1.795019,-0.135302,0.010828,1.086347,-0.057774,0.666631,-0.081102,1.087882,0.671547,0.560097,-0.064472,1.795019,-0.135302,2.355116,-0.199775,0.000000,6.078996,-1.000000,0,0,0.196000,0.196000,0.000000,0.000000,0.196000
30.496000,Descend,2.908808,0.059945,-6.079638,2.713253,-0.089106,0.012015,4.304301,-0.003195,0.214808,4.284655,-0.016713,0.213698,4.729774,-0.048157,0.216481,1.752436,-0.123795,0.010958,1.375847,-0.076659,1.131800,-0.085469,1.377981,1.135022,0.932277,-0.067970,1.752436,-0.123795,2.389116,-0.191765,0.000000,6.079638,-1.000000,0,0,0.000000,0.000000,0.000000,0.000000,0.000000
30.504000,Descend,2.908808,0.059945,-6.079638,2.713253,-0.089106,0.012015,4.304301,-0.003195,0.214808,4.284655,-0.016713,0.213698,4.736784,-0.048652,0.216525,1.752436,-0.123795,0.010958,1.375847,-0.076659,1.127956,-0.085608,1.377981,1.131200,0.929247,-0.068084,1.752436,-0.123795,2.423116,-0.191879,0.000000,6.079638,-1.000000,0,0,0.004000,0.004000,0.000000,0.000000,0.004000
30.520000,Descend,2.974229,0.057644,-6.080550,2.726893,-0.095273,0.013891,4.304301,-0.003195,0.214808,4.284655,-0.016713,0.213698,4.799871,-0.053109,0.216920,1.752436,-0.123795,0.010958,1.310426,-0.074358,1.023936,-0.082743,1.312534,1.027274,0.846236,-0.065809,1.752436,-0.123795,2.593116,-0.189604,0.000000,6.080550,-1.000000,0,0,0.024000,0.024000,0.000000,0.000000,0.024000
30.528000,Descend,2.974229,0.057644,-6.080550,2.726893,-0.095273,0.013891,4.304301,-0.003195,0.214808,4.284655,-0.016713,0.213698,4.792861,-0.052614,0.216876,1.752436,-0.123795,0.010958,1.310426,-0.074358,1.027833,-0.082629,1.312534,1.031150,0.849436,-0.065724,1.752436,-0.123795,2.601872,-0.189519,0.000000,6.080550,-1.000000,0,0,0.032000,0.032000,0.000000,0.000000,0.032000
30.536000,Descend,2.974229,0.057644,-6.080550,2.726893,-0.095273,0.013891,4.304301,-0.003195,0.214808,4.284655,-0.016713,0.213698,4.778842,-0.051624,0.216788,1.752436,-0.123795,0.010958,1.310426,-0.074358,1.035629,-0.082401,1.312534,1.038902,0.855683,-0.065543,1.752436,-0.123795,2.608119,-0.189337,0.000000,6.080550,-1.000000,0,0,0.032000,0.032000,0.008000,0.000000,0.040000
30.556000,Descend,3.017947,0.056058,-6.081170,2.734935,-0.099206,0.014827,4.304301,-0.003195,0.214808,4.284655,-0.016713,0.213698,4.876978,-0.058556,0.217402,1.752436,-0.123795,0.010958,1.266708,-0.072772,0.934623,-0.081083,1.268796,0.938133,0.775140,-0.064511,1.752436,-0.123795,2.527575,-0.188305,0.000000,6.081170,-1.000000,0,0,0.060000,0.060000,0.000000,0.000000,0.060000
30.560000,Descend,3.061763,0.054415,-6.081752,2.742174,-0.103049,0.015621,4.304301,-0.003195,0.214808,4.284655,-0.016713,0.213698,4.841930,-0.056080,0.217183,1.752436,-0.123795,0.010958,1.222892,-0.071128,0.908155,-0.077726,1.224959,0.911475,0.754002,-0.061828,1.752436,-0.123795,2.506438,-0.185623,0.000000,6.081752,-1.000000,0,0,0.064000,0.064000,0.000000,0.000000,0.064000
30.560000,Descend,3.061763,0.054415,-6.081752,2.742174,-0.103049,0.015621,4.304301,-0.003195,0.214808,4.284655,-0.016713,0.213698,4.834920,-0.055585,0.217139,1.752436,-0.123795,0.010958,1.222892,-0.071128,0.912114,-0.077643,1.224959,0.915413,0.757178,-0.061762,1.752436,-0.123795,2.509614,-0.185557,0.000000,6.081752,-1.000000,0,0,0.064000,0.064000,0.000000,0.000000,0.064000
30.580000,Descend,3.149534,0.050963,-6.082656,2.753399,-0.110268,0.016142,4.304301,-0.003195,0.214808,4.284655,-0.016713,0.213698,4.890998,-0.059546,0.217489,1.752436,-0.123795,0.010958,1.135121,-0.067676,0.788788,-0.072357,1.137137,0.792100,0.658643,-0.057545,1.752436,-0.123795,2.411079,-0.181340,0.000000,6.082656,-1.000000,0,0,0.080000,0.080000,0.004000,0.000000,0.084000
30.592000,Descend,3.193489,0.049162,-6.083316,2.757825,-0.113814,0.015789,4.304301,-0.003195,0.214808,4.284655,-0.016713,0.213698,4.919037,-0.061527,0.217665,1.752436,-0.123795,0.010958,1.091166,-0.065876,0.727215,-0.069489,1.093153,0.730528,0.609502,-0.055262,1.752436,-0.123795,2.361938,-0.179057,0.000000,6.083316,-1.000000,0,0,0.096000,0.096000,0.000000,0.000000,0.096000
30.592000,Descend,3.193489,0.049162,-6.083316,2.757825,-0.113814,0.015789,4.304301,-0.003195,0.214808,4.284655,-0.016713,0.213698,4.890998,-0.059546,0.217489,1.752436,-0.123795,0.010958,1.091166,-0.065876,0.743301,-0.069329,1.093153,0.746528,0.622378,-0.055135,1.752436,-0.123795,2.370438,-0.178930,0.000000,6.083316,-1.000000,0,0,0.096000,0.096000,0.000000,0.000000,0.096000
30.612000,Descend,3.193489,0.049162,-6.083316,2.757825,-0.113814,0.015789,4.304301,-0.003195,0.214808,4.284655,-0.016713,0.213698,4.947076,-0.063508,0.217840,1.752436,-0.123795,0.010958,1.091166,-0.065876,0.711129,-0.069648,1.093153,0.714532,0.596754,-0.055402,1.752436,-0.123795,2.349190,-0.179196,0.000000,6.083316,-1.000000,0,0,0.112000,0.112000,0.000000,0.000000,0.112000
30.628000,Descend,3.259410,0.046392,-6.084280,2.762830,-0.118813,0.015551,4.304301,-0.003195,0.214808,4.284655,-0.016713,0.213698,4.989134,-0.066479,0.218103,1.752436,-0.123795,0.010958,1.025245,-0.063106,0.619067,-0.065108,1.027186,0.622482,0.523228,-0.051782,1.752436,-0.123795,2.275664,-0.175577,0.000000,6.084280,-1.000000,0,0,0.132000,0.132000,0.000000,0.000000,0.132000
30.628000,Descend,3.259410,0.046392,-6.084280,2.762830,-0.118813,0.015551,4.304301,-0.003195,0.214808,4.284655,-0.016713,0.213698,4.954086,-0.064003,0.217884,1.752436,-0.123795,0.010958,1.025245,-0.063106,0.639275,-0.065009,1.027186,0.642572,0.539401,-0.051703,1.752436,-0.123795,2.284164,-0.175498,0.000000,6.084280,-1.000000,0,0,0.132000,0.132000,0.000000,0.000000,0.132000
30.648000,Descend,3.336285,0.043025,-6.085189,2.766283,-0.124219,0.015451,4.304301,-0.003195,0.214808,4.284655,-0.016713,0.213698,5.024183,-0.068955,0.218322,1.752436,-0.123795,0.010958,0.948370,-0.059739,0.520527,-0.059560,0.950250,0.523923,0.444506,-0.047356,1.752436,-0.123795,2.196942,-0.171151,0.000000,6.085189,-1.000000,0,0,0.152000,0.152000,0.000000,0.000000,0.152000
30.660000,Descend,3.380161,0.041040,-6.085798,2.767143,-0.127048,0.015603,4.304301,-0.003195,0.214808,4.284655,-0.016713,0.213698,5.031193,-0.069450,0.218366,1.752436,-0.123795,0.010958,0.904495,-0.057754,0.472229,-0.056368,0.906336,0.475581,0.405925,-0.044809,1.752436,-0.123795,2.158361,-0.168604,0.000000,6.085798,-1.000000,0,0,0.164000,0.164000,0.000000,0.000000,0.164000
30.660000,Descend,3.380161,0.041040,-6.085798,2.767143,-0.127048,0.015603,4.304301,-0.003195,0.214808,4.284655,-0.016713,0.213698,5.010164,-0.067964,0.218235,1.752436,-0.123795,0.010958,0.904495,-0.057754,0.484406,-0.056407,0.906336,0.487679,0.415671,-0.044841,1.752436,-0.123795,2.166861,-0.168636,0.000000,6.085798,-1.000000,0,0,0.164000,0.164000,0.000000,0.000000,0.164000
30.676000,Descend,3.445906,0.037978,-6.086671,2.767091,-0.131214,0.015637,4.304301,-0.003195,0.214808,4.284655,-0.016713,0.213698,5.066242,-0.071926,0.218585,1.752436,-0.123795,0.010958,0.838749,-0.054691,0.386213,-0.051382,0.840530,0.389616,0.337178,-0.040830,1.752436,-0.123795,2.089614,-0.164625,0.000000,6.086671,-1.000000,0,0,0.180000,0.180000,0.000000,0.000000,0.180000
30.692000,Descend,3.489598,0.035858,-6.087255,2.765937,-0.133919,0.015642,4.304301,-0.003195,0.214808,4.284655,-0.016713,0.213698,5.094281,-0.073907,0.218761,1.752436,-0.123795,0.010958,0.795058,-0.052571,0.326820,-0.047894,0.796794,0.330311,0.289716,-0.038039,1.752436,-0.123795,2.042152,-0.161834,0.000000,6.087255,-1.000000,0,0,0.196000,0.196000,0.000000,0.000000,0.196000
30.692000,Descend,3.489598,0.035858,-6.087255,2.765937,-0.133919,0.015642,4.304301,-0.003195,0.214808,4.284655,-0.016713,0.213698,5.066242,-0.071926,0.218585,1.752436,-0.123795,0.010958,0.795058,-0.052571,0.343036,-0.048056,0.796794,0.346386,0.302693,-0.038169,1.752436,-0.123795,2.050653,-0.161964,0.000000,6.087255,-1.000000,0,0,0.196000,0.196000,0.000000,0.000000,0.196000
30.712000,Descend,3.489598,0.035858,-6.087255,2.765937,-0.133919,0.015642,4.304301,-0.003195,0.214808,4.284655,-0.016713,0.213698,5.122320,-0.075887,0.218936,1.752436,-0.123795,0.010958,0.795058,-0.052571,0.310604,-0.047732,0.796794,0.314250,0.276797,-0.037910,1.752436,-0.123795,2.029233,-0.161705,0.000000,6.087255,-1.000000,0,0,0.212000,0.212000,0.000000,0.000000,0.212000
30.724000,Descend,3.533264,0.033701,-6.087794,2.764111,-0.136360,0.015590,4.304301,-0.003195,0.214808,4.284655,-0.016713,0.213698,5.150359,-0.077868,0.219111,1.752436,-0.123795,0.010958,0.751391,-0.050414,0.251624,-0.044207,0.753081,0.255477,0.229653,-0.035090,1.752436,-0.123795,1.982089,-0.158885,0.501943,6.087794,-1.000000,0,0,0.228000,0.228000,0.000000,0.000000,0.228000
30.724000,Descend,3.533264,0.033701,-6.087794,2.764111,-0.136360,0.015590,4.304301,-0.003195,0.214808,4.284655,-0.016713,0.213698,5.122320,-0.075887,0.218936,1.752436,-0.123795,0.010958,0.751391,-0.050414,0.267810,-0.044408,0.753081,0.271467,0.242605,-0.035251,1.752436,-0.123795,1.990589,-0.159046,0.483288,6.087794,-1.000000,0,0,0.228000,0.228000,0.000000,0.000000,0.228000
30.744000,Descend,3.598533,0.030266,-6.088997,2.759747,-0.140037,0.015221,4.304301,-0.003195,0.214808,4.284655,-0.016713,0.213698,5.192417,-0.080839,0.219374,1.752436,-0.123795,0.010958,0.686122,-0.046979,0.164336,-0.038566,0.687729,0.168800,0.159858,-0.030577,1.752436,-0.123795,1.912294,-0.154372,0.603066,6.088997,-1.000000,0,0,0.248000,0.248000,0.000000,0.000000,0.248000
30.760000,Descend,3.663389,0.026783,-6.090010,2.753285,-0.143367,0.015555,4.304301,-0.003195,0.214808,4.284655,-0.016713,0.213698,5.213446,-0.082325,0.219506,1.752436,-0.123795,0.010958,0.621266,-0.043496,0.090816,-0.033123,0.622787,0.096668,0.101057,-0.026222,1.752436,-0.123795,1.853493,-0.150017,0.687221,6.090010,-1.000000,0,0,0.264000,0.264000,0.000000,0.000000,0.264000
30.768000,Descend,3.663389,0.026783,-6.090010,2.753285,-0.143367,0.015555,4.304301,-0.003195,0.214808,4.284655,-0.016713,0.213698,5.213446,-0.082325,0.219506,1.752436,-0.123795,0.010958,0.621266,-0.043496,0.090816,-0.033123,0.622787,0.096668,0.101064,-0.026222,1.752436,-0.123795,1.853500,-0.150017,0.687221,6.090010,-1.000000,0,0,0.272000,0.272000,0.000000,0.000000,0.272000
30.784000,Descend,3.706457,0.024406,-6.090469,2.748049,-0.145125,0.034086,4.304301,-0.003195,0.214808,4.284655,-0.016713,0.213698,5.255505,-0.085296,0.219769,1.752436,-0.123795,0.010958,0.578198,-0.041120,0.026628,-0.029303,0.579658,0.039595,0.049714,-0.023166,1.752436,-0.123795,1.802150,-0.146961,0.753806,6.090469,-1.000000,0,0,0.288000,0.288000,0.000000,0.000000,0.288000
30.792000,Descend,3.749366,0.021955,-6.090563,2.742295,-0.146660,0.071182,4.806760,-0.014977,0.161865,4.769114,-0.032801,0.205531,5.216392,-0.056559,0.206669,1.707166,-0.090679,0.004343,1.019748,-0.054756,0.748545,-0.040089,1.021217,0.749617,0.627307,-0.031795,1.707166,-0.090679,1.870150,-0.122474,0.000000,6.090563,-1.000000,0,0,0.000000,0.000000,0.000000,0.000000,0.004000
30.812000,Descend,3.749366,0.021955,-6.090563,2.742295,-0.146660,0.071182,4.806760,-0.014977,0.161865,4.769114,-0.032801,0.205531,5.271021,-0.059461,0.206808,1.707166,-0.090679,0.004343,1.019748,-0.054756,0.715420,-0.038297,1.021217,0.716445,0.600950,-0.030362,1.707166,-0.090679,2.040150,-0.121041,0.000000,6.090563,-1.000000,0,0,0.020000,0.020000,0.000000,0.000000,0.024000
30.824000,Descend,3.813388,0.018230,-6.089188,2.732948,-0.148618,0.148269,4.806760,-0.014977,0.161865,4.769114,-0.032801,0.205531,5.277849,-0.059824,0.206825,1.707166,-0.090679,0.004343,0.955726,-0.051032,0.650043,-0.033766,0.957087,0.650919,0.548726,-0.026737,1.707166,-0.090679,2.142150,-0.117416,0.000000,6.089188,-1.000000,0,0,0.032000,0.032000,0.000000,0.000000,0.036000
30.832000,Descend,3.855913,0.015731,-6.087093,2.726136,-0.149678,0.204510,4.883252,-0.017075,0.132036,4.826193,-0.027719,0.191228,5.278561,-0.048100,0.190152,1.700631,-0.076620,-0.004047,0.970280,-0.043451,0.697495,-0.024017,0.971252,0.697909,0.586744,-0.018938,1.700631,-0.076620,2.210150,-0.095558,0.000000,6.087093,-1.000000,0,0,0.008000,0.008000,0.000000,0.000000,0.008000
30.848000,Descend,3.855913,0.015731,-6.087093,2.726136,-0.149678,0.204510,4.883252,-0.017075,0.132036,4.826193,-0.027719,0.191228,5.319376,-0.049939,0.190055,1.700631,-0.076620,-0.004047,0.970280,-0.043451,0.672883,-0.022264,0.971252,0.673251,0.567162,-0.017535,1.700631,-0.076620,2.267792,-0.094155,0.000000,6.087093,-1.000000,0,0,0.024000,0.024000,0.000000,0.000000,0.024000
30.856000,Descend,3.919217,0.011866,-6.082752,2.711469,-0.151769,0.221988,4.883252,-0.017075,0.132036,4.826193,-0.027719,0.191228,5.319376,-0.049939,0.190055,1.700631,-0.076620,-0.004047,0.906976,-0.039586,0.613833,-0.017792,0.907840,0.614091,0.519971,-0.013958,1.700631,-0.076620,2.220602,-0.090578,0.000000,6.082752,-1.000000,0,0,0.032000,0.032000,0.000000,0.000000,0.032000
30.868000,Descend,3.919217,0.011866,-6.082752,2.711469,-0.151769,0.221988,4.883252,-0.017075,0.132036,4.826193,-0.027719,0.191228,5.346586,-0.051165,0.189990,1.700631,-0.076620,-0.004047,0.906976,-0.039586,0.597660,-0.016590,0.907840,0.597890,0.507104,-0.012996,1.700631,-0.076620,2.207735,-0.089616,0.000000,6.082752,-1.000000,0,0,0.044000,0.044000,0.000000,0.000000,0.044000
30.888000,Descend,3.961145,0.009257,-6.079763,2.699619,-0.153154,0.210192,4.883252,-0.017075,0.132036,4.826193,-0.027719,0.191228,5.380599,-0.052698,0.189909,1.700631,-0.076620,-0.004047,0.865048,-0.036976,0.539378,-0.012026,0.865838,0.539512,0.460565,-0.009345,1.700631,-0.076620,2.161196,-0.085965,0.000000,6.079763,-1.000000,0,0,0.060000,0.060000,0.000000,0.000000,0.060000
30.892000,Descend,4.002810,0.006618,-6.076909,2.686639,-0.154321,0.192961,4.883252,-0.017075,0.132036,4.826193,-0.027719,0.191228,5.380599,-0.052698,0.189909,1.700631,-0.076620,-0.004047,0.823382,-0.034337,0.501944,-0.009006,0.824098,0.502024,0.430658,-0.006929,1.700631,-0.076620,2.131288,-0.083549,0.000000,6.076909,-1.000000,0,0,0.068000,0.068000,0.000000,0.000000,0.068000
30.912000,Descend,4.002810,0.006618,-6.076909,2.686639,-0.154321,0.192961,4.883252,-0.017075,0.132036,4.826193,-0.027719,0.191228,5.421413,-0.054537,0.189812,1.700631,-0.076620,-0.004047,0.823382,-0.034337,0.478279,-0.007142,0.824098,0.478332,0.411803,-0.005437,1.700631,-0.076620,2.112433,-0.082058,0.000000,6.076909,-1.000000,0,0,0.084000,0.084000,0.000000,0.000000,0.084000
30.924000,Descend,4.064779,0.002640,-6.072962,2.665969,-0.155786,0.165761,4.883252,-0.017075,0.132036,4.826193,-0.027719,0.191228,5.448624,-0.055762,0.189747,1.700631,-0.076620,-0.004047,0.761414,-0.030360,0.408100,-0.001385,0.762019,0.408102,0.355724,-0.000832,1.700631,-0.076620,2.056355,-0.077452,0.000000,6.072962,-1.000000,0,0,0.100000,0.100000,0.000000,0.000000,0.100000
30.924000,Descend,4.064779,0.002640,-6.072962,2.665969,-0.155786,0.165761,4.883252,-0.017075,0.132036,4.826193,-0.027719,0.191228,5.421413,-0.054537,0.189812,1.700631,-0.076620,-0.004047,0.761414,-0.030360,0.423545,-0.002652,0.762019,0.423553,0.368085,-0.001845,1.700631,-0.076620,2.064855,-0.078466,0.000000,6.072962,-1.000000,0,0,0.100000,0.100000,0.000000,0.000000,0.100000
30.936000,Descend,4.105797,-0.000019,-6.070614,2.651837,-0.156450,0.148653,4.883252,-0.017075,0.132036,4.826193,-0.027719,0.191228,5.462229,-0.056375,0.189715,1.700631,-0.076620,-0.004047,0.720396,-0.027701,0.364645,0.002156,0.720928,0.364651,0.321009,0.002001,1.700631,-0.076620,2.021639,-0.074620,0.000000,6.070614,-1.000000,0,0,0.112000,0.112000,0.000000,0.000000,0.112000
30.956000,Descend,4.166637,-0.004043,-6.067405,2.630235,-0.157123,0.125847,4.883252,-0.017075,0.132036,4.826193,-0.027719,0.191228,5.509846,-0.058521,0.189601,1.700631,-0.076620,-0.004047,0.659555,-0.023677,0.285854,0.008686,0.659980,0.285986,0.258033,0.007224,1.700631,-0.076620,1.958664,-0.069396,0.466349,6.067405,-1.000000,0,0,0.132000,0.132000,0.000000,0.000000,0.132000
30.956000,Descend,4.166637,-0.004043,-6.067405,2.630235,-0.157123,0.125847,4.883252,-0.017075,0.132036,4.826193,-0.027719,0.191228,5.475834,-0.056988,0.189682,1.700631,-0.076620,-0.004047,0.659555,-0.023677,0.304447,0.007075,0.659980,0.304529,0.272910,0.005936,1.700631,-0.076620,1.967164,-0.070684,0.000000,6.067405,-1.000000,0,0,0.132000,0.132000,0.000000,0.000000,0.132000
30.972000,Descend,4.206979,-0.006712,-6.065549,2.616133,-0.157244,0.112413,4.883252,-0.017075,0.132036,4.826193,-0.027719,0.191228,5.530254,-0.059440,0.189553,1.700631,-0.076620,-0.004047,0.619214,-0.021007,0.240195,0.012371,0.619570,0.240514,0.221548,0.010173,1.700631,-0.076620,1.922178,-0.066447,0.519401,6.065549,-1.000000,0,0,0.148000,0.148000,0.000000,0.000000,0.148000
30.988000,Descend,4.206979,-0.006712,-6.065549,2.616133,-0.157244,0.112413,4.883252,-0.017075,0.132036,4.826193,-0.027719,0.191228,5.557464,-0.060666,0.189488,1.700631,-0.076620,-0.004047,0.619214,-0.021007,0.225547,0.013661,0.619570,0.225961,0.209865,0.011205,1.700631,-0.076620,1.910496,-0.065415,0.536379,6.065549,-1.000000,0,0,0.164000,0.164000,0.000000,0.000000,0.164000
30.992000,Descend,4.206979,-0.006712,-6.065549,2.616133,-0.157244,0.112413,4.883252,-0.017075,0.132036,4.826193,-0.027719,0.191228,5.530254,-0.059440,0.189553,1.700631,-0.076620,-0.004047,0.619214,-0.021007,0.240195,0.012371,0.619570,0.240514,0.221586,0.010173,1.700631,-0.076620,1.918996,-0.066447,0.519401,6.065549,-1.000000,0,0,0.164000,0.164000,0.000000,0.004000,0.168000
31.008000,Descend,4.266821,-0.010714,-6.063237,2.595083,-0.156994,0.094820,4.883252,-0.017075,0.132036,4.826193,-0.027719,0.191228,5.598279,-0.062505,0.189391,1.700631,-0.076620,-0.004047,0.559372,-0.017006,0.153290,0.019484,0.559630,0.154524,0.152093,0.015863,1.700631,-0.076620,1.852723,-0.060757,0.619722,6.063237,-1.000000,0,0,0.184000,0.184000,0.000000,0.000000,0.184000
31.024000,Descend,4.306371,-0.013367,-6.061980,2.581158,-0.156621,0.084807,4.883252,-0.017075,0.132036,4.826193,-0.027719,0.191228,5.618687,-0.063425,0.189342,1.700631,-0.076620,-0.004047,0.519822,-0.014352,0.109496,0.022928,0.520020,0.111870,0.117074,0.018619,1.700631,-0.076620,1.817705,-0.058002,0.669484,6.061980,-1.000000,0,0,0.200000,0.200000,0.000000,0.000000,0.200000
31.040000,Descend,4.345632,-0.016008,-6.060869,2.568188,-0.156042,0.090738,4.883252,-0.017075,0.132036,4.826193,-0.027719,0.191228,5.645897,-0.064650,0.189278,1.700631,-0.076620,-0.004047,0.480561,-0.011712,0.062399,0.026570,0.480704,0.067820,0.079407,0.021532,1.700631,-0.076620,1.780038,-0.055089,0.720877,6.060869,-1.000000,0,0,0.216000,0.216000,0.000000,0.000000,0.216000
31.056000,Descend,4.404020,-0.019940,-6.058686,2.550949,-0.154945,0.135658,4.883252,-0.017075,0.132036,4.826193,-0.027719,0.191228,5.673107,-0.065876,0.189213,1.700631,-0.076620,-0.004047,0.422173,-0.007779,-0.001286,0.031227,0.422245,0.031253,0.028460,0.025257,1.700631,-0.076620,1.729090,-0.051363,0.763538,6.058686,-1.000000,0,0,0.232000,0.232000,0.000000,0.000000,0.232000
31.056000,Descend,4.404020,-0.019940,-6.058686,2.550949,-0.154945,0.135658,4.883252,-0.017075,0.132036,4.826193,-0.027719,0.191228,5.645897,-0.064650,0.189278,1.700631,-0.076620,-0.004047,0.422173,-0.007779,0.012320,0.029973,0.422245,0.032406,0.039344,0.024255,1.700631,-0.076620,1.737590,-0.052366,0.762192,6.058686,-1.000000,0,0,0.232000,0.232000,0.000000,0.000000,0.232000
31.076000,Descend,4.473069,-0.024376,-6.054104,2.533663,-0.153430,0.218109,4.883252,-0.017075,0.132036,4.826193,-0.027719,0.191228,5.713922,-0.067715,0.189116,1.700631,-0.076620,-0.004047,0.353124,-0.003343,-0.081719,0.036751,0.353140,0.089603,-0.035904,0.029677,1.700631,-0.076620,1.664727,-0.046943,0.695464,6.054104,-1.000000,0,0,0.252000,0.252000,0.000000,0.000000,0.252000
31.088000,Descend,4.473069,-0.024376,-6.054104,2.533663,-0.153430,0.218109,4.883252,-0.017075,0.132036,4.826193,-0.027719,0.191228,5.720725,-0.068022,0.189099,1.700631,-0.076620,-0.004047,0.353124,-0.003343,-0.085051,0.037058,0.353140,0.092774,-0.038579,0.029923,1.700631,-0.076620,1.662051,-0.046698,0.691764,6.054104,-1.000000,0,0,0.264000,0.264000,0.000000,0.000000,0.264000
31.100000,Descend,4.511298,-0.026940,-6.050571,2.523380,-0.152642,0.272411,4.883252,-0.017075,0.132036,4.826193,-0.027719,0.191228,5.727527,-0.068328,0.189083,1.700631,-0.076620,-0.004047,0.314895,-0.000780,-0.121162,0.039512,0.314896,0.127442,-0.067478,0.031885,1.700631,-0.076620,1.633153,-0.044735,0.651318,6.050571,-1.000000,0,0,0.272000,0.272000,0.004000,0.000000,0.276000
31.120000,Descend,4.549438,-0.029477,-6.046118,2.513281,-0.151666,0.328185,4.883252,-0.017075,0.132036,4.826193,-0.027719,0.191228,5.781947,-0.070780,0.188954,1.700631,-0.076620,-0.004047,0.276755,0.001758,-0.179955,0.043934,0.276761,0.185240,-0.114548,0.035423,1.700631,-0.076620,1.586083,-0.041197,0.583887,6.046118,-1.000000,0,0,0.292000,0.292000,0.000000,0.000000,0.292000
31.120000,Descend,4.549438,-0.029477,-6.046118,2.513281,-0.151666,0.328185,4.883252,-0.017075,0.132036,4.826193,-0.027719,0.191228,5.761539,-0.069861,0.189002,1.700631,-0.076620,-0.004047,0.276755,0.001758,-0.170203,0.043033,0.276761,0.175559,-0.106753,0.034703,1.700631,-0.076620,1.593877,-0.041918,0.595182,6.046118,-1.000000,0,0,0.296000,0.296000,0.000000,0.000000,0.296000
31.128000,Descend,4.549438,-0.029477,-6.046118,2.513281,-0.151666,0.328185,4.883252,-0.017075,0.132036,4.826193,-0.027719,0.191228,5.781947,-0.070780,0.188954,1.700631,-0.076620,-0.004047,0.276755,0.001758,-0.179955,0.043934,0.276761,0.185240,-0.114569,0.035423,1.700631,-0.076620,1.586061,-0.041197,0.583887,6.046118,-1.000000,0,0,0.304000,0.304000,0.000000,0.000000,0.304000
31.144000,Descend,4.606126,-0.033211,-6.037828,2.496945,-0.149889,0.400663,4.883252,-0.017075,0.132036,4.826193,-0.027719,0.191228,5.822762,-0.072619,0.188857,1.700631,-0.076620,-0.004047,0.220067,0.005492,-0.246573,0.048428,0.220136,0.251284,-0.167903,0.039018,1.700631,-0.076620,1.532727,-0.037602,0.506836,6.037828,-1.000000,0,0,0.320000,0.320000,0.000000,0.000000,0.320000
31.156000,Descend,4.643677,-0.035651,-6.031347,2.485082,-0.148548,0.438450,5.215984,-0.017792,0.185525,5.265068,-0.031778,0.183649,5.665352,-0.042569,0.181628,1.504829,-0.040568,-0.007599,0.621390,0.003873,0.360643,0.032596,0.621402,0.362113,0.317913,0.026353,1.504829,-0.040568,1.634727,-0.014215,0.000000,6.031347,-1.000000,0,0,0.004000,0.004000,0.000000,0.000000,0.004000
31.164000,Descend,4.643677,-0.035651,-6.031347,2.485082,-0.148548,0.438450,5.215984,-0.017792,0.185525,5.265068,-0.031778,0.183649,5.671371,-0.042731,0.181597,1.504829,-0.040568,-0.007599,0.621390,0.003873,0.356722,0.033028,0.621402,0.358248,0.314804,0.026698,1.504829,-0.040568,1.702727,-0.013870,0.000000,6.031347,-1.000000,0,0,0.012000,0.012000,0.000000,0.000000,0.012000
31.180000,Descend,4.699607,-0.039235,-6.020539,2.465923,-0.146136,0.481087,5.215984,-0.017792,0.185525,5.265068,-0.031778,0.183649,5.707487,-0.043705,0.181415,1.504829,-0.040568,-0.007599,0.565460,0.007457,0.282898,0.038494,0.565509,0.285505,0.255791,0.031071,1.504829,-0.040568,1.760619,-0.009497,0.466910,6.020539,-1.000000,0,0,0.028000,0.028000,0.000000,0.000000,0.028000
31.188000,Descend,4.699607,-0.039235,-6.020539,2.465923,-0.146136,0.481087,5.300753,-0.020274,0.195352,5.293236,-0.025816,0.179587,5.668230,-0.032888,0.177078,1.453465,-0.027412,-0.009725,0.593629,0.013419,0.332415,0.044050,0.593781,0.335321,0.295430,0.035516,1.453465,-0.027412,1.748896,0.008104,0.000000,6.020539,-1.000000,0,0,0.000000,0.000000,0.000000,0.000000,0.000000
31.196000,Descend,4.754879,-0.042716,-6.008708,2.442439,-0.142981,0.474271,5.300753,-0.020274,0.195352,5.293236,-0.025816,0.179587,5.679858,-0.033108,0.177001,1.453465,-0.027412,-0.009725,0.538357,0.016900,0.275290,0.047641,0.538622,0.279382,0.249753,0.038389,1.453465,-0.027412,1.703218,0.010977,0.474054,6.008708,-1.000000,0,0,0.008000,0.008000,0.000000,0.000000,0.008000
31.216000,Descend,4.791385,-0.044965,-6.001158,2.423975,-0.140344,0.436496,5.300753,-0.020274,0.195352,5.293236,-0.025816,0.179587,5.726369,-0.033985,0.176689,1.453465,-0.027412,-0.009725,0.501851,0.019149,0.212639,0.052803,0.502216,0.219097,0.199675,0.042529,1.453465,-0.027412,1.653140,0.015117,0.544387,6.001158,-1.000000,0,0,0.028000,0.028000,0.000000,0.000000,0.028000
31.220000,Descend,4.791385,-0.044965,-6.001158,2.423975,-0.140344,0.436496,5.342000,-0.016974,0.164965,5.322173,-0.021515,0.172790,5.683501,-0.025999,0.169388,1.422554,-0.017650,-0.013396,0.530787,0.023449,0.276426,0.054614,0.531305,0.281770,0.250715,0.043980,1.422554,-0.017650,1.673270,0.026329,0.471269,6.001158,-1.000000,0,0,0.000000,0.000000,0.000000,0.000000,0.000000
31.232000,Descend,4.791385,-0.044965,-6.001158,2.423975,-0.140344,0.436496,5.342000,-0.016974,0.164965,5.322173,-0.021515,0.172790,5.711953,-0.026352,0.169120,1.422554,-0.017650,-0.013396,0.530787,0.023449,0.256399,0.057068,0.531305,0.262673,0.234724,0.045950,1.422554,-0.017650,1.657278,0.028299,0.493548,6.001158,-1.000000,0,0,0.012000,0.012000,0.000000,0.000000,0.012000
31.252000,Descend,4.844922,-0.048264,-5.990792,2.394804,-0.136160,0.376238,5.342000,-0.016974,0.164965,5.322173,-0.021515,0.172790,5.751784,-0.026846,0.168745,1.422554,-0.017650,-0.013396,0.477251,0.026749,0.183631,0.062539,0.478000,0.193989,0.176547,0.050339,1.422554,-0.017650,1.599101,0.032689,0.573680,5.990792,-1.000000,0,0,0.032000,0.032000,0.000000,0.000000,0.032000
31.252000,Descend,4.880149,-0.050388,-5.984344,2.376976,-0.133625,0.361919,5.342000,-0.016974,0.164965,5.322173,-0.021515,0.172790,5.723333,-0.026493,0.169012,1.422554,-0.017650,-0.013396,0.442023,0.028873,0.172876,0.061578,0.442965,0.183516,0.167945,0.049571,1.422554,-0.017650,1.590601,0.031921,0.585898,5.984344,-1.000000,0,0,0.032000,0.032000,0.000000,0.000000,0.032000
31.272000,Descend,4.880149,-0.050388,-5.984344,2.376976,-0.133625,0.361919,5.342000,-0.016974,0.164965,5.322173,-0.021515,0.172790,5.780235,-0.027199,0.168477,1.422554,-0.017650,-0.013396,0.442023,0.028873,0.134700,0.066217,0.442965,0.150096,0.137430,0.053295,1.422554,-0.017650,1.559985,0.035645,0.624889,5.984344,-1.000000,0,0,0.052000,0.052000,0.000000,0.000000,0.052000
31.288000,Descend,4.915171,-0.052438,-5.977983,2.360263,-0.131082,0.363835,5.342000,-0.016974,0.164965,5.322173,-0.021515,0.172790,5.797306,-0.027411,0.168316,1.422554,-0.017650,-0.013396,0.407001,0.030922,0.093807,0.068809,0.408174,0.116337,0.104731,0.055380,1.422554,-0.017650,1.527285,0.037730,0.664273,5.977983,-1.000000,0,0,0.068000,0.068000,0.000000,0.000000,0.068000
31.288000,Descend,4.915171,-0.052438,-5.977983,2.360263,-0.131082,0.363835,5.392713,-0.019628,0.180787,5.393620,-0.019806,0.169485,5.736956,-0.022884,0.165796,1.373345,-0.012313,-0.014756,0.478449,0.032632,0.231719,0.062324,0.479560,0.239954,0.215063,0.050193,1.373345,-0.012313,1.535785,0.037881,0.520053,5.977983,-1.000000,0,0,0.000000,0.000000,0.000000,0.000000,0.000000
31.304000,Descend,4.950042,-0.054417,-5.971530,2.344352,-0.128550,0.374598,5.392713,-0.019628,0.180787,5.393620,-0.019806,0.169485,5.780903,-0.023278,0.165324,1.373345,-0.012313,-0.014756,0.443578,0.034611,0.169754,0.067390,0.444927,0.182641,0.165518,0.054256,1.373345,-0.012313,1.538863,0.041944,0.586918,5.971530,-1.000000,0,0,0.016000,0.016000,0.000000,0.000000,0.016000
31.320000,Descend,5.001965,-0.057292,-5.961513,2.321434,-0.124703,0.405101,5.392713,-0.019628,0.180787,5.393620,-0.019806,0.169485,5.802877,-0.023475,0.165088,1.373345,-0.012313,-0.014756,0.391655,0.037487,0.109125,0.070979,0.393445,0.130178,0.117033,0.057139,1.373345,-0.012313,1.490377,0.044826,0.648126,5.961513,-1.000000,0,0,0.032000,0.032000,0.000000,0.000000,0.032000
31.320000,Descend,5.001965,-0.057292,-5.961513,2.321434,-0.124703,0.405101,5.392713,-0.019628,0.180787,5.393620,-0.019806,0.169485,5.780903,-0.023278,0.165324,1.373345,-0.012313,-0.014756,0.391655,0.037487,0.124294,0.069181,0.393445,0.142250,0.129169,0.055701,1.373345,-0.012313,1.498877,0.043388,0.634042,5.961513,-1.000000,0,0,0.032000,0.032000,0.000000,0.000000,0.032000
31.336000,Descend,5.001965,-0.057292,-5.961513,2.321434,-0.124703,0.405101,5.392713,-0.019628,0.180787,5.393620,-0.019806,0.169485,5.813864,-0.023573,0.164970,1.373345,-0.012313,-0.014756,0.391655,0.037487,0.101541,0.071878,0.393445,0.124406,0.110978,0.057868,1.373345,-0.012313,1.484323,0.045555,0.654859,5.961513,-1.000000,0,0,0.044000,0.044000,0.000000,0.000000,0.044000
31.348000,Descend,5.053444,-0.060046,-5.950903,2.298859,-0.120666,0.437937,5.392713,-0.019628,0.180787,5.393620,-0.019806,0.169485,5.841331,-0.023819,0.164675,1.373345,-0.012313,-0.014756,0.340176,0.040241,0.038458,0.075564,0.342548,0.084788,0.060512,0.060828,1.373345,-0.012313,1.433857,0.048516,0.701081,5.950903,-1.000000,0,0,0.060000,0.060000,0.000000,0.000000,0.060000
31.352000,Descend,5.087456,-0.061814,-5.943508,2.283834,-0.117895,0.460550,5.392713,-0.019628,0.180787,5.393620,-0.019806,0.169485,5.830344,-0.023721,0.164793,1.373345,-0.012313,-0.014756,0.306164,0.042008,0.016629,0.075583,0.309033,0.077391,0.043049,0.060847,1.373345,-0.012313,1.416394,0.048534,0.709711,5.943508,-1.000000,0,0,0.064000,0.064000,0.000000,0.000000,0.064000
31.368000,Descend,5.087456,-0.061814,-5.943508,2.283834,-0.117895,0.460550,5.392713,-0.019628,0.180787,5.393620,-0.019806,0.169485,5.857810,-0.023967,0.164498,1.373345,-0.012313,-0.014756,0.306164,0.042008,-0.001581,0.077695,0.309033,0.077711,0.028481,0.062545,1.373345,-0.012313,1.401826,0.050233,0.709337,5.943508,-1.000000,0,0,0.076000,0.076000,0.000000,0.000000,0.076000
31.384000,Descend,5.121229,-0.063535,-5.935751,2.268939,-0.115091,0.485738,5.392713,-0.019628,0.180787,5.393620,-0.019806,0.169485,5.896264,-0.024312,0.164084,1.373345,-0.012313,-0.014756,0.272391,0.043729,-0.055397,0.081346,0.275879,0.098418,-0.014583,0.065483,1.373345,-0.012313,1.358762,0.053170,0.685179,5.935751,-1.000000,0,0,0.096000,0.096000,0.000000,0.000000,0.096000
31.384000,Descend,5.121229,-0.063535,-5.935751,2.268939,-0.115091,0.485738,5.392713,-0.019628,0.180787,5.393620,-0.019806,0.169485,5.868797,-0.024066,0.164380,1.373345,-0.012313,-0.014756,0.272391,0.043729,-0.037485,0.079291,0.275879,0.087705,-0.000253,0.063839,1.373345,-0.012313,1.367262,0.051527,0.697678,5.935751,-1.000000,0,0,0.096000,0.096000,0.000000,0.000000,0.096000
31.396000,Descend,5.154761,-0.065210,-5.927600,2.254038,-0.112256,0.511943,5.392713,-0.019628,0.180787,5.393620,-0.019806,0.169485,5.901758,-0.024361,0.164025,1.373345,-0.012313,-0.014756,0.238859,0.045404,-0.086998,0.082383,0.243136,0.119815,-0.039874,0.066323,1.373345,-0.012313,1.333471,0.054010,0.660216,5.927600,-1.000000,0,0,0.108000,0.108000,0.000000,0.000000,0.108000
31.412000,Descend,5.154761,-0.065210,-5.927600,2.254038,-0.112256,0.511943,5.392713,-0.019628,0.180787,5.393620,-0.019806,0.169485,5.929224,-0.024607,0.163730,1.373345,-0.012313,-0.014756,0.238859,0.045404,-0.104612,0.084382,0.243136,0.134402,-0.053982,0.067936,1.373345,-0.012313,1.319363,0.055623,0.643197,5.927600,-1.000000,0,0,0.124000,0.124000,0.000000,0.000000,0.124000
31.420000,Descend,5.204617,-0.067625,-5.914474,2.231857,-0.107896,0.553575,5.392713,-0.019628,0.180787,5.393620,-0.019806,0.169485,5.929224,-0.024607,0.163730,1.373345,-0.012313,-0.014756,0.189003,0.047820,-0.145817,0.085097,0.194959,0.168832,-0.086957,0.068515,1.373345,-0.012313,1.286387,0.056202,0.603030,5.914474,-1.000000,0,0,0.132000,0.132000,0.000000,0.000000,0.132000
31.420000,Descend,5.204617,-0.067625,-5.914474,2.231857,-0.107896,0.553575,5.392713,-0.019628,0.180787,5.393620,-0.019806,0.169485,5.918238,-0.024509,0.163848,1.373345,-0.012313,-0.014756,0.189003,0.047820,-0.138948,0.084333,0.194959,0.162538,-0.081464,0.067904,1.373345,-0.012313,1.291881,0.055591,0.610372,5.914474,-1.000000,0,0,0.132000,0.132000,0.000000,0.000000,0.132000
31.440000,Descend,5.221133,-0.068406,-5.909862,2.224439,-0.106415,0.567451,5.392713,-0.019628,0.180787,5.393620,-0.019806,0.169485,5.973171,-0.025001,0.163258,1.373345,-0.012313,-0.014756,0.172487,0.048600,-0.186675,0.088312,0.179203,0.206510,-0.119683,0.071105,1.373345,-0.012313,1.253662,0.058792,0.559071,5.909862,-1.000000,0,0,0.152000,0.152000,0.000000,0.000000,0.152000
31.452000,Descend,5.270266,-0.070667,-5.895307,2.201289,-0.101709,0.602495,5.392713,-0.019628,0.180787,5.393620,-0.019806,0.169485,5.978665,-0.025051,0.163199,1.373345,-0.012313,-0.014756,0.123354,0.050861,-0.229350,0.088944,0.133428,0.245992,-0.153850,0.071621,1.373345,-0.012313,1.219495,0.059308,0.513009,5.895307,-1.000000,0,0,0.164000,0.164000,0.000000,0.000000,0.164000
31.452000,Descend,5.270266,-0.070667,-5.895307,2.201289,-0.101709,0.602495,5.392713,-0.019628,0.180787,5.393620,-0.019806,0.169485,5.962185,-0.024903,0.163376,1.373345,-0.012313,-0.014756,0.123354,0.050861,-0.219414,0.087871,0.133428,0.236355,-0.145904,0.070764,1.373345,-0.012313,1.227441,0.058451,0.524252,5.895307,-1.000000,0,0,0.164000,0.164000,0.000000,0.000000,0.164000
31.468000,Descend,5.270266,-0.070667,-5.895307,2.201289,-0.101709,0.602495,5.392713,-0.019628,0.180787,5.393620,-0.019806,0.169485,6.006132,-0.025297,0.162904,1.373345,-0.012313,-0.014756,0.123354,0.050861,-0.245909,0.090732,0.133428,0.262113,-0.167139,0.073067,1.373345,-0.012313,1.206206,0.060754,0.494201,5.895307,-1.000000,0,0,0.180000,0.180000,0.000000,0.000000,0.180000
31.484000,Descend,5.302774,-0.072106,-5.885152,2.185372,-0.098486,0.622221,5.392713,-0.019628,0.180787,5.393620,-0.019806,0.169485,6.028105,-0.025494,0.162668,1.373345,-0.012313,-0.014756,0.090846,0.052300,-0.284311,0.092112,0.104825,0.298860,-0.197906,0.074186,1.373345,-0.012313,1.175438,0.061873,0.451329,5.885152,-1.000000,0,0,0.196000,0.196000,0.000000,0.000000,0.196000
31.484000,Descend,5.302774,-0.072106,-5.885152,2.185372,-0.098486,0.622221,5.392713,-0.019628,0.180787,5.393620,-0.019806,0.169485,6.006132,-0.025297,0.162904,1.373345,-0.012313,-0.014756,0.090846,0.052300,-0.271319,0.090733,0.104825,0.286088,-0.187515,0.073084,1.373345,-0.012313,1.183938,0.060771,0.466230,5.885152,-1.000000,0,0,0.196000,0.196000,0.000000,0.000000,0.196000
31.500000,Descend,5.350979,-0.074169,-5.869256,2.159987,-0.093242,0.637824,5.392713,-0.019628,0.180787,5.393620,-0.019806,0.169485,6.050079,-0.025691,0.162432,1.373345,-0.012313,-0.014756,0.042641,0.054364,-0.333374,0.093048,0.069091,0.346116,-0.237213,0.074950,1.373345,-0.012313,1.136132,0.062638,0.000000,5.869256,-1.000000,0,0,0.212000,0.212000,0.000000,0.000000,0.212000
31.516000,Descend,5.382891,-0.075473,-5.858540,2.142126,-0.089590,0.641119,5.392713,-0.019628,0.180787,5.393620,-0.019806,0.169485,6.072052,-0.025888,0.162196,1.373345,-0.012313,-0.014756,0.010729,0.055667,-0.369049,0.093843,0.056692,0.380793,-0.265812,0.075601,1.373345,-0.012313,1.107533,0.063288,0.000000,5.858540,-1.000000,0,0,0.228000,0.228000,0.000000,0.000000,0.228000
31.516000,Descend,5.382891,-0.075473,-5.858540,2.142126,-0.089590,0.641119,5.392713,-0.019628,0.180787,5.393620,-0.019806,0.169485,6.050079,-0.025691,0.162432,1.373345,-0.012313,-0.014756,0.010729,0.055667,-0.356749,0.092606,0.056692,0.368572,-0.255975,0.074613,1.373345,-0.012313,1.116033,0.062300,0.000000,5.858540,-1.000000,0,0,0.228000,0.228000,0.000000,0.000000,0.228000
31.516000,Descend,5.382891,-0.075473,-5.858540,2.142126,-0.089590,0.641119,5.392713,-0.019628,0.180787,5.393620,-0.019806,0.169485,6.050079,-0.025691,0.162432,1.373345,-0.012313,-0.014756,0.010729,0.055667,-0.356749,0.092606,0.056692,0.368572,-0.255978,0.074614,1.373345,-0.012313,1.117366,0.062301,0.000000,5.858540,-1.000000,0,0,0.228000,0.228000,0.000000,0.000000,0.228000
31.532000,Descend,5.455086,-0.078284,-5.834762,2.098609,-0.080316,0.613892,5.392713,-0.019628,0.180787,5.393620,-0.019806,0.169485,6.094026,-0.026085,0.161959,1.373345,-0.012313,-0.014756,-0.061466,0.058479,-0.431351,0.093161,0.084840,0.441297,-0.315729,0.075072,1.373345,-0.012313,1.057615,0.062760,0.000000,5.834762,-1.000000,0,0,0.244000,0.244000,0.000000,0.000000,0.244000
31.552000,Descend,5.455086,-0.078284,-5.834762,2.098609,-0.080316,0.613892,5.392713,-0.019628,0.180787,5.393620,-0.019806,0.169485,6.126986,-0.026381,0.161605,1.373345,-0.012313,-0.014756,-0.061466,0.058479,-0.448758,0.094793,0.084840,0.458660,-0.329744,0.076397,1.373345,-0.012313,1.043600,0.064084,0.000000,5.834762,-1.000000,0,0,0.264000,0.264000,0.000000,0.000000,0.264000
31.552000,Descend,5.485685,-0.079322,-5.824591,2.074249,-0.075179,0.561914,5.392713,-0.019628,0.180787,5.393620,-0.019806,0.169485,6.099519,-0.026134,0.161900,1.373345,-0.012313,-0.014756,-0.092065,0.059516,-0.452330,0.091830,0.109627,0.461557,-0.332607,0.074028,1.373345,-0.012313,1.040738,0.061715,0.000000,5.824591,-1.000000,0,0,0.264000,0.264000,0.000000,0.000000,0.264000
31.564000,Descend,5.485685,-0.079322,-5.824591,2.074249,-0.075179,0.561914,5.392713,-0.019628,0.180787,5.393620,-0.019806,0.169485,6.132480,-0.026430,0.161546,1.373345,-0.012313,-0.014756,-0.092065,0.059516,-0.469151,0.093339,0.109627,0.478346,-0.346120,0.075246,1.373345,-0.012313,1.027225,0.062933,0.000000,5.824591,-1.000000,0,0,0.276000,0.276000,0.000000,0.000000,0.276000
31.584000,Descend,5.531018,-0.080702,-5.811116,2.035879,-0.067244,0.472248,5.392713,-0.019628,0.180787,5.393620,-0.019806,0.169485,6.170933,-0.026775,0.161133,1.373345,-0.012313,-0.014756,-0.137398,0.060897,-0.512393,0.091988,0.150289,0.520584,-0.380816,0.074184,1.373345,-0.012313,0.992529,0.061871,0.000000,5.811116,-1.000000,0,0,0.296000,0.296000,0.000000,0.000000,0.296000
31.584000,Descend,5.531018,-0.080702,-5.811116,2.035879,-0.067244,0.472248,5.392713,-0.019628,0.180787,5.393620,-0.019806,0.169485,6.143466,-0.026528,0.161428,1.373345,-0.012313,-0.014756,-0.137398,0.060897,-0.499142,0.090889,0.150289,0.507349,-0.370220,0.073306,1.373345,-0.012313,1.001029,0.060993,0.000000,5.811116,-1.000000,0,0,0.296000,0.296000,0.000000,0.000000,0.296000
31.592000,Descend,5.531018,-0.080702,-5.811116,2.035879,-0.067244,0.472248,5.392713,-0.019628,0.180787,5.393620,-0.019806,0.169485,6.165440,-0.026725,0.161192,1.373345,-0.012313,-0.014756,-0.137398,0.060897,-0.509743,0.091768,0.150289,0.517937,-0.378742,0.074016,1.373345,-0.012313,0.994603,0.061703,0.000000,5.811116,-1.000000,0,0,0.304000,0.304000,0.000000,0.000000,0.304000
31.612000,Descend,5.575503,-0.081853,-5.799755,1.997218,-0.059373,0.388591,5.392713,-0.019628,0.180787,5.393620,-0.019806,0.169485,6.209387,-0.027119,0.160720,1.373345,-0.012313,-0.014756,-0.181883,0.062047,-0.552464,0.090002,0.192176,0.559748,-0.413029,0.072621,1.373345,-0.012313,0.960315,0.060308,0.000000,5.799755,-1.000000,0,0,0.324000,0.324000,0.000000,0.000000,0.324000
31.616000,Descend,5.604591,-0.082492,-5.793347,1.971562,-0.054350,0.339111,5.392713,-0.019628,0.180787,5.393620,-0.019806,0.169485,6.192907,-0.026972,0.160897,1.373345,-0.012313,-0.014756,-0.210971,0.062687,-0.559134,0.087153,0.220088,0.565885,-0.418387,0.070345,1.373345,-0.012313,0.954957,0.058032,0.000000,5.793347,-1.000000,0,0,0.328000,0.328000,0.000000,0.000000,0.328000
31.628000,Descend,5.604591,-0.082492,-5.793347,1.971562,-0.054350,0.339111,5.392713,-0.019628,0.180787,5.393620,-0.019806,0.169485,6.220374,-0.027218,0.160602,1.373345,-0.012313,-0.014756,-0.210971,0.062687,-0.571098,0.087993,0.220088,0.577837,-0.428027,0.071028,1.373345,-0.012313,0.945318,0.058716,0.000000,5.793347,-1.000000,0,0,0.340000,0.340000,0.000000,0.000000,0.340000
31.644000,Descend,5.633385,-0.083059,-5.787717,1.946251,-0.049521,0.295164,5.392713,-0.019628,0.180787,5.393620,-0.019806,0.169485,6.247840,-0.027464,0.160307,1.373345,-0.012313,-0.014756,-0.239765,0.063254,-0.596112,0.086397,0.247968,0.602341,-0.448134,0.069765,1.373345,-0.012313,0.925211,0.057453,0.000000,5.787717,-1.000000,0,0,0.356000,0.356000,0.000000,0.000000,0.356000
31.648000,Descend,5.633385,-0.083059,-5.787717,1.946251,-0.049521,0.295164,5.392713,-0.019628,0.180787,5.393620,-0.019806,0.169485,6.236854,-0.027366,0.160425,1.373345,-0.012313,-0.014756,-0.239765,0.063254,-0.591529,0.086100,0.247968,0.597762,-0.444491,0.069530,1.373345,-0.012313,0.928854,0.057218,0.000000,5.787717,-1.000000,0,0,0.360000,0.360000,0.000000,0.000000,0.360000
31.656000,Descend,5.675753,-0.083709,-5.780782,1.908765,-0.042517,0.238774,5.392713,-0.019628,0.180787,5.393620,-0.019806,0.169485,6.253334,-0.027513,0.160248,1.373345,-0.012313,-0.014756,-0.282133,0.063903,-0.617306,0.082811,0.289280,0.622836,-0.465162,0.066906,1.373345,-0.012313,0.908183,0.054594,0.000000,5.780782,-1.000000,0,0,0.368000,0.368000,0.000000,0.000000,0.368000
31.676000,Descend,5.702974,-0.083953,-5.777199,1.883622,-0.038103,0.206265,5.392713,-0.019628,0.180787,5.393620,-0.019806,0.169485,6.297281,-0.027907,0.159776,1.373345,-0.012313,-0.014756,-0.309354,0.064147,-0.645117,0.081117,0.315935,0.650197,-0.487540,0.065567,1.373345,-0.012313,0.885805,0.053255,0.000000,5.777199,-1.000000,0,0,0.388000,0.388000,0.000000,0.000000,0.388000
31.684000,Descend,5.702974,-0.083953,-5.777199,1.883622,-0.038103,0.206265,5.392713,-0.019628,0.180787,5.393620,-0.019806,0.169485,6.291788,-0.027858,0.159835,1.373345,-0.012313,-0.014756,-0.309354,0.064147,-0.643075,0.081014,0.315935,0.648158,-0.485958,0.065491,1.373345,-0.012313,0.887387,0.053179,0.000000,5.777199,-1.000000,0,0,0.396000,0.396000,0.000000,0.000000,0.396000
31.684000,Descend,5.702974,-0.083953,-5.777199,1.883622,-0.038103,0.206265,5.392713,-0.019628,0.180787,5.393620,-0.019806,0.169485,6.280801,-0.027760,0.159953,1.373345,-0.012313,-0.014756,-0.309354,0.064147,-0.638993,0.080808,0.315935,0.644082,-0.482699,0.065327,1.373345,-0.012313,0.890646,0.053014,0.000000,5.777199,-1.000000,0,0,0.396000,0.396000,0.000000,0.000000,0.396000
31.708000,Descend,5.729631,-0.084079,-5.774306,1.858686,-0.033934,0.177989,5.392713,-0.019628,0.180787,5.393620,-0.019806,0.169485,6.346721,-0.028351,0.159244,1.373345,-0.012313,-0.014756,-0.336011,0.064274,-0.672838,0.079279,0.342103,0.677492,-0.509936,0.064123,1.373345,-0.012313,0.863409,0.051810,0.000000,5.774306,-1.000000,0,0,0.420000,0.420000,0.000000,0.000000,0.420000
31.716000,Descend,5.769048,-0.084047,-5.771334,1.821944,-0.027843,0.142527,5.392713,-0.019628,0.180787,5.393620,-0.019806,0.169485,6.335734,-0.028252,0.159362,1.373345,-0.012313,-0.014756,-0.375428,0.064242,-0.683167,0.074896,0.380885,0.687261,-0.518254,0.060623,1.373345,-0.012313,0.855091,0.048310,0.000000,5.771334,-1.000000,0,0,0.428000,0.428000,0.000000,0.000000,0.428000
31.716000,Descend,5.769048,-0.084047,-5.771334,1.821944,-0.027843,0.142527,5.392713,-0.019628,0.180787,5.393620,-0.019806,0.169485,6.324748,-0.028154,0.159480,1.373345,-0.012313,-0.014756,-0.375428,0.064242,-0.679579,0.074772,0.380885,0.683680,-0.515390,0.060524,1.373345,-0.012313,0.857955,0.048211,0.000000,5.771334,-1.000000,0,0,0.428000,0.428000,0.000000,0.000000,0.428000
31.732000,Descend,5.769048,-0.084047,-5.771334,1.821944,-0.027843,0.142527,5.392713,-0.019628,0.180787,5.393620,-0.019806,0.169485,6.363201,-0.028498,0.159067,1.373345,-0.012313,-0.014756,-0.375428,0.064242,-0.692140,0.075207,0.380885,0.696214,-0.525522,0.060881,1.373345,-0.012313,0.847823,0.048568,0.000000,5.771334,-1.000000,0,0,0.444000,0.444000,0.000000,0.000000,0.444000
31.748000,Descend,5.795035,-0.083929,-5.769901,1.797865,-0.023899,0.123135,5.392713,-0.019628,0.180787,5.393620,-0.019806,0.169485,6.385175,-0.028695,0.158831,1.373345,-0.012313,-0.014756,-0.401415,0.064123,-0.707920,0.072489,0.406505,0.711621,-0.538259,0.058718,1.373345,-0.012313,0.835086,0.046406,0.000000,5.769901,-1.000000,0,0,0.456000,0.456000,0.004000,0.000000,0.460000
31.748000,Descend,5.795035,-0.083929,-5.769901,1.797865,-0.023899,0.123135,5.392713,-0.019628,0.180787,5.393620,-0.019806,0.169485,6.374188,-0.028597,0.158949,1.373345,-0.012313,-0.014756,-0.401415,0.064123,-0.704523,0.072396,0.406505,0.708233,-0.535570,0.058647,1.373345,-0.012313,0.837775,0.046334,0.000000,5.769901,-1.000000,0,0,0.460000,0.460000,0.000000,0.000000,0.460000
31.748000,Descend,5.795035,-0.083929,-5.769901,1.797865,-0.023899,0.123135,5.392713,-0.019628,0.180787,5.393620,-0.019806,0.169485,6.368695,-0.028548,0.159008,1.373345,-0.012313,-0.014756,-0.401415,0.064123,-0.702825,0.072350,0.406505,0.706539,-0.534219,0.058611,1.373345,-0.012313,0.839126,0.046298,0.000000,5.769901,-1.000000,0,0,0.460000,0.460000,0.000000,0.000000,0.460000
31.772000,Descend,5.833493,-0.083616,-5.768460,1.762414,-0.018461,0.099414,5.392713,-0.019628,0.180787,5.393620,-0.019806,0.169485,6.423629,-0.029040,0.158418,1.373345,-0.012313,-0.014756,-0.439873,0.063810,-0.731675,0.068422,0.444477,0.734867,-0.557474,0.055485,1.373345,-0.012313,0.815871,0.043172,0.000000,5.768460,-1.000000,0,0,0.484000,0.484000,0.000000,0.000000,0.484000
31.780000,Descend,5.858738,-0.083320,-5.767870,1.739018,-0.014905,0.086349,5.392713,-0.019628,0.180787,5.393620,-0.019806,0.169485,6.423629,-0.029040,0.158418,1.373345,-0.012313,-0.014756,-0.465118,0.063514,-0.739373,0.065459,0.469435,0.742265,-0.563692,0.053119,1.373345,-0.012313,0.809653,0.040807,0.000000,5.767870,-1.000000,0,0,0.492000,0.492000,0.000000,0.000000,0.492000
31.780000,Descend,5.858738,-0.083320,-5.767870,1.739018,-0.014905,0.086349,5.392713,-0.019628,0.180787,5.393620,-0.019806,0.169485,6.412642,-0.028942,0.158536,1.373345,-0.012313,-0.014756,-0.465118,0.063514,-0.736448,0.065438,0.469435,0.739350,-0.561359,0.053103,1.373345,-0.012313,0.811985,0.040791,0.000000,5.767870,-1.000000,0,0,0.492000,0.492000,0.000000,0.000000,0.492000
31.796000,Descend,5.895986,-0.082746,-5.767452,1.704358,-0.009928,0.070564,5.392713,-0.019628,0.180787,5.393620,-0.019806,0.169485,6.423629,-0.029040,0.158418,1.373345,-0.012313,-0.014756,-0.502366,0.062941,-0.750626,0.061152,0.506293,0.753112,-0.572821,0.049685,1.373345,-0.012313,0.800524,0.037372,0.000000,5.767452,-1.000000,0,0,0.508000,0.508000,0.000000,0.000000,0.508000
31.812000,Descend,5.895986,-0.082746,-5.767452,1.704358,-0.009928,0.070564,5.392713,-0.019628,0.180787,5.393620,-0.019806,0.169485,6.423629,-0.029040,0.158418,1.373345,-0.012313,-0.014756,-0.502366,0.062941,-0.750626,0.061152,0.506293,0.753112,-0.572941,0.049695,1.373345,-0.012313,0.800403,0.037382,0.000000,5.767452,-1.000000,0,0,0.524000,0.524000,0.000000,0.000000,0.524000
31.816000,Descend,5.920290,-0.082246,-5.767543,1.681427,-0.006628,0.062019,6.051199,0.008342,0.141400,6.059384,-0.003385,0.156474,6.379833,0.004413,0.151950,1.261608,0.030698,-0.017810,0.139094,0.078861,0.032460,0.088342,0.159895,0.094117,0.053527,0.071450,1.261608,0.030698,0.834403,0.071382,0.690197,5.767543,-1.000000,0,0,0.000000,0.000000,0.000000,0.000000,0.000000
31.828000,Descend,5.920290,-0.082246,-5.767543,1.681427,-0.006628,0.062019,6.051199,0.008342,0.141400,6.059384,-0.003385,0.156474,6.405065,0.005027,0.151594,1.261608,0.030698,-0.017810,0.139094,0.078861,0.024064,0.089089,0.159895,0.092281,0.046810,0.072058,1.261608,0.030698,0.936403,0.102756,0.692338,5.767543,-1.000000,0,0,0.012000,0.012000,0.000000,0.000000,0.012000
31.844000,Descend,5.944359,-0.081724,-5.767699,1.658861,-0.003578,0.054828,6.051199,0.008342,0.141400,6.059384,-0.003385,0.156474,6.430297,0.005641,0.151238,1.261608,0.030698,-0.017810,0.115026,0.078339,-0.001767,0.088416,0.139169,0.088434,0.026145,0.071534,1.261608,0.030698,1.072403,0.102232,0.696827,5.767699,-1.000000,0,0,0.028000,0.028000,0.000000,0.000000,0.028000
31.848000,Descend,5.944359,-0.081724,-5.767699,1.658861,-0.003578,0.054828,6.051199,0.008342,0.141400,6.059384,-0.003385,0.156474,6.420204,0.005395,0.151380,1.261608,0.030698,-0.017810,0.115026,0.078339,0.001411,0.088142,0.139169,0.088153,0.028688,0.071318,1.261608,0.030698,1.106403,0.102016,0.697154,5.767699,-1.000000,0,0,0.032000,0.032000,0.000000,0.000000,0.032000
31.856000,Descend,5.944359,-0.081724,-5.767699,1.658861,-0.003578,0.054828,6.051199,0.008342,0.141400,6.059384,-0.003385,0.156474,6.435343,0.005763,0.151167,1.261608,0.030698,-0.017810,0.115026,0.078339,-0.003356,0.088553,0.139169,0.088617,0.024874,0.071654,1.261608,0.030698,1.174403,0.102352,0.696614,5.767699,-1.000000,0,0,0.040000,0.040000,0.000000,0.000000,0.040000
31.872000,Descend,5.979657,-0.080781,-5.768328,1.625239,0.000731,0.047380,6.051199,0.008342,0.141400,6.059384,-0.003385,0.156474,6.465622,0.006500,0.150739,1.261608,0.030698,-0.017810,0.079728,0.077396,-0.037362,0.087045,0.111115,0.094725,-0.002330,0.070462,1.261608,0.030698,1.259277,0.101160,0.689488,5.768328,-1.000000,0,0,0.056000,0.056000,0.000000,0.000000,0.056000
31.880000,Descend,6.020616,-0.079725,-5.768313,1.593727,0.004443,0.098981,6.051199,0.008342,0.141400,6.059384,-0.003385,0.156474,6.465622,0.006500,0.150739,1.261608,0.030698,-0.017810,0.038769,0.076341,-0.068174,0.084795,0.085621,0.108802,-0.026985,0.068668,1.261608,0.030698,1.234622,0.099366,0.673064,5.768313,-1.000000,0,0,0.064000,0.064000,0.000000,0.000000,0.064000
31.888000,Descend,6.020616,-0.079725,-5.768313,1.593727,0.004443,0.098981,6.051199,0.008342,0.141400,6.059384,-0.003385,0.156474,6.455529,0.006254,0.150882,1.261608,0.030698,-0.017810,0.038769,0.076341,-0.065516,0.084585,0.085621,0.106991,-0.024860,0.068501,1.261608,0.030698,1.236747,0.099199,0.675178,5.768313,-1.000000,0,0,0.064000,0.064000,0.000000,0.000000,0.064000
31.900000,Descend,6.043370,-0.079007,-5.767575,1.578214,0.006229,0.149601,6.051199,0.008342,0.141400,6.059384,-0.003385,0.156474,6.505993,0.007482,0.150169,1.261608,0.030698,-0.017810,0.016014,0.075623,-0.096065,0.084284,0.077300,0.127798,-0.049318,0.068278,1.261608,0.030698,1.212290,0.098976,0.650903,5.767575,-1.000000,0,0,0.084000,0.084000,0.000000,0.000000,0.084000
31.912000,Descend,6.065814,-0.078215,-5.766059,1.563385,0.007924,0.205372,6.051199,0.008342,0.141400,6.059384,-0.003385,0.156474,6.511040,0.007605,0.150098,1.261608,0.030698,-0.017810,-0.006430,0.074830,-0.114466,0.082984,0.075106,0.141382,-0.064053,0.067247,1.261608,0.030698,1.197555,0.097945,0.635055,5.766059,-1.000000,0,0,0.096000,0.096000,0.000000,0.000000,0.096000
31.916000,Descend,6.065814,-0.078215,-5.766059,1.563385,0.007924,0.205372,6.051199,0.008342,0.141400,6.059384,-0.003385,0.156474,6.495901,0.007237,0.150312,1.261608,0.030698,-0.017810,-0.006430,0.074830,-0.110845,0.082710,0.075106,0.138302,-0.061157,0.067029,1.261608,0.030698,1.200451,0.097727,0.638647,5.766059,-1.000000,0,0,0.096000,0.096000,0.000000,0.000000,0.096000
31.940000,Descend,6.099170,-0.076992,-5.762009,1.541459,0.010495,0.286758,6.051199,0.008342,0.141400,6.059384,-0.003385,0.156474,6.566551,0.008956,0.149314,1.261608,0.030698,-0.017810,-0.039786,0.073608,-0.152286,0.081729,0.083672,0.172831,-0.094352,0.066267,1.261608,0.030698,1.167255,0.096965,0.598363,5.762009,-1.000000,0,0,0.124000,0.124000,0.000000,0.000000,0.124000
31.948000,Descend,6.099170,-0.076992,-5.762009,1.541459,0.010495,0.286758,6.051199,0.008342,0.141400,6.059384,-0.003385,0.156474,6.551411,0.008588,0.149528,1.261608,0.030698,-0.017810,-0.039786,0.073608,-0.148928,0.081487,0.083672,0.169764,-0.091678,0.066080,1.261608,0.030698,1.169930,0.096777,0.601943,5.762009,-1.000000,0,0,0.132000,0.132000,0.000000,0.000000,0.132000
31.964000,Descend,6.121151,-0.076133,-5.758193,1.526743,0.012282,0.336536,6.051199,0.008342,0.141400,6.059384,-0.003385,0.156474,6.581690,0.009324,0.149101,1.261608,0.030698,-0.017810,-0.061767,0.072749,-0.171533,0.080373,0.095434,0.189429,-0.109789,0.065201,1.261608,0.030698,1.151818,0.095899,0.578999,5.758193,-1.000000,0,0,0.148000,0.148000,0.000000,0.000000,0.148000
31.980000,Descend,6.153801,-0.074789,-5.750842,1.504778,0.015038,0.401025,6.051199,0.008342,0.141400,6.059384,-0.003385,0.156474,6.601876,0.009815,0.148816,1.261608,0.030698,-0.017810,-0.094417,0.071404,-0.198980,0.078138,0.118377,0.213772,-0.131779,0.063426,1.261608,0.030698,1.129829,0.094124,0.550599,5.750842,-1.000000,0,0,0.164000,0.164000,0.000000,0.000000,0.164000
31.988000,Descend,6.153801,-0.074789,-5.750842,1.504778,0.015038,0.401025,6.051199,0.008342,0.141400,6.059384,-0.003385,0.156474,6.601876,0.009815,0.148816,1.261608,0.030698,-0.017810,-0.094417,0.071404,-0.198980,0.078138,0.118377,0.213772,-0.131795,0.063432,1.261608,0.030698,1.129813,0.094130,0.550599,5.750842,-1.000000,0,0,0.172000,0.172000,0.000000,0.000000,0.172000
32.004000,Descend,6.164601,-0.074327,-5.748040,1.497455,0.015986,0.419200,6.051199,0.008342,0.141400,6.059384,-0.003385,0.156474,6.632154,0.010552,0.148388,1.261608,0.030698,-0.017810,-0.105217,0.070943,-0.212292,0.077622,0.126899,0.226038,-0.142478,0.063032,1.261608,0.030698,1.119129,0.093730,0.536289,5.748040,-1.000000,0,0,0.188000,0.188000,0.000000,0.000000,0.188000
32.012000,Descend,6.196718,-0.072871,-5.738486,1.475606,0.018987,0.466558,6.051199,0.008342,0.141400,6.059384,-0.003385,0.156474,6.632154,0.010552,0.148388,1.261608,0.030698,-0.017810,-0.137333,0.069487,-0.234488,0.074803,0.153912,0.246131,-0.160254,0.060783,1.261608,0.030698,1.101353,0.091481,0.512847,5.738486,-1.000000,0,0,0.196000,0.196000,0.000000,0.000000,0.196000
32.028000,Descend,6.196718,-0.072871,-5.738486,1.475606,0.018987,0.466558,6.051199,0.008342,0.141400,6.059384,-0.003385,0.156474,6.662433,0.011289,0.147961,1.261608,0.030698,-0.017810,-0.137333,0.069487,-0.239625,0.075084,0.153912,0.251113,-0.164401,0.061020,1.261608,0.030698,1.097206,0.091718,0.507035,5.738486,-1.000000,0,0,0.212000,0.212000,0.000000,0.000000,0.212000
32.044000,Descend,6.217946,-0.071877,-5.731415,1.461234,0.021080,0.490567,6.051199,0.008342,0.141400,6.059384,-0.003385,0.156474,6.682619,0.011780,0.147676,1.261608,0.030698,-0.017810,-0.158561,0.068492,-0.257177,0.073243,0.172722,0.267403,-0.178484,0.059559,1.261608,0.030698,1.083123,0.090256,0.488030,5.731415,-1.000000,0,0,0.228000,0.228000,0.000000,0.000000,0.228000
32.044000,Descend,6.217946,-0.071877,-5.731415,1.461234,0.021080,0.490567,6.051199,0.008342,0.141400,6.059384,-0.003385,0.156474,6.662433,0.011289,0.147961,1.261608,0.030698,-0.017810,-0.158561,0.068492,-0.253983,0.073089,0.172722,0.264290,-0.175932,0.059436,1.261608,0.030698,1.085676,0.090134,0.491661,5.731415,-1.000000,0,0,0.228000,0.228000,0.000000,0.000000,0.228000
32.060000,Descend,6.248964,-0.070189,-5.719747,1.439891,0.024322,0.518635,6.051199,0.008342,0.141400,6.059384,-0.003385,0.156474,6.702804,0.012271,0.147391,1.261608,0.030698,-0.017810,-0.189579,0.066805,-0.280504,0.070056,0.201006,0.289120,-0.197193,0.057021,1.261608,0.030698,1.064414,0.087719,0.462694,5.719747,-1.000000,0,0,0.244000,0.244000,0.000000,0.000000,0.244000
32.080000,Descend,6.285329,-0.068338,-5.705007,1.416803,0.028251,0.540160,6.051199,0.008342,0.141400,6.059384,-0.003385,0.156474,6.733083,0.013008,0.146963,1.261608,0.030698,-0.017810,-0.225945,0.064953,-0.308819,0.066260,0.235095,0.315847,-0.219907,0.053997,1.261608,0.030698,1.041700,0.084695,0.000000,5.705007,-1.000000,0,0,0.264000,0.264000,0.000000,0.000000,0.264000
32.080000,Descend,6.285329,-0.068338,-5.705007,1.416803,0.028251,0.540160,6.051199,0.008342,0.141400,6.059384,-0.003385,0.156474,6.707850,0.012394,0.147320,1.261608,0.030698,-0.017810,-0.225945,0.064953,-0.305715,0.066211,0.235095,0.312803,-0.217427,0.053959,1.261608,0.030698,1.044180,0.084657,0.000000,5.705007,-1.000000,0,0,0.264000,0.264000,0.000000,0.000000,0.264000
32.092000,Descend,6.305712,-0.067180,-5.696240,1.403964,0.030514,0.547417,6.051199,0.008342,0.141400,6.059384,-0.003385,0.156474,6.738129,0.013131,0.146892,1.261608,0.030698,-0.017810,-0.246327,0.063795,-0.322915,0.063895,0.254454,0.329176,-0.231226,0.052113,1.261608,0.030698,1.030381,0.082811,0.000000,5.696240,-1.000000,0,0,0.276000,0.276000,0.000000,0.000000,0.276000
32.108000,Descend,6.305712,-0.067180,-5.696240,1.403964,0.030514,0.547417,6.051199,0.008342,0.141400,6.059384,-0.003385,0.156474,6.763361,0.013745,0.146536,1.261608,0.030698,-0.017810,-0.246327,0.063795,-0.325762,0.063898,0.254454,0.331969,-0.233556,0.052126,1.261608,0.030698,1.028052,0.082824,0.000000,5.696240,-1.000000,0,0,0.292000,0.292000,0.000000,0.000000,0.292000
32.112000,Descend,6.325943,-0.065980,-5.687205,1.391326,0.032743,0.550018,6.051199,0.008342,0.141400,6.059384,-0.003385,0.156474,6.753268,0.013499,0.146678,1.261608,0.030698,-0.017810,-0.266558,0.062595,-0.337903,0.061470,0.273809,0.343449,-0.243282,0.050186,1.261608,0.030698,1.018325,0.080884,0.000000,5.687205,-1.000000,0,0,0.296000,0.296000,0.000000,0.000000,0.296000
32.124000,Descend,6.325943,-0.065980,-5.687205,1.391326,0.032743,0.550018,6.051199,0.008342,0.141400,6.059384,-0.003385,0.156474,6.778501,0.014113,0.146322,1.261608,0.030698,-0.017810,-0.266558,0.062595,-0.340498,0.061429,0.273809,0.345995,-0.245399,0.050161,1.261608,0.030698,1.016209,0.080859,0.000000,5.687205,-1.000000,0,0,0.308000,0.308000,0.000000,0.000000,0.308000
32.144000,Descend,6.346100,-0.064778,-5.678211,1.378665,0.035255,0.537380,6.051199,0.008342,0.141400,6.059384,-0.003385,0.156474,6.813826,0.014973,0.145823,1.261608,0.030698,-0.017810,-0.286716,0.061394,-0.356716,0.058668,0.293215,0.361508,-0.258445,0.047964,1.261608,0.030698,1.003163,0.078662,0.000000,5.678211,-1.000000,0,0,0.328000,0.328000,0.000000,0.000000,0.328000
32.144000,Descend,6.346100,-0.064778,-5.678211,1.378665,0.035255,0.537380,6.423677,0.004519,0.160664,6.435226,0.004719,0.145354,6.735343,0.011501,0.140139,1.200465,0.027128,-0.020863,0.089127,0.069497,0.044577,0.067465,0.113019,0.080862,0.062590,0.055002,1.200465,0.027128,1.011663,0.082130,0.705662,5.678211,-1.000000,0,0,0.000000,0.000000,0.000000,0.000000,0.000000
32.152000,Descend,6.375988,-0.062893,-5.665484,1.358194,0.039698,0.472028,6.423677,0.004519,0.160664,6.435226,0.004719,0.145354,6.754550,0.011935,0.139805,1.200465,0.027128,-0.020863,0.059238,0.067612,0.017282,0.064268,0.089892,0.066551,0.040754,0.052449,1.200465,0.027128,1.079663,0.079577,0.722357,5.665484,-1.000000,0,0,0.008000,0.008000,0.000000,0.000000,0.008000
32.172000,Descend,6.375988,-0.062893,-5.665484,1.358194,0.039698,0.472028,6.423677,0.004519,0.160664,6.435226,0.004719,0.145354,6.792965,0.012803,0.139137,1.200465,0.027128,-0.020863,0.059238,0.067612,0.012235,0.063866,0.089892,0.065027,0.036716,0.052140,1.200465,0.027128,1.237182,0.079268,0.724135,5.665484,-1.000000,0,0,0.028000,0.028000,0.000000,0.000000,0.028000
32.176000,Descend,6.405527,-0.060940,-5.654480,1.338834,0.043930,0.400050,6.423677,0.004519,0.160664,6.435226,0.004719,0.145354,6.778560,0.012477,0.139388,1.200465,0.027128,-0.020863,0.029699,0.065658,-0.009874,0.060853,0.072063,0.061649,0.019029,0.049733,1.200465,0.027128,1.219494,0.076860,0.728077,5.654480,-1.000000,0,0,0.032000,0.032000,0.000000,0.000000,0.032000
32.184000,Descend,6.405527,-0.060940,-5.654480,1.338834,0.043930,0.400050,6.423677,0.004519,0.160664,6.435226,0.004719,0.145354,6.792965,0.012803,0.139137,1.200465,0.027128,-0.020863,0.029699,0.065658,-0.011535,0.060651,0.072063,0.061738,0.017700,0.049576,1.200465,0.027128,1.218166,0.076704,0.727972,5.654480,-1.000000,0,0,0.040000,0.040000,0.000000,0.000000,0.040000
32.200000,Descend,6.434751,-0.058911,-5.644647,1.323287,0.047272,0.387217,6.423677,0.004519,0.160664,6.435226,0.004719,0.145354,6.812172,0.013237,0.138804,1.200465,0.027128,-0.020863,0.000475,0.063629,-0.038091,0.057304,0.063631,0.068809,-0.003544,0.046905,1.200465,0.027128,1.196921,0.074033,0.719723,5.644647,-1.000000,0,0,0.052000,0.052000,0.004000,0.000000,0.056000
32.212000,Descend,6.453967,-0.057477,-5.638020,1.314522,0.049189,0.406397,6.423677,0.004519,0.160664,6.435226,0.004719,0.145354,6.836182,0.013779,0.138386,1.200465,0.027128,-0.020863,-0.018740,0.062196,-0.056835,0.054827,0.064958,0.078970,-0.018549,0.044932,1.200465,0.027128,1.181916,0.072060,0.707868,5.638020,-1.000000,0,0,0.068000,0.068000,0.000000,0.000000,0.068000
32.232000,Descend,6.482582,-0.055253,-5.627506,1.302727,0.051771,0.452113,6.423677,0.004519,0.160664,6.435226,0.004719,0.145354,6.864993,0.014430,0.137886,1.200465,0.027128,-0.020863,-0.047355,0.059972,-0.083965,0.051149,0.076414,0.098318,-0.040270,0.042000,1.200465,0.027128,1.160196,0.069128,0.685296,5.627506,-1.000000,0,0,0.088000,0.088000,0.000000,0.000000,0.088000
32.244000,Descend,6.482582,-0.055253,-5.627506,1.302727,0.051771,0.452113,6.423677,0.004519,0.160664,6.435226,0.004719,0.145354,6.869795,0.014539,0.137802,1.200465,0.027128,-0.020863,-0.047355,0.059972,-0.084374,0.051051,0.076414,0.098616,-0.040607,0.041928,1.200465,0.027128,1.159858,0.069055,0.684948,5.627506,-1.000000,0,0,0.100000,0.100000,0.000000,0.000000,0.100000
32.252000,Descend,6.501416,-0.053680,-5.619989,1.295390,0.053417,0.486065,6.423677,0.004519,0.160664,6.435226,0.004719,0.145354,6.874597,0.014647,0.137719,1.200465,0.027128,-0.020863,-0.066189,0.058399,-0.100932,0.048777,0.088269,0.112100,-0.053862,0.040109,1.200465,0.027128,1.146604,0.067237,0.669216,5.619989,-1.000000,0,0,0.108000,0.108000,0.000000,0.000000,0.108000
32.272000,Descend,6.501416,-0.053680,-5.619989,1.295390,0.053417,0.486065,6.423677,0.004519,0.160664,6.435226,0.004719,0.145354,6.903408,0.015298,0.137218,1.200465,0.027128,-0.020863,-0.066189,0.058399,-0.103210,0.048146,0.088269,0.113887,-0.055700,0.039604,1.200465,0.027128,1.144765,0.066732,0.667131,5.619989,-1.000000,0,0,0.124000,0.124000,0.000000,0.004000,0.128000
32.276000,Descend,6.529744,-0.051337,-5.607783,1.285147,0.055723,0.533698,6.423677,0.004519,0.160664,6.435226,0.004719,0.145354,6.903408,0.015298,0.137218,1.200465,0.027128,-0.020863,-0.094517,0.056056,-0.127543,0.044904,0.109890,0.135217,-0.075177,0.037010,1.200465,0.027128,1.125288,0.064138,0.642247,5.607783,-1.000000,0,0,0.132000,0.132000,0.000000,0.000000,0.132000
32.288000,Descend,6.529744,-0.051337,-5.607783,1.285147,0.055723,0.533698,6.423677,0.004519,0.160664,6.435226,0.004719,0.145354,6.922615,0.015732,0.136884,1.200465,0.027128,-0.020863,-0.094517,0.056056,-0.128898,0.044446,0.109890,0.136346,-0.076277,0.036644,1.200465,0.027128,1.124189,0.063772,0.640930,5.607783,-1.000000,0,0,0.144000,0.144000,0.000000,0.000000,0.144000
32.308000,Descend,6.548632,-0.049780,-5.599021,1.278745,0.057281,0.560719,6.423677,0.004519,0.160664,6.435226,0.004719,0.145354,6.956228,0.016492,0.136300,1.200465,0.027128,-0.020863,-0.113405,0.054498,-0.147379,0.041412,0.125821,0.153087,-0.091091,0.034217,1.200465,0.027128,1.109375,0.061344,0.621399,5.599021,-1.000000,0,0,0.164000,0.164000,0.000000,0.000000,0.164000
32.308000,Descend,6.548632,-0.049780,-5.599021,1.278745,0.057281,0.560719,6.423677,0.004519,0.160664,6.435226,0.004719,0.145354,6.932219,0.015949,0.136717,1.200465,0.027128,-0.020863,-0.113405,0.054498,-0.145813,0.042015,0.125821,0.151745,-0.089839,0.034699,1.200465,0.027128,1.110626,0.061827,0.622964,5.599021,-1.000000,0,0,0.164000,0.164000,0.000000,0.000000,0.164000
32.328000,Descend,6.576916,-0.047430,-5.585121,1.269663,0.059536,0.592956,6.423677,0.004519,0.160664,6.435226,0.004719,0.145354,6.980237,0.017035,0.135883,1.200465,0.027128,-0.020863,-0.141689,0.052149,-0.173106,0.037436,0.150981,0.177107,-0.111708,0.031036,1.200465,0.027128,1.088757,0.058163,0.593375,5.585121,-1.000000,0,0,0.184000,0.184000,0.000000,0.000000,0.184000
32.344000,Descend,6.595712,-0.045858,-5.575271,1.263971,0.060927,0.609808,6.423677,0.004519,0.160664,6.435226,0.004719,0.145354,6.994643,0.017360,0.135632,1.200465,0.027128,-0.020863,-0.160486,0.050577,-0.190079,0.034826,0.168267,0.193243,-0.125317,0.028948,1.200465,0.027128,1.075148,0.056076,0.574549,5.575271,-1.000000,0,0,0.200000,0.200000,0.000000,0.000000,0.200000
32.344000,Descend,6.595712,-0.045858,-5.575271,1.263971,0.060927,0.609808,6.423677,0.004519,0.160664,6.435226,0.004719,0.145354,6.975436,0.016926,0.135966,1.200465,0.027128,-0.020863,-0.160486,0.050577,-0.189063,0.035367,0.168267,0.192343,-0.124506,0.029381,1.200465,0.027128,1.075959,0.056509,0.575600,5.575271,-1.000000,0,0,0.200000,0.200000,0.000000,0.000000,0.200000
32.368000,Descend,6.614492,-0.044290,-5.565202,1.258437,0.062275,0.623047,6.423677,0.004519,0.160664,6.435226,0.004719,0.145354,7.023455,0.018011,0.135132,1.200465,0.027128,-0.020863,-0.179266,0.049009,-0.207672,0.031787,0.185845,0.210091,-0.139435,0.026517,1.200465,0.027128,1.061030,0.053644,0.554894,5.565202,-1.000000,0,0,0.220000,0.220000,0.000000,0.000000,0.220000
32.376000,Descend,6.642601,-0.041935,-5.549372,1.250834,0.064061,0.636784,6.423677,0.004519,0.160664,6.435226,0.004719,0.145354,7.028256,0.018120,0.135048,1.200465,0.027128,-0.020863,-0.207374,0.046653,-0.232256,0.028408,0.212557,0.233987,-0.159130,0.023814,1.200465,0.027128,1.041335,0.050942,0.527015,5.549372,-1.000000,0,0,0.232000,0.232000,0.000000,0.000000,0.232000
32.388000,Descend,6.642601,-0.041935,-5.549372,1.250834,0.064061,0.636784,6.423677,0.004519,0.160664,6.435226,0.004719,0.145354,7.042662,0.018445,0.134798,1.200465,0.027128,-0.020863,-0.207374,0.046653,-0.232861,0.027965,0.212557,0.234534,-0.159642,0.023459,1.200465,0.027128,1.040823,0.050587,0.526377,5.549372,-1.000000,0,0,0.244000,0.244000,0.000000,0.000000,0.244000
32.408000,Descend,6.670659,-0.039572,-5.533131,1.243836,0.065701,0.643379,6.423677,0.004519,0.160664,6.435226,0.004719,0.145354,7.076275,0.019205,0.134214,1.200465,0.027128,-0.020863,-0.235432,0.044290,-0.258593,0.023692,0.239562,0.259676,-0.180279,0.020041,1.200465,0.027128,1.020186,0.047168,0.497045,5.533131,-1.000000,0,0,0.264000,0.264000,0.000000,0.000000,0.264000
32.408000,Descend,6.670659,-0.039572,-5.533131,1.243836,0.065701,0.643379,6.824974,0.014154,0.159166,6.795745,0.011680,0.134315,7.113225,0.018349,0.128318,1.269922,0.026678,-0.023990,0.125086,0.051251,0.131608,0.041495,0.135179,0.137994,0.131882,0.034284,1.269922,0.026678,1.028686,0.055668,0.639007,5.533131,-1.000000,0,0,0.000000,0.000000,0.000000,0.000000,0.000000
32.424000,Descend,6.689338,-0.037993,-5.522211,1.239421,0.066837,0.643853,6.824974,0.014154,0.159166,6.795745,0.011680,0.134315,7.153863,0.019203,0.127550,1.269922,0.026678,-0.023990,0.106407,0.049673,0.115008,0.038348,0.117430,0.121233,0.118621,0.031766,1.269922,0.026678,1.164686,0.058444,0.658561,5.522211,-1.000000,0,0,0.016000,0.016000,0.000000,0.000000,0.016000
32.440000,Descend,6.717342,-0.035611,-5.505708,1.233118,0.068276,0.640099,6.824974,0.014154,0.159166,6.795745,0.011680,0.134315,7.174181,0.019630,0.127166,1.269922,0.026678,-0.023990,0.078403,0.047291,0.089370,0.034894,0.091561,0.095941,0.098125,0.029003,1.269922,0.026678,1.300686,0.055681,0.688069,5.505708,-1.000000,0,0,0.032000,0.032000,0.000000,0.000000,0.032000
32.440000,Descend,6.717342,-0.035611,-5.505708,1.233118,0.068276,0.640099,6.878250,0.013913,0.183500,6.855011,0.011885,0.135022,7.180518,0.018190,0.129233,1.302027,0.025223,-0.023157,0.137669,0.047496,0.154896,0.036732,0.145632,0.159192,0.150548,0.030473,1.302027,0.025223,1.309186,0.055696,0.614276,5.505708,-1.000000,0,0,0.000000,0.000000,0.000000,0.000000,0.000000
32.456000,Descend,6.735994,-0.034013,-5.494742,1.229204,0.068967,0.641106,6.878250,0.013913,0.183500,6.855011,0.011885,0.135022,7.222182,0.018998,0.128492,1.302027,0.025223,-0.023157,0.119017,0.045898,0.139553,0.033562,0.127560,0.143532,0.138295,0.027937,1.302027,0.025223,1.440322,0.053159,0.632546,5.494742,-1.000000,0,0,0.016000,0.016000,0.000000,0.000000,0.016000
32.476000,Descend,6.754632,-0.032403,-5.483725,1.225450,0.069694,0.646025,6.878250,0.013913,0.183500,6.855011,0.011885,0.135022,7.253431,0.019603,0.127936,1.302027,0.025223,-0.023157,0.100379,0.044288,0.123812,0.030679,0.109715,0.127557,0.125727,0.025631,1.302027,0.025223,1.427754,0.050853,0.651184,5.483725,-1.000000,0,0,0.036000,0.036000,0.000000,0.000000,0.036000
32.484000,Descend,6.754632,-0.032403,-5.483725,1.225450,0.069694,0.646025,6.878250,0.013913,0.183500,6.855011,0.011885,0.135022,7.227391,0.019098,0.128399,1.302027,0.025223,-0.023157,0.100379,0.044288,0.122281,0.031569,0.109715,0.126290,0.124503,0.026342,1.302027,0.025223,1.426530,0.051565,0.652662,5.483725,-1.000000,0,0,0.036000,0.036000,0.000000,0.008000,0.044000
32.504000,Descend,6.782570,-0.029968,-5.467037,1.220117,0.070570,0.653631,6.878250,0.013913,0.183500,6.855011,0.011885,0.135022,7.289888,0.020309,0.127288,1.302027,0.025223,-0.023157,0.072441,0.041853,0.099798,0.026707,0.083662,0.103310,0.106541,0.022453,1.302027,0.025223,1.408568,0.047675,0.679472,5.467037,-1.000000,0,0,0.060000,0.060000,0.000000,0.004000,0.064000
32.508000,Descend,6.782570,-0.029968,-5.467037,1.220117,0.070570,0.653631,6.878250,0.013913,0.183500,6.855011,0.011885,0.135022,7.279472,0.020107,0.127473,1.302027,0.025223,-0.023157,0.072441,0.041853,0.099143,0.027069,0.083662,0.102772,0.106025,0.022743,1.302027,0.025223,1.408052,0.047965,0.680099,5.467037,-1.000000,0,0,0.068000,0.068000,0.000000,0.000000,0.068000
32.520000,Descend,6.801186,-0.028348,-5.455825,1.216835,0.071072,0.659171,6.878250,0.013913,0.183500,6.855011,0.011885,0.135022,7.300304,0.020511,0.127103,1.302027,0.025223,-0.023157,0.053825,0.040233,0.082961,0.024553,0.067200,0.086518,0.093090,0.020729,1.302027,0.025223,1.395116,0.045952,0.699062,5.455825,-1.000000,0,0,0.080000,0.080000,0.000000,0.000000,0.080000
32.540000,Descend,6.829138,-0.025905,-5.438797,1.212576,0.071667,0.668681,6.878250,0.013913,0.183500,6.855011,0.011885,0.135022,7.326344,0.021015,0.126639,1.302027,0.025223,-0.023157,0.025873,0.037789,0.058254,0.020976,0.045798,0.061916,0.073333,0.017868,1.302027,0.025223,1.375360,0.043091,0.727765,5.438797,-1.000000,0,0,0.096000,0.096000,0.004000,0.000000,0.100000
32.540000,Descend,6.829138,-0.025905,-5.438797,1.212576,0.071667,0.668681,6.878250,0.013913,0.183500,6.855011,0.011885,0.135022,7.315928,0.020814,0.126825,1.302027,0.025223,-0.023157,0.025873,0.037789,0.057539,0.021348,0.045798,0.061372,0.072764,0.018166,1.302027,0.025223,1.374790,0.043388,0.728400,5.438797,-1.000000,0,0,0.100000,0.100000,0.000000,0.000000,0.100000
32.560000,Descend,6.838452,-0.025097,-5.433084,1.211370,0.071827,0.672239,6.878250,0.013913,0.183500,6.855011,0.011885,0.135022,7.362802,0.021722,0.125991,1.302027,0.025223,-0.023157,0.016559,0.036982,0.051915,0.018806,0.040520,0.055217,0.068275,0.016132,1.302027,0.025223,1.370301,0.041355,0.735581,5.433084,-1.000000,0,0,0.120000,0.120000,0.000000,0.000000,0.120000
32.572000,Descend,6.875753,-0.021872,-5.409886,1.208089,0.072350,0.689358,6.878250,0.013913,0.183500,6.855011,0.011885,0.135022,7.368010,0.021822,0.125898,1.302027,0.025223,-0.023157,-0.020742,0.033757,0.016269,0.015189,0.039620,0.022257,0.039758,0.013238,1.302027,0.025223,1.341784,0.038461,0.774034,5.409886,-1.000000,0,0,0.132000,0.132000,0.000000,0.000000,0.132000
32.584000,Descend,6.875753,-0.021872,-5.409886,1.208089,0.072350,0.689358,6.878250,0.013913,0.183500,6.855011,0.011885,0.135022,7.373218,0.021923,0.125806,1.302027,0.025223,-0.023157,-0.020742,0.033757,0.016644,0.015000,0.039620,0.022406,0.040058,0.013087,1.302027,0.025223,1.342085,0.038310,0.773859,5.409886,-1.000000,0,0,0.140000,0.140000,0.000000,0.004000,0.144000
32.600000,Descend,6.894440,-0.020267,-5.398054,1.207236,0.072544,0.700024,6.878250,0.013913,0.183500,6.855011,0.011885,0.135022,7.414883,0.022731,0.125065,1.302027,0.025223,-0.023157,-0.039429,0.032152,0.001331,0.011804,0.050876,0.011878,0.027808,0.010530,1.302027,0.025223,1.329834,0.035753,0.786142,5.398054,-1.000000,0,0,0.160000,0.160000,0.000000,0.000000,0.160000
32.608000,Descend,6.894440,-0.020267,-5.398054,1.207236,0.072544,0.700024,6.878250,0.013913,0.183500,6.855011,0.011885,0.135022,7.409674,0.022630,0.125157,1.302027,0.025223,-0.023157,-0.039429,0.032152,0.000951,0.011993,0.050876,0.012031,0.027504,0.010682,1.302027,0.025223,1.329530,0.035904,0.785964,5.398054,-1.000000,0,0,0.168000,0.168000,0.000000,0.000000,0.168000
32.620000,Descend,6.922530,-0.017878,-5.379983,1.206917,0.072592,0.717062,6.878250,0.013913,0.183500,6.855011,0.011885,0.135022,7.430507,0.023033,0.124787,1.302027,0.025223,-0.023157,-0.067519,0.029763,-0.025480,0.008825,0.073787,0.026965,0.006359,0.008147,1.302027,0.025223,1.308385,0.033370,0.768541,5.379983,-1.000000,0,0,0.180000,0.180000,0.000000,0.000000,0.180000
32.636000,Descend,6.941323,-0.016285,-5.367681,1.207461,0.072639,0.729712,6.878250,0.013913,0.183500,6.855011,0.011885,0.135022,7.456547,0.023538,0.124324,1.302027,0.025223,-0.023157,-0.086312,0.028170,-0.042623,0.006264,0.090793,0.043081,-0.007356,0.006098,1.302027,0.025223,1.294671,0.031321,0.749739,5.367681,-1.000000,0,0,0.196000,0.196000,0.000000,0.000000,0.196000
32.640000,Descend,6.941323,-0.016285,-5.367681,1.207461,0.072639,0.729712,6.878250,0.013913,0.183500,6.855011,0.011885,0.135022,7.446131,0.023336,0.124509,1.302027,0.025223,-0.023157,-0.086312,0.028170,-0.043379,0.006643,0.090793,0.043885,-0.007961,0.006402,1.302027,0.025223,1.294066,0.031624,0.748801,5.367681,-1.000000,0,0,0.200000,0.200000,0.000000,0.000000,0.200000
32.652000,Descend,6.960157,-0.014712,-5.355200,1.208483,0.072593,0.743139,6.878250,0.013913,0.183500,6.855011,0.011885,0.135022,7.472172,0.023840,0.124046,1.302027,0.025223,-0.023157,-0.105146,0.026597,-0.060806,0.004143,0.108458,0.060947,-0.021910,0.004402,1.302027,0.025223,1.280117,0.029625,0.728895,5.355200,-1.000000,0,0,0.212000,0.212000,0.000000,0.000000,0.212000
32.668000,Descend,6.960157,-0.014712,-5.355200,1.208483,0.072593,0.743139,6.878250,0.013913,0.183500,6.855011,0.011885,0.135022,7.498212,0.024345,0.123583,1.302027,0.025223,-0.023157,-0.105146,0.026597,-0.058936,0.003196,0.108458,0.059022,-0.020423,0.003644,1.302027,0.025223,1.281604,0.028867,0.731141,5.355200,-1.000000,0,0,0.228000,0.228000,0.000000,0.000000,0.228000
32.672000,Descend,6.988551,-0.012357,-5.336026,1.210605,0.072449,0.761077,6.878250,0.013913,0.183500,6.855011,0.011885,0.135022,7.487796,0.024143,0.123768,1.302027,0.025223,-0.023157,-0.133540,0.024241,-0.089109,0.001289,0.135723,0.089119,-0.044565,0.002119,1.302027,0.025223,1.257462,0.027341,0.696028,5.336026,-1.000000,0,0,0.232000,0.232000,0.000000,0.000000,0.232000
32.684000,Descend,6.988551,-0.012357,-5.336026,1.210605,0.072449,0.761077,6.878250,0.013913,0.183500,6.855011,0.011885,0.135022,7.513836,0.024647,0.123305,1.302027,0.025223,-0.023157,-0.133540,0.024241,-0.087281,0.000345,0.135723,0.087282,-0.043113,0.001363,1.302027,0.025223,1.258914,0.026586,0.698171,5.336026,-1.000000,0,0,0.244000,0.244000,0.000000,0.000000,0.244000
32.700000,Descend,7.017122,-0.010030,-5.316452,1.213819,0.072178,0.773465,6.878250,0.013913,0.183500,6.855011,0.011885,0.135022,7.539877,0.025152,0.122842,1.302027,0.025223,-0.023157,-0.162111,0.021915,-0.115714,-0.002784,0.163586,0.115748,-0.065878,-0.001140,1.302027,0.025223,1.236149,0.024083,0.664961,5.316452,-1.000000,0,0,0.260000,0.260000,0.000000,0.000000,0.260000
32.704000,Descend,7.017122,-0.010030,-5.316452,1.213819,0.072178,0.773465,6.878250,0.013913,0.183500,6.855011,0.011885,0.135022,7.529461,0.024950,0.123027,1.302027,0.025223,-0.023157,-0.162111,0.021915,-0.116419,-0.002408,0.163586,0.116444,-0.066447,-0.000839,1.302027,0.025223,1.235580,0.024383,0.664148,5.316452,-1.000000,0,0,0.264000,0.264000,0.000000,0.000000,0.264000
32.728000,Descend,7.036259,-0.008501,-5.303276,1.216367,0.071890,0.777684,6.878250,0.013913,0.183500,6.855011,0.011885,0.135022,7.586750,0.026060,0.122008,1.302027,0.025223,-0.023157,-0.181248,0.020386,-0.133108,-0.005841,0.182391,0.133236,-0.079829,-0.003586,1.302027,0.025223,1.222197,0.021637,0.644558,5.303276,-1.000000,0,0,0.288000,0.288000,0.000000,0.000000,0.288000
32.740000,Descend,7.055559,-0.006957,-5.289997,1.219274,0.071502,0.778617,6.878250,0.013913,0.183500,6.855011,0.011885,0.135022,7.586750,0.026060,0.122008,1.302027,0.025223,-0.023157,-0.200548,0.018842,-0.154041,-0.007167,0.201431,0.154208,-0.096595,-0.004647,1.302027,0.025223,1.205432,0.020576,0.620091,5.289997,-1.000000,0,0,0.300000,0.300000,0.000000,0.000000,0.300000
32.744000,Descend,7.055559,-0.006957,-5.289997,1.219274,0.071502,0.778617,6.878250,0.013913,0.183500,6.855011,0.011885,0.135022,7.581542,0.025959,0.122101,1.302027,0.025223,-0.023157,-0.200548,0.018842,-0.154372,-0.006982,0.201431,0.154530,-0.096866,-0.004498,1.302027,0.025223,1.205161,0.020724,0.619715,5.289997,-1.000000,0,0,0.304000,0.304000,0.000000,0.000000,0.304000
32.764000,Descend,7.084686,-0.004667,-5.270130,1.224050,0.070977,0.775770,6.878250,0.013913,0.183500,6.855011,0.011885,0.135022,7.628415,0.026867,0.121267,1.302027,0.025223,-0.023157,-0.229675,0.016552,-0.183358,-0.010626,0.230271,0.183665,-0.120091,-0.007414,1.302027,0.025223,1.181936,0.017809,0.585724,5.270130,-1.000000,0,0,0.324000,0.324000,0.000000,0.000000,0.324000
32.772000,Descend,7.104265,-0.003145,-5.256976,1.227394,0.070525,0.770886,6.878250,0.013913,0.183500,6.855011,0.011885,0.135022,7.623207,0.026766,0.121360,1.302027,0.025223,-0.023157,-0.249254,0.015030,-0.205221,-0.011699,0.249706,0.205554,-0.137597,-0.008272,1.302027,0.025223,1.164429,0.016951,0.560187,5.256976,-1.000000,0,0,0.332000,0.332000,0.000000,0.000000,0.332000
32.784000,Descend,7.104265,-0.003145,-5.256976,1.227394,0.070525,0.770886,6.878250,0.013913,0.183500,6.855011,0.011885,0.135022,7.644039,0.027170,0.120989,1.302027,0.025223,-0.023157,-0.249254,0.015030,-0.204026,-0.012423,0.249706,0.204404,-0.136666,-0.008852,1.302027,0.025223,1.165360,0.016371,0.561529,5.256976,-1.000000,0,0,0.344000,0.344000,0.000000,0.000000,0.344000
32.800000,Descend,7.123955,-0.001632,-5.243937,1.230812,0.070072,0.762947,6.878250,0.013913,0.183500,6.855011,0.011885,0.135022,7.670080,0.027674,0.120526,1.302027,0.025223,-0.023157,-0.268944,0.013516,-0.224363,-0.014559,0.269283,0.224835,-0.152972,-0.010560,1.302027,0.025223,1.149055,0.014662,0.537692,5.243937,-1.000000,0,0,0.360000,0.360000,0.000000,0.000000,0.360000
32.804000,Descend,7.123955,-0.001632,-5.243937,1.230812,0.070072,0.762947,6.878250,0.013913,0.183500,6.855011,0.011885,0.135022,7.659664,0.027472,0.120711,1.302027,0.025223,-0.023157,-0.268944,0.013516,-0.224933,-0.014200,0.269283,0.225380,-0.153436,-0.010273,1.302027,0.025223,1.148590,0.014949,0.537056,5.243937,-1.000000,0,0,0.364000,0.364000,0.000000,0.000000,0.364000
32.816000,Descend,7.143752,-0.000123,-5.231051,1.234323,0.069574,0.753405,6.878250,0.013913,0.183500,6.855011,0.011885,0.135022,7.685704,0.027977,0.120248,1.302027,0.025223,-0.023157,-0.288741,0.012008,-0.245546,-0.016288,0.288991,0.246086,-0.169957,-0.011944,1.302027,0.025223,1.132070,0.013279,0.512900,5.231051,-1.000000,0,0,0.376000,0.376000,0.000000,0.000000,0.376000
32.832000,Descend,7.163605,0.001359,-5.218397,1.237765,0.069006,0.741333,6.878250,0.013913,0.183500,6.855011,0.011885,0.135022,7.711744,0.028481,0.119785,1.302027,0.025223,-0.023157,-0.308594,0.010526,-0.266310,-0.018284,0.308773,0.266937,-0.186610,-0.013540,1.302027,0.025223,1.115417,0.011683,0.488574,5.218397,-1.000000,0,0,0.392000,0.392000,0.000000,0.000000,0.392000
32.836000,Descend,7.163605,0.001359,-5.218397,1.237765,0.069006,0.741333,6.878250,0.013913,0.183500,6.855011,0.011885,0.135022,7.701328,0.028279,0.119970,1.302027,0.025223,-0.023157,-0.308594,0.010526,-0.266823,-0.017934,0.308773,0.267425,-0.187032,-0.013260,1.302027,0.025223,1.114995,0.011963,0.488004,5.218397,-1.000000,0,0,0.396000,0.396000,0.000000,0.000000,0.396000
32.848000,Descend,7.163605,0.001359,-5.218397,1.237765,0.069006,0.741333,6.878250,0.013913,0.183500,6.855011,0.011885,0.135022,7.716953,0.028582,0.119692,1.302027,0.025223,-0.023157,-0.308594,0.010526,-0.266052,-0.018459,0.308773,0.266692,-0.186436,-0.013680,1.302027,0.025223,1.115591,0.011543,0.488860,5.218397,-1.000000,0,0,0.404000,0.404000,0.004000,0.000000,0.408000
32.864000,Descend,7.193648,0.003575,-5.199939,1.242766,0.068000,0.719437,6.878250,0.013913,0.183500,6.855011,0.011885,0.135022,7.758617,0.029389,0.118951,1.302027,0.025223,-0.023157,-0.338637,0.008310,-0.297510,-0.021377,0.338739,0.298277,-0.211662,-0.016015,1.302027,0.025223,1.090365,0.009208,0.452010,5.199939,-1.000000,0,0,0.424000,0.424000,0.000000,0.000000,0.424000
32.872000,Descend,7.213797,0.005026,-5.188001,1.245851,0.067349,0.702704,6.878250,0.013913,0.183500,6.855011,0.011885,0.135022,7.753409,0.029288,0.119044,1.302027,0.025223,-0.023157,-0.358786,0.006858,-0.320024,-0.022209,0.358851,0.320794,-0.229699,-0.016680,1.302027,0.025223,1.072328,0.008543,0.000000,5.188001,-1.000000,0,0,0.432000,0.432000,0.000000,0.000000,0.432000
32.892000,Descend,7.213797,0.005026,-5.188001,1.245851,0.067349,0.702704,6.878250,0.013913,0.183500,6.855011,0.011885,0.135022,7.784658,0.029894,0.118488,1.302027,0.025223,-0.023157,-0.358786,0.006858,-0.318676,-0.023220,0.358851,0.319521,-0.228672,-0.017489,1.302027,0.025223,1.073355,0.007734,0.000000,5.188001,-1.000000,0,0,0.448000,0.448000,0.000000,0.004000,0.452000
32.904000,Descend,7.244183,0.007166,-5.170709,1.250076,0.066206,0.674635,6.878250,0.013913,0.183500,6.855011,0.011885,0.135022,7.805490,0.030297,0.118118,1.302027,0.025223,-0.023157,-0.389172,0.004718,-0.351248,-0.025200,0.389201,0.352151,-0.254785,-0.019073,1.302027,0.025223,1.047242,0.006150,0.000000,5.170709,-1.000000,0,0,0.464000,0.464000,0.000000,0.000000,0.464000
32.912000,Descend,7.244183,0.007166,-5.170709,1.250076,0.066206,0.674635,6.878250,0.013913,0.183500,6.855011,0.011885,0.135022,7.805490,0.030297,0.118118,1.302027,0.025223,-0.023157,-0.389172,0.004718,-0.351248,-0.025200,0.389201,0.352151,-0.254813,-0.019073,1.302027,0.025223,1.047214,0.006150,0.000000,5.170709,-1.000000,0,0,0.472000,0.472000,0.000000,0.000000,0.472000
32.928000,Descend,7.264606,0.008567,-5.159627,1.252517,0.065433,0.655908,6.878250,0.013913,0.183500,6.855011,0.011885,0.135022,7.831531,0.030802,0.117654,1.302027,0.025223,-0.023157,-0.409595,0.003317,-0.372464,-0.026840,0.409609,0.373430,-0.271845,-0.020385,1.302027,0.025223,1.030181,0.004838,0.000000,5.159627,-1.000000,0,0,0.488000,0.488000,0.000000,0.000000,0.488000
32.936000,Descend,7.285054,0.009941,-5.148932,1.254828,0.064551,0.623150,7.599900,0.006679,0.145955,7.571009,0.010431,0.118675,7.938290,0.010663,0.111999,1.423569,0.000899,-0.025873,0.285955,0.000490,0.329490,-0.015932,0.285955,0.329875,0.289744,-0.011658,1.423569,0.000899,1.098181,-0.010759,0.000000,5.148932,-1.000000,0,0,0.000000,0.000000,0.000000,0.000000,0.000000
32.956000,Descend,7.315938,0.011987,-5.134523,1.258157,0.062876,0.531716,7.599900,0.006679,0.145955,7.571009,0.010431,0.118675,7.983844,0.010691,0.111172,1.423569,0.000899,-0.025873,0.255070,-0.001557,0.303040,-0.019530,0.255075,0.303668,0.268644,-0.014537,1.423569,0.000899,1.268181,-0.013638,0.000000,5.134523,-1.000000,0,0,0.020000,0.020000,0.000000,0.000000,0.020000
32.968000,Descend,7.315938,0.011987,-5.134523,1.258157,0.062876,0.531716,7.599900,0.006679,0.145955,7.571009,0.010431,0.118675,7.989538,0.010695,0.111068,1.423569,0.000899,-0.025873,0.255070,-0.001557,0.303701,-0.019778,0.255075,0.304345,0.269210,-0.014735,1.423569,0.000899,1.370181,-0.013836,0.000000,5.134523,-1.000000,0,0,0.032000,0.032000,0.000000,0.000000,0.032000
32.976000,Descend,7.315938,0.011987,-5.134523,1.258157,0.062876,0.531716,7.599900,0.006679,0.145955,7.571009,0.010431,0.118675,7.972455,0.010684,0.111379,1.423569,0.000899,-0.025873,0.255070,-0.001557,0.301716,-0.019034,0.255075,0.302316,0.267625,-0.014140,1.423569,0.000899,1.378681,-0.013241,0.000000,5.134523,-1.000000,0,0,0.032000,0.032000,0.000000,0.008000,0.040000
32.996000,Descend,7.382952,0.016008,-5.111897,1.260917,0.058868,0.329650,7.599900,0.006679,0.145955,7.571009,0.010431,0.118675,8.040787,0.010727,0.110137,1.423569,0.000899,-0.025873,0.188056,-0.005577,0.241732,-0.024707,0.188139,0.242991,0.219695,-0.018678,1.423569,0.000899,1.582681,-0.017779,0.516510,5.111897,-1.000000,0,0,0.056000,0.056000,0.000000,0.004000,0.060000
33.004000,Descend,7.382952,0.016008,-5.111897,1.260917,0.058868,0.329650,7.599900,0.006679,0.145955,7.571009,0.010431,0.118675,8.040787,0.010727,0.110137,1.423569,0.000899,-0.025873,0.188056,-0.005577,0.241732,-0.024707,0.188139,0.242991,0.219724,-0.018678,1.423569,0.000899,1.643293,-0.017779,0.516510,5.111897,-1.000000,0,0,0.068000,0.068000,0.000000,0.000000,0.068000
33.020000,Descend,7.414222,0.017844,-5.104912,1.260484,0.057175,0.257963,7.599900,0.006679,0.145955,7.571009,0.010431,0.118675,8.069258,0.010745,0.109619,1.423569,0.000899,-0.025873,0.156787,-0.007414,0.213866,-0.027110,0.156962,0.215578,0.197466,-0.020601,1.423569,0.000899,1.621035,-0.019702,0.548493,5.104912,-1.000000,0,0,0.084000,0.084000,0.000000,0.000000,0.084000
33.036000,Descend,7.435167,0.019044,-5.101355,1.259890,0.056153,0.234085,7.599900,0.006679,0.145955,7.571009,0.010431,0.118675,8.092035,0.010760,0.109205,1.423569,0.000899,-0.025873,0.135842,-0.008613,0.195749,-0.028836,0.136115,0.197861,0.183004,-0.021982,1.423569,0.000899,1.606573,-0.021082,0.569162,5.101355,-1.000000,0,0,0.100000,0.100000,0.000000,0.000000,0.100000
33.036000,Descend,7.435167,0.019044,-5.101355,1.259890,0.056153,0.234085,7.599900,0.006679,0.145955,7.571009,0.010431,0.118675,8.069258,0.010745,0.109619,1.423569,0.000899,-0.025873,0.135842,-0.008613,0.193130,-0.027952,0.136115,0.195142,0.180910,-0.021275,1.423569,0.000899,1.604479,-0.020375,0.572335,5.101355,-1.000000,0,0,0.100000,0.100000,0.000000,0.000000,0.100000
33.060000,Descend,7.466563,0.020798,-5.096381,1.258977,0.054720,0.240896,7.599900,0.006679,0.145955,7.571009,0.010431,0.118675,8.137589,0.010788,0.108377,1.423569,0.000899,-0.025873,0.104446,-0.010368,0.169954,-0.031789,0.104959,0.172901,0.162410,-0.024344,1.423569,0.000899,1.585979,-0.023444,0.598282,5.096381,-1.000000,0,0,0.124000,0.124000,0.000000,0.000000,0.124000
33.068000,Descend,7.466563,0.020798,-5.096381,1.258977,0.054720,0.240896,7.599900,0.006679,0.145955,7.571009,0.010431,0.118675,8.126201,0.010781,0.108584,1.423569,0.000899,-0.025873,0.104446,-0.010368,0.168637,-0.031358,0.104959,0.171528,0.161370,-0.023999,1.423569,0.000899,1.584939,-0.023100,0.599885,5.096381,-1.000000,0,0,0.132000,0.132000,0.000000,0.000000,0.132000
33.076000,Descend,7.487517,0.021951,-5.093032,1.258609,0.053830,0.260421,7.599900,0.006679,0.145955,7.571009,0.010431,0.118675,8.114812,0.010774,0.108791,1.423569,0.000899,-0.025873,0.083492,-0.011521,0.146506,-0.031740,0.084283,0.149905,0.143667,-0.024305,1.423569,0.000899,1.576439,-0.023406,0.625111,5.093032,-1.000000,0,0,0.132000,0.132000,0.000000,0.008000,0.140000
33.096000,Descend,7.518933,0.023658,-5.087406,1.258700,0.052518,0.300529,7.599900,0.006679,0.145955,7.571009,0.010431,0.118675,8.194531,0.010824,0.107342,1.423569,0.000899,-0.025873,0.052075,-0.013228,0.124288,-0.035837,0.053729,0.129351,0.125927,-0.027582,1.423569,0.000899,1.549496,-0.026683,0.649090,5.087406,-1.000000,0,0,0.160000,0.160000,0.000000,0.000000,0.160000
33.100000,Descend,7.518933,0.023658,-5.087406,1.258700,0.052518,0.300529,7.599900,0.006679,0.145955,7.571009,0.010431,0.118675,8.166060,0.010806,0.107860,1.423569,0.000899,-0.025873,0.052075,-0.013228,0.120991,-0.034804,0.053729,0.125897,0.123295,-0.026756,1.423569,0.000899,1.546864,-0.025857,0.653120,5.087406,-1.000000,0,0,0.164000,0.164000,0.000000,0.000000,0.164000
33.112000,Descend,7.539909,0.024791,-5.083260,1.259204,0.051567,0.331190,7.599900,0.006679,0.145955,7.571009,0.010431,0.118675,8.194531,0.010824,0.107342,1.423569,0.000899,-0.025873,0.031099,-0.014361,0.103091,-0.036553,0.034255,0.109380,0.108987,-0.028156,1.423569,0.000899,1.532556,-0.027256,0.672390,5.083260,-1.000000,0,0,0.176000,0.176000,0.000000,0.000000,0.176000
33.132000,Descend,7.539909,0.024791,-5.083260,1.259204,0.051567,0.331190,7.599900,0.006679,0.145955,7.571009,0.010431,0.118675,8.223003,0.010842,0.106825,1.423569,0.000899,-0.025873,0.031099,-0.014361,0.106379,-0.037567,0.034255,0.112817,0.111634,-0.028966,1.423569,0.000899,1.535203,-0.028067,0.668380,5.083260,-1.000000,0,0,0.192000,0.192000,0.000000,0.000000,0.192000
33.136000,Descend,7.571529,0.026635,-5.076465,1.260870,0.050249,0.379425,7.803711,0.007741,0.151077,7.830870,0.006936,0.116201,8.186629,0.005538,0.109912,1.378915,-0.005421,-0.024377,0.259341,-0.019699,0.289796,-0.034062,0.260088,0.291791,0.258391,-0.026162,1.378915,-0.005421,1.603203,-0.031583,0.459577,5.076465,-1.000000,0,0,0.000000,0.000000,0.000000,0.000000,0.000000
33.144000,Descend,7.571529,0.026635,-5.076465,1.260870,0.050249,0.379425,7.803711,0.007741,0.151077,7.830870,0.006936,0.116201,8.197661,0.005494,0.109717,1.378915,-0.005421,-0.024377,0.259341,-0.019699,0.290741,-0.034507,0.260088,0.292782,0.259171,-0.026518,1.378915,-0.005421,1.638085,-0.031939,0.458421,5.076465,-1.000000,0,0,0.008000,0.008000,0.000000,0.000000,0.008000
33.160000,Descend,7.592734,0.027895,-5.071282,1.262676,0.049384,0.411692,7.803711,0.007741,0.151077,7.830870,0.006936,0.116201,8.230755,0.005364,0.109132,1.378915,-0.005421,-0.024377,0.238135,-0.020959,0.271844,-0.036852,0.239056,0.274331,0.244097,-0.028394,1.378915,-0.005421,1.623012,-0.033815,0.479947,5.071282,-1.000000,0,0,0.024000,0.024000,0.000000,0.000000,0.024000
33.168000,Descend,7.592734,0.027895,-5.071282,1.262676,0.049384,0.411692,7.843849,0.008745,0.153726,7.865648,0.006099,0.116943,8.217129,0.004413,0.110871,1.362326,-0.006532,-0.023533,0.272914,-0.021796,0.298624,-0.036223,0.273783,0.300813,0.265544,-0.027891,1.362326,-0.006532,1.627871,-0.034423,0.000000,5.071282,-1.000000,0,0,0.000000,0.000000,0.000000,0.000000,0.000000
33.180000,Descend,7.613901,0.029084,-5.065461,1.265051,0.048402,0.442296,7.843849,0.008745,0.153726,7.865648,0.006099,0.116943,8.238926,0.004309,0.110495,1.362326,-0.006532,-0.023533,0.251748,-0.022985,0.278401,-0.038037,0.252795,0.280988,0.249400,-0.029342,1.362326,-0.006532,1.611726,-0.035874,0.472181,5.065461,-1.000000,0,0,0.012000,0.012000,0.000000,0.000000,0.012000
33.196000,Descend,7.645772,0.030783,-5.055707,1.270194,0.046660,0.462770,7.843849,0.008745,0.153726,7.865648,0.006099,0.116943,8.266172,0.004178,0.110024,1.362326,-0.006532,-0.023533,0.219877,-0.024684,0.246964,-0.040323,0.221258,0.250234,0.224289,-0.031171,1.362326,-0.006532,1.586615,-0.037703,0.508061,5.055707,-1.000000,0,0,0.028000,0.028000,0.000000,0.000000,0.028000
33.200000,Descend,7.645772,0.030783,-5.055707,1.270194,0.046660,0.462770,7.843849,0.008745,0.153726,7.865648,0.006099,0.116943,8.255274,0.004231,0.110212,1.362326,-0.006532,-0.023533,0.219877,-0.024684,0.246226,-0.039897,0.221258,0.249438,0.223709,-0.030831,1.362326,-0.006532,1.586035,-0.037362,0.508989,5.055707,-1.000000,0,0,0.032000,0.032000,0.000000,0.000000,0.032000
33.208000,Descend,7.645772,0.030783,-5.055707,1.270194,0.046660,0.462770,7.843849,0.008745,0.153726,7.865648,0.006099,0.116943,8.271622,0.004152,0.109930,1.362326,-0.006532,-0.023533,0.219877,-0.024684,0.247333,-0.040536,0.221258,0.250632,0.224614,-0.031341,1.362326,-0.006532,1.586940,-0.037873,0.507596,5.055707,-1.000000,0,0,0.040000,0.040000,0.000000,0.000000,0.040000
33.228000,Descend,7.667041,0.031858,-5.049154,1.275468,0.045201,0.441392,7.843849,0.008745,0.153726,7.865648,0.006099,0.116943,8.304317,0.003995,0.109365,1.362326,-0.006532,-0.023533,0.198607,-0.025759,0.226576,-0.042418,0.200271,0.230512,0.208045,-0.032847,1.362326,-0.006532,1.570371,-0.039378,0.531069,5.049154,-1.000000,0,0,0.056000,0.056000,0.004000,0.000000,0.060000
33.232000,Descend,7.699187,0.033412,-5.039601,1.284156,0.042929,0.420724,7.843849,0.008745,0.153726,7.865648,0.006099,0.116943,8.304317,0.003995,0.109365,1.362326,-0.006532,-0.023533,0.166461,-0.027314,0.191632,-0.043240,0.168687,0.196450,0.180105,-0.033505,1.362326,-0.006532,1.542431,-0.040036,0.570808,5.039601,-1.000000,0,0,0.064000,0.064000,0.000000,0.000000,0.064000
33.248000,Descend,7.699187,0.033412,-5.039601,1.284156,0.042929,0.420724,7.843849,0.008745,0.153726,7.865648,0.006099,0.116943,8.337013,0.003839,0.108800,1.362326,-0.006532,-0.023533,0.166461,-0.027314,0.193508,-0.044427,0.168687,0.198543,0.181637,-0.034454,1.362326,-0.006532,1.543963,-0.040986,0.568367,5.039601,-1.000000,0,0,0.080000,0.080000,0.000000,0.000000,0.080000
33.268000,Descend,7.720743,0.034410,-5.033280,1.289894,0.041541,0.421958,7.843849,0.008745,0.153726,7.865648,0.006099,0.116943,8.369709,0.003682,0.108235,1.362326,-0.006532,-0.023533,0.144906,-0.028312,0.171705,-0.046098,0.147645,0.177786,0.164229,-0.035792,1.362326,-0.006532,1.526555,-0.042323,0.592583,5.033280,-1.000000,0,0,0.100000,0.100000,0.000000,0.000000,0.100000
33.268000,Descend,7.720743,0.034410,-5.033280,1.289894,0.041541,0.421958,7.843849,0.008745,0.153726,7.865648,0.006099,0.116943,8.342463,0.003813,0.108706,1.362326,-0.006532,-0.023533,0.144906,-0.028312,0.170257,-0.045137,0.147645,0.176138,0.163072,-0.035022,1.362326,-0.006532,1.525398,-0.041554,0.594505,5.033280,-1.000000,0,0,0.100000,0.100000,0.000000,0.000000,0.100000
33.292000,Descend,7.753265,0.035857,-5.023530,1.298884,0.039505,0.434864,7.843849,0.008745,0.153726,7.865648,0.006099,0.116943,8.407854,0.003499,0.107576,1.362326,-0.006532,-0.023533,0.112383,-0.029758,0.137633,-0.048081,0.116256,0.145790,0.137006,-0.037377,1.362326,-0.006532,1.499332,-0.043909,0.629912,5.023530,-1.000000,0,0,0.124000,0.124000,0.000000,0.000000,0.124000
33.300000,Descend,7.775127,0.036797,-5.016774,1.305049,0.038101,0.448851,7.843849,0.008745,0.153726,7.865648,0.006099,0.116943,8.396955,0.003551,0.107765,1.362326,-0.006532,-0.023533,0.090521,-0.030699,0.112860,-0.048106,0.095585,0.122684,0.117196,-0.037397,1.362326,-0.006532,1.479522,-0.043929,0.656868,5.016774,-1.000000,0,0,0.132000,0.132000,0.000000,0.000000,0.132000
33.312000,Descend,7.775127,0.036797,-5.016774,1.305049,0.038101,0.448851,7.843849,0.008745,0.153726,7.865648,0.006099,0.116943,8.418753,0.003447,0.107388,1.362326,-0.006532,-0.023533,0.090521,-0.030699,0.113776,-0.048820,0.095585,0.123808,0.117943,-0.037969,1.362326,-0.006532,1.480269,-0.044500,0.655557,5.016774,-1.000000,0,0,0.144000,0.144000,0.000000,0.000000,0.144000
33.328000,Descend,7.797045,0.037703,-5.009776,1.311279,0.036690,0.465379,7.843849,0.008745,0.153726,7.865648,0.006099,0.116943,8.445999,0.003316,0.106917,1.362326,-0.006532,-0.023533,0.068603,-0.031604,0.090349,-0.050016,0.075533,0.103270,0.099216,-0.038934,1.362326,-0.006532,1.461542,-0.045466,0.679519,5.009776,-1.000000,0,0,0.160000,0.160000,0.000000,0.000000,0.160000
33.332000,Descend,7.830255,0.039015,-4.998784,1.321122,0.034579,0.492839,7.843849,0.008745,0.153726,7.865648,0.006099,0.116943,8.435101,0.003368,0.107106,1.362326,-0.006532,-0.023533,0.035394,-0.032916,0.052617,-0.050101,0.048334,0.072654,0.069032,-0.039003,1.362326,-0.006532,1.431358,-0.045535,0.715237,4.998784,-1.000000,0,0,0.164000,0.164000,0.000000,0.000000,0.164000
33.348000,Descend,7.830255,0.039015,-4.998784,1.321122,0.034579,0.492839,7.843849,0.008745,0.153726,7.865648,0.006099,0.116943,8.473246,0.003185,0.106447,1.362326,-0.006532,-0.023533,0.035394,-0.032916,0.053771,-0.051252,0.048334,0.074284,0.069964,-0.039932,1.362326,-0.006532,1.432290,-0.046464,0.713336,4.998784,-1.000000,0,0,0.180000,0.180000,0.000000,0.000000,0.180000
33.364000,Descend,7.852535,0.039856,-4.991059,1.327626,0.033251,0.513767,7.843849,0.008745,0.153726,7.865648,0.006099,0.116943,8.495043,0.003081,0.106070,1.362326,-0.006532,-0.023533,0.013113,-0.033758,0.029144,-0.052137,0.036215,0.059730,0.050263,-0.040649,1.362326,-0.006532,1.412589,-0.047181,0.730315,4.991059,-1.000000,0,0,0.196000,0.196000,0.000000,0.000000,0.196000
33.364000,Descend,7.852535,0.039856,-4.991059,1.327626,0.033251,0.513767,7.843849,0.008745,0.153726,7.865648,0.006099,0.116943,8.473246,0.003185,0.106447,1.362326,-0.006532,-0.023533,0.013113,-0.033758,0.028589,-0.051501,0.036215,0.058904,0.049819,-0.040140,1.362326,-0.006532,1.412145,-0.046672,0.731279,4.991059,-1.000000,0,0,0.196000,0.196000,0.000000,0.000000,0.196000
33.384000,Descend,7.874940,0.040672,-4.983015,1.334133,0.031835,0.535212,7.843849,0.008745,0.153726,7.865648,0.006099,0.116943,8.522289,0.002950,0.105600,1.362326,-0.006532,-0.023533,-0.009292,-0.034573,0.004297,-0.053066,0.035800,0.053240,0.030385,-0.041401,1.362326,-0.006532,1.392711,-0.047933,0.737887,4.983015,-1.000000,0,0,0.216000,0.216000,0.000000,0.000000,0.216000
33.400000,Descend,7.908803,0.041822,-4.970209,1.343788,0.029830,0.569041,7.843849,0.008745,0.153726,7.865648,0.006099,0.116943,8.549536,0.002820,0.105129,1.362326,-0.006532,-0.023533,-0.043154,-0.035723,-0.033848,-0.053977,0.056022,0.063712,-0.000131,-0.042141,1.362326,-0.006532,1.362195,-0.048672,0.725670,4.970209,-1.000000,0,0,0.232000,0.232000,0.000000,0.000000,0.232000
33.400000,Descend,7.908803,0.041822,-4.970209,1.343788,0.029830,0.569041,7.843849,0.008745,0.153726,7.865648,0.006099,0.116943,8.522289,0.002950,0.105600,1.362326,-0.006532,-0.023533,-0.043154,-0.035723,-0.034219,-0.053250,0.056022,0.063296,-0.000428,-0.041559,1.362326,-0.006532,1.361898,-0.048091,0.726154,4.970209,-1.000000,0,0,0.232000,0.232000,0.000000,0.000000,0.232000
33.416000,Descend,7.931576,0.042581,-4.961217,1.350071,0.028467,0.592047,7.843849,0.008745,0.153726,7.865648,0.006099,0.116943,8.565884,0.002741,0.104847,1.362326,-0.006532,-0.023533,-0.065928,-0.036482,-0.059629,-0.054471,0.075349,0.080764,-0.020766,-0.042545,1.362326,-0.006532,1.341560,-0.049077,0.705776,4.961217,-1.000000,0,0,0.248000,0.248000,0.000000,0.000000,0.248000
33.432000,Descend,7.965981,0.043611,-4.946841,1.359323,0.026250,0.624808,7.843849,0.008745,0.153726,7.865648,0.006099,0.116943,8.587681,0.002637,0.104470,1.362326,-0.006532,-0.023533,-0.100333,-0.037512,-0.098742,-0.054887,0.107116,0.112971,-0.052071,-0.042887,1.362326,-0.006532,1.310255,-0.049418,0.668200,4.946841,-1.000000,0,0,0.264000,0.264000,0.000000,0.000000,0.264000
33.432000,Descend,7.965981,0.043611,-4.946841,1.359323,0.026250,0.624808,7.843849,0.008745,0.153726,7.865648,0.006099,0.116943,8.565884,0.002741,0.104847,1.362326,-0.006532,-0.023533,-0.100333,-0.037512,-0.098789,-0.054362,0.107116,0.112759,-0.052110,-0.042468,1.362326,-0.006532,1.310216,-0.048999,0.668448,4.946841,-1.000000,0,0,0.264000,0.264000,0.000000,0.000000,0.264000
33.456000,Descend,8.000584,0.044535,-4.931576,1.368311,0.023899,0.652114,7.843849,0.008745,0.153726,7.865648,0.006099,0.116943,8.631275,0.002428,0.103717,1.362326,-0.006532,-0.023533,-0.134935,-0.038437,-0.138299,-0.055539,0.140303,0.149034,-0.083751,-0.043422,1.362326,-0.006532,1.278575,-0.049954,0.626127,4.931576,-1.000000,0,0,0.288000,0.288000,0.000000,0.000000,0.288000
33.464000,Descend,8.000584,0.044535,-4.931576,1.368311,0.023899,0.652114,7.843849,0.008745,0.153726,7.865648,0.006099,0.116943,8.620377,0.002480,0.103905,1.362326,-0.006532,-0.023533,-0.134935,-0.038437,-0.138251,-0.055295,0.140303,0.148899,-0.083724,-0.043232,1.362326,-0.006532,1.278602,-0.049763,0.626284,4.931576,-1.000000,0,0,0.296000,0.296000,0.000000,0.000000,0.296000
33.480000,Descend,8.023738,0.045100,-4.921025,1.374185,0.022235,0.665670,7.843849,0.008745,0.153726,7.865648,0.006099,0.116943,8.653072,0.002323,0.103340,1.362326,-0.006532,-0.023533,-0.158090,-0.039001,-0.164945,-0.055628,0.162829,0.174073,-0.105105,-0.043507,1.362326,-0.006532,1.257221,-0.050039,0.596915,4.921025,-1.000000,0,0,0.312000,0.312000,0.000000,0.000000,0.312000
33.496000,Descend,8.047052,0.045599,-4.910139,1.379953,0.020553,0.675218,7.843849,0.008745,0.153726,7.865648,0.006099,0.116943,8.674870,0.002219,0.102964,1.362326,-0.006532,-0.023533,-0.181404,-0.039500,-0.191875,-0.055589,0.185655,0.199765,-0.126680,-0.043484,1.362326,-0.006532,1.235646,-0.050016,0.566941,4.910139,-1.000000,0,0,0.328000,0.328000,0.000000,0.000000,0.328000
33.496000,Descend,8.047052,0.045599,-4.910139,1.379953,0.020553,0.675218,7.843849,0.008745,0.153726,7.865648,0.006099,0.116943,8.653072,0.002323,0.103340,1.362326,-0.006532,-0.023533,-0.181404,-0.039500,-0.191593,-0.055156,0.185655,0.199374,-0.126457,-0.043138,1.362326,-0.006532,1.235869,-0.049670,0.567397,4.910139,-1.000000,0,0,0.328000,0.328000,0.000000,0.000000,0.328000
33.516000,Descend,8.070493,0.046096,-4.899143,1.385473,0.018782,0.680334,7.843849,0.008745,0.153726,7.865648,0.006099,0.116943,8.707566,0.002062,0.102399,1.362326,-0.006532,-0.023533,-0.204844,-0.039998,-0.219149,-0.055642,0.208713,0.226102,-0.148545,-0.043538,1.362326,-0.006532,1.213781,-0.050070,0.536214,4.899143,-1.000000,0,0,0.348000,0.348000,0.000000,0.000000,0.348000
33.532000,Descend,8.105856,0.046760,-4.882383,1.393351,0.016001,0.680731,8.494693,0.001127,0.143874,8.438768,0.001133,0.105492,8.837364,-0.001893,0.098806,1.498479,-0.011377,-0.025136,0.332912,-0.045627,0.360877,-0.052909,0.336025,0.364735,0.315533,-0.041361,1.498479,-0.011377,1.349781,-0.052737,0.000000,4.882383,-1.000000,0,0,0.000000,0.000000,0.000000,0.000000,0.000000
33.532000,Descend,8.105856,0.046760,-4.882383,1.393351,0.016001,0.680731,8.494693,0.001127,0.143874,8.438768,0.001133,0.105492,8.813388,-0.001711,0.099209,1.498479,-0.011377,-0.025136,0.332912,-0.045627,0.359195,-0.052471,0.336025,0.363007,0.314191,-0.041011,1.498479,-0.011377,1.358281,-0.052387,0.000000,4.882383,-1.000000,0,0,0.000000,0.000000,0.000000,0.000000,0.000000
33.556000,Descend,8.141358,0.047337,-4.865644,1.400382,0.013316,0.674154,8.494693,0.001127,0.143874,8.438768,0.001133,0.105492,8.885315,-0.002257,0.098002,1.498479,-0.011377,-0.025136,0.297410,-0.046203,0.326643,-0.053562,0.300978,0.331005,0.288228,-0.041896,1.498479,-0.011377,1.562281,-0.053273,0.000000,4.865644,-1.000000,0,0,0.024000,0.024000,0.000000,0.000000,0.024000
33.564000,Descend,8.141358,0.047337,-4.865644,1.400382,0.013316,0.674154,8.494693,0.001127,0.143874,8.438768,0.001133,0.105492,8.873327,-0.002166,0.098203,1.498479,-0.011377,-0.025136,0.297410,-0.046203,0.325858,-0.053364,0.300978,0.330199,0.287626,-0.041743,1.498479,-0.011377,1.630281,-0.053119,0.000000,4.865644,-1.000000,0,0,0.032000,0.032000,0.000000,0.000000,0.032000
33.564000,Descend,8.141358,0.047337,-4.865644,1.400382,0.013316,0.674154,8.573019,-0.001464,0.151106,8.524160,-0.000940,0.104513,8.915874,-0.004685,0.098205,1.566854,-0.014977,-0.025233,0.382802,-0.048277,0.424419,-0.055350,0.385834,0.428013,0.366479,-0.043332,1.566854,-0.014977,1.638781,-0.058309,0.000000,4.865644,-1.000000,0,0,0.000000,0.000000,0.000000,0.000000,0.000000
33.584000,Descend,8.165071,0.047679,-4.854610,1.404532,0.011388,0.659402,8.573019,-0.001464,0.151106,8.524160,-0.000940,0.104513,8.978548,-0.005284,0.097196,1.566854,-0.014977,-0.025233,0.359089,-0.048620,0.406162,-0.056265,0.362365,0.410041,0.351955,-0.044075,1.566854,-0.014977,1.808781,-0.059052,0.000000,4.854610,-1.000000,0,0,0.020000,0.020000,0.000000,0.000000,0.020000
33.596000,Descend,8.200815,0.048144,-4.839165,1.411336,0.007903,0.577001,8.573019,-0.001464,0.151106,8.524160,-0.000940,0.104513,8.984816,-0.005343,0.097095,1.566854,-0.014977,-0.025233,0.323345,-0.049084,0.369067,-0.055811,0.327049,0.373263,0.322323,-0.043718,1.566854,-0.014977,1.889177,-0.058695,0.000000,4.839165,-1.000000,0,0,0.032000,0.032000,0.000000,0.000000,0.032000
33.608000,Descend,8.200815,0.048144,-4.839165,1.411336,0.007903,0.577001,8.573019,-0.001464,0.151106,8.524160,-0.000940,0.104513,9.003617,-0.005523,0.096792,1.566854,-0.014977,-0.025233,0.323345,-0.049084,0.370934,-0.056085,0.327049,0.375150,0.323861,-0.043945,1.566854,-0.014977,1.890715,-0.058921,0.000000,4.839165,-1.000000,0,0,0.044000,0.044000,0.000000,0.000000,0.044000
33.620000,Descend,8.224709,0.048414,-4.830147,1.415443,0.005435,0.510743,8.573019,-0.001464,0.151106,8.524160,-0.000940,0.104513,9.022420,-0.005703,0.096489,1.566854,-0.014977,-0.025233,0.299452,-0.049354,0.347600,-0.055845,0.303492,0.352057,0.305236,-0.043759,1.566854,-0.014977,1.872090,-0.058736,0.000000,4.830147,-1.000000,0,0,0.056000,0.056000,0.000000,0.000000,0.056000
33.628000,Descend,8.224709,0.048414,-4.830147,1.415443,0.005435,0.510743,8.573019,-0.001464,0.151106,8.524160,-0.000940,0.104513,9.028687,-0.005763,0.096388,1.566854,-0.014977,-0.025233,0.299452,-0.049354,0.348207,-0.055927,0.303492,0.352669,0.305749,-0.043829,1.566854,-0.014977,1.872603,-0.058806,0.000000,4.830147,-1.000000,0,0,0.064000,0.064000,0.000000,0.000000,0.064000
33.644000,Descend,8.260627,0.048768,-4.818612,1.420881,0.002047,0.414337,8.573019,-0.001464,0.151106,8.524160,-0.000940,0.104513,9.066292,-0.006122,0.095783,1.566854,-0.014977,-0.025233,0.263534,-0.049709,0.314040,-0.055599,0.268181,0.318924,0.278466,-0.043575,1.566854,-0.014977,1.845320,-0.058552,0.000000,4.818612,-1.000000,0,0,0.080000,0.080000,0.000000,0.000000,0.080000
33.660000,Descend,8.284684,0.048960,-4.812302,1.424478,-0.000161,0.355703,8.573019,-0.001464,0.151106,8.524160,-0.000940,0.104513,9.085094,-0.006302,0.095480,1.566854,-0.014977,-0.025233,0.239476,-0.049901,0.290447,-0.055205,0.244620,0.295647,0.259626,-0.043267,1.566854,-0.014977,1.826480,-0.058244,0.455078,4.812302,-1.000000,0,0,0.096000,0.096000,0.000000,0.000000,0.096000
33.664000,Descend,8.284684,0.048960,-4.812302,1.424478,-0.000161,0.355703,8.573019,-0.001464,0.151106,8.524160,-0.000940,0.104513,9.085094,-0.006302,0.095480,1.566854,-0.014977,-0.025233,0.239476,-0.049901,0.290447,-0.055205,0.244620,0.295647,0.259650,-0.043271,1.566854,-0.014977,1.826504,-0.058248,0.455078,4.812302,-1.000000,0,0,0.100000,0.100000,0.000000,0.000000,0.100000
33.688000,Descend,8.308746,0.049111,-4.806886,1.428296,-0.002198,0.303494,8.573019,-0.001464,0.151106,8.524160,-0.000940,0.104513,9.147768,-0.006901,0.094470,1.566854,-0.014977,-0.025233,0.215414,-0.050051,0.270560,-0.055137,0.221152,0.276121,0.243805,-0.043230,1.566854,-0.014977,1.810659,-0.058207,0.477859,4.806886,-1.000000,0,0,0.124000,0.124000,0.000000,0.000000,0.124000
33.696000,Descend,8.332923,0.049229,-4.802501,1.432428,-0.004094,0.259109,8.573019,-0.001464,0.151106,8.524160,-0.000940,0.104513,9.135233,-0.006781,0.094672,1.566854,-0.014977,-0.025233,0.191237,-0.050170,0.243663,-0.054414,0.197709,0.249665,0.222307,-0.042656,1.566854,-0.014977,1.789160,-0.057633,0.508725,4.802501,-1.000000,0,0,0.132000,0.132000,0.000000,0.000000,0.132000
33.704000,Descend,8.332923,0.049229,-4.802501,1.432428,-0.004094,0.259109,8.573019,-0.001464,0.151106,8.524160,-0.000940,0.104513,9.147768,-0.006901,0.094470,1.566854,-0.014977,-0.025233,0.191237,-0.050170,0.244739,-0.054501,0.197709,0.250734,0.223187,-0.042730,1.566854,-0.014977,1.790041,-0.057707,0.507477,4.802501,-1.000000,0,0,0.140000,0.140000,0.000000,0.000000,0.140000
33.724000,Descend,8.369267,0.049348,-4.797081,1.438803,-0.006491,0.229816,8.573019,-0.001464,0.151106,8.524160,-0.000940,0.104513,9.185372,-0.007261,0.093865,1.566854,-0.014977,-0.025233,0.154894,-0.050288,0.208931,-0.053869,0.162853,0.215764,0.194574,-0.042233,1.566854,-0.014977,1.761428,-0.057210,0.548275,4.797081,-1.000000,0,0,0.156000,0.156000,0.000000,0.004000,0.160000
33.728000,Descend,8.369267,0.049348,-4.797081,1.438803,-0.006491,0.229816,8.680024,-0.004967,0.121706,8.740877,-0.004317,0.101317,9.125389,-0.008647,0.094943,1.490357,-0.016784,-0.024705,0.371611,-0.053665,0.384912,-0.056320,0.375466,0.389010,0.335389,-0.044199,1.490357,-0.016784,1.825747,-0.060982,0.000000,4.797081,-1.000000,0,0,0.000000,0.000000,0.000000,0.000000,0.000000
33.736000,Descend,8.369267,0.049348,-4.797081,1.438803,-0.006491,0.229816,8.680024,-0.004967,0.121706,8.740877,-0.004317,0.101317,9.137312,-0.008781,0.094745,1.490357,-0.016784,-0.024705,0.371611,-0.053665,0.385324,-0.056402,0.375466,0.389430,0.335750,-0.044269,1.490357,-0.016784,1.826107,-0.061053,0.000000,4.797081,-1.000000,0,0,0.008000,0.008000,0.000000,0.000000,0.008000
33.752000,Descend,8.405747,0.049404,-4.792173,1.445323,-0.008446,0.240232,8.680024,-0.004967,0.121706,8.740877,-0.004317,0.101317,9.173080,-0.009184,0.094152,1.490357,-0.016784,-0.024705,0.335130,-0.053721,0.348189,-0.056139,0.339408,0.352686,0.306098,-0.044067,1.490357,-0.016784,1.796456,-0.060850,0.000000,4.792173,-1.000000,0,0,0.024000,0.024000,0.000000,0.000000,0.024000
33.760000,Descend,8.430142,0.049415,-4.788786,1.449912,-0.009643,0.259193,8.680024,-0.004967,0.121706,8.740877,-0.004317,0.101317,9.173080,-0.009184,0.094152,1.490357,-0.016784,-0.024705,0.310735,-0.053732,0.322464,-0.055803,0.315346,0.327257,0.285544,-0.043803,1.490357,-0.016784,1.775901,-0.060586,0.000000,4.788786,-1.000000,0,0,0.032000,0.032000,0.000000,0.000000,0.032000
33.776000,Descend,8.454610,0.049409,-4.785219,1.454915,-0.010789,0.276800,8.680024,-0.004967,0.121706,8.740877,-0.004317,0.101317,9.208849,-0.009587,0.093559,1.490357,-0.016784,-0.024705,0.286267,-0.053725,0.297396,-0.055607,0.291265,0.302550,0.265537,-0.043655,1.490357,-0.016784,1.755894,-0.060439,0.000000,4.785219,-1.000000,0,0,0.048000,0.048000,0.000000,0.000000,0.048000
33.796000,Descend,8.491533,0.049357,-4.780050,1.465727,-0.012957,0.256444,8.680024,-0.004967,0.121706,8.740877,-0.004317,0.101317,9.244617,-0.009990,0.092966,1.490357,-0.016784,-0.024705,0.249344,-0.053674,0.257668,-0.054967,0.255055,0.263466,0.233806,-0.043154,1.490357,-0.016784,1.724164,-0.059938,0.492623,4.780050,-1.000000,0,0,0.068000,0.068000,0.000000,0.000000,0.068000
33.796000,Descend,8.491533,0.049357,-4.780050,1.465727,-0.012957,0.256444,8.680024,-0.004967,0.121706,8.740877,-0.004317,0.101317,9.214810,-0.009654,0.093460,1.490357,-0.016784,-0.024705,0.249344,-0.053674,0.257175,-0.054891,0.255055,0.262968,0.233414,-0.043094,1.490357,-0.016784,1.723772,-0.059877,0.493204,4.780050,-1.000000,0,0,0.068000,0.068000,0.000000,0.000000,0.068000
33.812000,Descend,8.516281,0.049287,-4.777039,1.474040,-0.014411,0.231323,8.680024,-0.004967,0.121706,8.740877,-0.004317,0.101317,9.262503,-0.010191,0.092670,1.490357,-0.016784,-0.024705,0.224596,-0.053604,0.230308,-0.054434,0.230904,0.236653,0.211957,-0.042737,1.490357,-0.016784,1.702314,-0.059521,0.523905,4.777039,-1.000000,0,0,0.084000,0.084000,0.000000,0.000000,0.084000
33.828000,Descend,8.516281,0.049287,-4.777039,1.474040,-0.014411,0.231323,8.680024,-0.004967,0.121706,8.740877,-0.004317,0.101317,9.286348,-0.010459,0.092274,1.490357,-0.016784,-0.024705,0.224596,-0.053604,0.230569,-0.054472,0.230904,0.236916,0.212203,-0.042776,1.490357,-0.016784,1.702560,-0.059560,0.523598,4.777039,-1.000000,0,0,0.100000,0.100000,0.000000,0.000000,0.100000
33.828000,Descend,8.516281,0.049287,-4.777039,1.474040,-0.014411,0.231323,8.680024,-0.004967,0.121706,8.740877,-0.004317,0.101317,9.262503,-0.010191,0.092670,1.490357,-0.016784,-0.024705,0.224596,-0.053604,0.230308,-0.054434,0.230904,0.236653,0.211996,-0.042746,1.490357,-0.016784,1.702354,-0.059530,0.523905,4.777039,-1.000000,0,0,0.100000,0.100000,0.000000,0.000000,0.100000
33.848000,Descend,8.553881,0.049173,-4.773336,1.486801,-0.016468,0.205765,8.680024,-0.004967,0.121706,8.740877,-0.004317,0.101317,9.322117,-0.010862,0.091681,1.490357,-0.016784,-0.024705,0.186996,-0.053489,0.188384,-0.053612,0.194496,0.195864,0.178495,-0.042099,1.490357,-0.016784,1.668852,-0.058883,0.571492,4.773336,-1.000000,0,0,0.120000,0.120000,0.000000,0.000000,0.120000
33.860000,Descend,8.566587,0.049133,-4.772190,1.490719,-0.017028,0.207657,8.909045,-0.003792,0.111553,8.926785,-0.005410,0.097746,9.312609,-0.009284,0.091227,1.472611,-0.014787,-0.024879,0.360197,-0.054543,0.355453,-0.053955,0.364303,0.359524,0.312192,-0.042380,1.472611,-0.014787,1.770852,-0.057167,0.000000,4.772190,-1.000000,0,0,0.000000,0.000000,0.000000,0.000000,0.000000
33.868000,Descend,8.566587,0.049133,-4.772190,1.490719,-0.017028,0.207657,8.909045,-0.003792,0.111553,8.926785,-0.005410,0.097746,9.318499,-0.009343,0.091128,1.472611,-0.014787,-0.024879,0.360197,-0.054543,0.355380,-0.053946,0.364303,0.359451,0.312163,-0.042377,1.472611,-0.014787,1.784774,-0.057164,0.000000,4.772190,-1.000000,0,0,0.008000,0.008000,0.000000,0.000000,0.008000
33.884000,Descend,8.617422,0.048888,-4.766867,1.504912,-0.019086,0.245198,8.909045,-0.003792,0.111553,8.926785,-0.005410,0.097746,9.353842,-0.009698,0.090531,1.472611,-0.014787,-0.024879,0.309362,-0.054298,0.299995,-0.053051,0.314091,0.304650,0.267903,-0.041670,1.472611,-0.014787,1.740514,-0.056456,0.000000,4.766867,-1.000000,0,0,0.024000,0.024000,0.000000,0.000000,0.024000
33.892000,Descend,8.643090,0.048704,-4.763588,1.511867,-0.019987,0.271572,8.909045,-0.003792,0.111553,8.926785,-0.005410,0.097746,9.353842,-0.009698,0.090531,1.472611,-0.014787,-0.024879,0.283694,-0.054114,0.272310,-0.052606,0.288809,0.277345,0.245777,-0.041318,1.472611,-0.014787,1.718388,-0.056105,0.476431,4.763588,-1.000000,0,0,0.032000,0.032000,0.000000,0.000000,0.032000
33.908000,Descend,8.643090,0.048704,-4.763588,1.511867,-0.019987,0.271572,8.909045,-0.003792,0.111553,8.926785,-0.005410,0.097746,9.389184,-0.010053,0.089933,1.472611,-0.014787,-0.024879,0.283694,-0.054114,0.271367,-0.052482,0.288809,0.276395,0.245066,-0.041227,1.472611,-0.014787,1.717677,-0.056013,0.477539,4.763588,-1.000000,0,0,0.048000,0.048000,0.000000,0.000000,0.048000
33.928000,Descend,8.681768,0.048374,-4.758296,1.525126,-0.021842,0.262871,8.909045,-0.003792,0.111553,8.926785,-0.005410,0.097746,9.424527,-0.010408,0.089336,1.472611,-0.014787,-0.024879,0.245016,-0.053784,0.227266,-0.051399,0.250850,0.233006,0.209831,-0.040371,1.472611,-0.014787,1.682441,-0.055158,0.528160,4.758296,-1.000000,0,0,0.068000,0.068000,0.000000,0.000000,0.068000
33.928000,Descend,8.681768,0.048374,-4.758296,1.525126,-0.021842,0.262871,8.909045,-0.003792,0.111553,8.926785,-0.005410,0.097746,9.395075,-0.010112,0.089834,1.472611,-0.014787,-0.024879,0.245016,-0.053784,0.228316,-0.051540,0.250850,0.234061,0.210673,-0.040484,1.472611,-0.014787,1.683284,-0.055271,0.526928,4.758296,-1.000000,0,0,0.068000,0.068000,0.000000,0.000000,0.068000
33.948000,Descend,8.707767,0.048108,-4.755038,1.534906,-0.023139,0.241728,8.909045,-0.003792,0.111553,8.926785,-0.005410,0.097746,9.453979,-0.010704,0.088839,1.472611,-0.014787,-0.024879,0.219017,-0.053518,0.196715,-0.050528,0.225461,0.203101,0.185431,-0.039685,1.472611,-0.014787,1.658042,-0.054471,0.563049,4.755038,-1.000000,0,0,0.088000,0.088000,0.000000,0.000000,0.088000
33.960000,Descend,8.747104,0.047650,-4.750407,1.547759,-0.024878,0.239739,8.909045,-0.003792,0.111553,8.926785,-0.005410,0.097746,9.459869,-0.010763,0.088739,1.472611,-0.014787,-0.024879,0.179681,-0.053060,0.152477,-0.049407,0.187352,0.160282,0.150059,-0.038788,1.472611,-0.014787,1.622670,-0.053575,0.613004,4.750407,-1.000000,0,0,0.100000,0.100000,0.000000,0.000000,0.100000
33.960000,Descend,8.747104,0.047650,-4.750407,1.547759,-0.024878,0.239739,8.909045,-0.003792,0.111553,8.926785,-0.005410,0.097746,9.442198,-0.010585,0.089038,1.472611,-0.014787,-0.024879,0.179681,-0.053060,0.153378,-0.049529,0.187352,0.161177,0.150782,-0.038885,1.472611,-0.014787,1.623393,-0.053672,0.611960,4.750407,-1.000000,0,0,0.100000,0.100000,0.000000,0.000000,0.100000
33.980000,Descend,8.773463,0.047315,-4.747141,1.555241,-0.025818,0.254853,8.909045,-0.003792,0.111553,8.926785,-0.005410,0.097746,9.501102,-0.011177,0.088043,1.472611,-0.014787,-0.024879,0.153321,-0.052725,0.121095,-0.048423,0.162134,0.130417,0.124979,-0.038000,1.472611,-0.014787,1.597590,-0.052787,0.647846,4.747141,-1.000000,0,0,0.120000,0.120000,0.000000,0.000000,0.120000
33.992000,Descend,8.800072,0.046953,-4.743484,1.562306,-0.026696,0.278043,9.150778,-0.006234,0.124299,9.130898,-0.006671,0.096263,9.521333,-0.010255,0.090009,1.490206,-0.013680,-0.023868,0.330827,-0.053624,0.311936,-0.050214,0.335145,0.315952,0.277690,-0.039440,1.490206,-0.013680,1.699590,-0.053120,0.000000,4.743484,-1.000000,0,0,0.000000,0.000000,0.000000,0.000000,0.000000
33.992000,Descend,8.800072,0.046953,-4.743484,1.562306,-0.026696,0.278043,9.150778,-0.006234,0.124299,9.130898,-0.006671,0.096263,9.503450,-0.010091,0.090296,1.490206,-0.013680,-0.023868,0.330827,-0.053624,0.312802,-0.050370,0.335145,0.316832,0.278386,-0.039565,1.490206,-0.013680,1.708090,-0.053245,0.000000,4.743484,-1.000000,0,0,0.000000,0.000000,0.000000,0.000000,0.000000
34.012000,Descend,8.800072,0.046953,-4.743484,1.562306,-0.026696,0.278043,9.150778,-0.006234,0.124299,9.130898,-0.006671,0.096263,9.563058,-0.010638,0.089341,1.490206,-0.013680,-0.023868,0.330827,-0.053624,0.309917,-0.049850,0.335145,0.313901,0.276140,-0.039149,1.490206,-0.013680,1.766346,-0.052829,0.000000,4.743484,-1.000000,0,0,0.020000,0.020000,0.000000,0.000000,0.020000
34.024000,Descend,8.826713,0.046575,-4.739386,1.568710,-0.027572,0.306458,9.150778,-0.006234,0.124299,9.130898,-0.006671,0.096263,9.569019,-0.010693,0.089246,1.490206,-0.013680,-0.023868,0.304186,-0.053246,0.281106,-0.049162,0.308811,0.285372,0.253124,-0.038598,1.490206,-0.013680,1.743330,-0.052278,0.467065,4.739386,-1.000000,0,0,0.032000,0.032000,0.000000,0.000000,0.032000
34.024000,Descend,8.826713,0.046575,-4.739386,1.568710,-0.027572,0.306458,9.150778,-0.006234,0.124299,9.130898,-0.006671,0.096263,9.551137,-0.010529,0.089532,1.490206,-0.013680,-0.023868,0.304186,-0.053246,0.282048,-0.049328,0.308811,0.286329,0.253881,-0.038732,1.490206,-0.013680,1.744087,-0.052412,0.465949,4.739386,-1.000000,0,0,0.032000,0.032000,0.000000,0.000000,0.032000
34.048000,Descend,8.867023,0.045939,-4.732183,1.577802,-0.028845,0.356907,9.150778,-0.006234,0.124299,9.130898,-0.006671,0.096263,9.610744,-0.011076,0.088577,1.490206,-0.013680,-0.023868,0.263875,-0.052610,0.235669,-0.047727,0.269068,0.240453,0.216825,-0.037450,1.490206,-0.013680,1.707031,-0.051130,0.519471,4.732183,-1.000000,0,0,0.052000,0.052000,0.000000,0.000000,0.052000
34.060000,Descend,8.907589,0.045254,-4.724122,1.589054,-0.030380,0.357680,9.150778,-0.006234,0.124299,9.130898,-0.006671,0.096263,9.628628,-0.011240,0.088291,1.490206,-0.013680,-0.023868,0.223310,-0.051925,0.190295,-0.046347,0.229267,0.195858,0.180556,-0.036346,1.490206,-0.013680,1.670762,-0.050027,0.571499,4.724122,-1.000000,0,0,0.068000,0.068000,0.000000,0.000000,0.068000
34.068000,Descend,8.907589,0.045254,-4.724122,1.589054,-0.030380,0.357680,9.150778,-0.006234,0.124299,9.130898,-0.006671,0.096263,9.628628,-0.011240,0.088291,1.490206,-0.013680,-0.023868,0.223310,-0.051925,0.190295,-0.046347,0.229267,0.195858,0.180571,-0.036346,1.490206,-0.013680,1.670777,-0.050027,0.571499,4.724122,-1.000000,0,0,0.076000,0.076000,0.000000,0.000000,0.076000
34.088000,Descend,8.961194,0.044273,-4.713489,1.602792,-0.032338,0.349214,9.150778,-0.006234,0.124299,9.130898,-0.006671,0.096263,9.676314,-0.011678,0.087527,1.490206,-0.013680,-0.023868,0.169704,-0.050944,0.128498,-0.044115,0.177186,0.135860,0.131159,-0.034561,1.490206,-0.013680,1.621365,-0.048241,0.641497,4.713489,-1.000000,0,0,0.096000,0.096000,0.000000,0.000000,0.096000
34.092000,Descend,8.988607,0.043766,-4.708066,1.608715,-0.033163,0.362483,9.150778,-0.006234,0.124299,9.130898,-0.006671,0.096263,9.658431,-0.011514,0.087814,1.490206,-0.013680,-0.023868,0.142291,-0.050437,0.100338,-0.043540,0.150966,0.109378,0.108635,-0.034101,1.490206,-0.013680,1.598841,-0.047781,0.672393,4.708066,-1.000000,0,0,0.100000,0.100000,0.000000,0.000000,0.100000
34.108000,Descend,8.988607,0.043766,-4.708066,1.608715,-0.033163,0.362483,9.150778,-0.006234,0.124299,9.130898,-0.006671,0.096263,9.700157,-0.011897,0.087145,1.490206,-0.013680,-0.023868,0.142291,-0.050437,0.097020,-0.042995,0.150966,0.106120,0.105996,-0.033665,1.490206,-0.013680,1.596203,-0.047345,0.676193,4.708066,-1.000000,0,0,0.116000,0.116000,0.000000,0.000000,0.116000
34.124000,Descend,9.016106,0.043250,-4.702301,1.614057,-0.033859,0.382583,9.150778,-0.006234,0.124299,9.130898,-0.006671,0.096263,9.724001,-0.012116,0.086763,1.490206,-0.013680,-0.023868,0.114793,-0.049921,0.065500,-0.041890,0.125178,0.077750,0.080791,-0.032781,1.490206,-0.013680,1.570997,-0.046461,0.709292,4.702301,-1.000000,0,0,0.132000,0.132000,0.000000,0.000000,0.132000
34.136000,Descend,9.016106,0.043250,-4.702301,1.614057,-0.033859,0.382583,9.150778,-0.006234,0.124299,9.130898,-0.006671,0.096263,9.735922,-0.012225,0.086573,1.490206,-0.013680,-0.023868,0.114793,-0.049921,0.064509,-0.041728,0.125178,0.076829,0.080006,-0.032651,1.490206,-0.013680,1.570212,-0.046332,0.710366,4.702301,-1.000000,0,0,0.144000,0.144000,0.000000,0.000000,0.144000
34.156000,Descend,9.043675,0.042730,-4.696105,1.619017,-0.034495,0.408045,9.150778,-0.006234,0.124299,9.130898,-0.006671,0.096263,9.765726,-0.012499,0.086095,1.490206,-0.013680,-0.023868,0.087223,-0.049401,0.032350,-0.040534,0.100241,0.051860,0.054278,-0.031696,1.490206,-0.013680,1.544484,-0.045376,0.739497,4.696105,-1.000000,0,0,0.160000,0.160000,0.000000,0.004000,0.164000
34.156000,Descend,9.071240,0.042201,-4.689462,1.623418,-0.035150,0.437286,9.150778,-0.006234,0.124299,9.130898,-0.006671,0.096263,9.753804,-0.012389,0.086286,1.490206,-0.013680,-0.023868,0.059658,-0.048872,0.003975,-0.039898,0.077121,0.040095,0.031578,-0.031187,1.490206,-0.013680,1.521785,-0.044867,0.753222,4.689462,-1.000000,0,0,0.164000,0.164000,0.000000,0.000000,0.164000
34.164000,Descend,9.071240,0.042201,-4.689462,1.623418,-0.035150,0.437286,9.150778,-0.006234,0.124299,9.130898,-0.006671,0.096263,9.771688,-0.012553,0.086000,1.490206,-0.013680,-0.023868,0.059658,-0.048872,0.002378,-0.039640,0.077121,0.039711,0.030301,-0.030981,1.490206,-0.013680,1.520507,-0.044661,0.753670,4.689462,-1.000000,0,0,0.172000,0.172000,0.000000,0.000000,0.172000
34.184000,Descend,9.112761,0.041372,-4.678440,1.629502,-0.036040,0.484629,9.150778,-0.006234,0.124299,9.130898,-0.006671,0.096263,9.819374,-0.012991,0.085236,1.490206,-0.013680,-0.023868,0.018138,-0.048043,-0.046216,-0.037712,0.051353,0.059650,-0.008574,-0.029439,1.490206,-0.013680,1.481632,-0.043119,0.730408,4.678440,-1.000000,0,0,0.192000,0.192000,0.000000,0.000000,0.192000
34.192000,Descend,9.140481,0.040814,-4.670416,1.633219,-0.036557,0.516552,9.150778,-0.006234,0.124299,9.130898,-0.006671,0.096263,9.813413,-0.012936,0.085331,1.490206,-0.013680,-0.023868,-0.009583,-0.047485,-0.075083,-0.037008,0.048443,0.083708,-0.031674,-0.028875,1.490206,-0.013680,1.458532,-0.042555,0.702341,4.670416,-1.000000,0,0,0.200000,0.200000,0.000000,0.000000,0.200000
34.204000,Descend,9.140481,0.040814,-4.670416,1.633219,-0.036557,0.516552,9.150778,-0.006234,0.124299,9.130898,-0.006671,0.096263,9.825335,-0.013046,0.085140,1.490206,-0.013680,-0.023868,-0.009583,-0.047485,-0.076226,-0.036825,0.048443,0.084655,-0.032595,-0.028729,1.490206,-0.013680,1.457612,-0.042409,0.701236,4.670416,-1.000000,0,0,0.208000,0.208000,0.004000,0.000000,0.212000
34.224000,Descend,9.182107,0.039980,-4.657400,1.638140,-0.037349,0.563697,9.150778,-0.006234,0.124299,9.130898,-0.006671,0.096263,9.884943,-0.013593,0.084186,1.490206,-0.013680,-0.023868,-0.051208,-0.046651,-0.126062,-0.034674,0.069272,0.130744,-0.072494,-0.027008,1.490206,-0.013680,1.417712,-0.040689,0.647465,4.657400,-1.000000,0,0,0.232000,0.232000,0.000000,0.000000,0.232000
34.224000,Descend,9.182107,0.039980,-4.657400,1.638140,-0.037349,0.563697,9.526505,-0.008967,0.109179,9.494754,-0.008723,0.086612,9.874736,-0.011694,0.080072,1.519926,-0.011883,-0.026160,0.312647,-0.048703,0.283093,-0.042336,0.316417,0.286242,0.254834,-0.033138,1.519926,-0.011883,1.426212,-0.045021,0.466051,4.657400,-1.000000,0,0,0.000000,0.000000,0.000000,0.000000,0.000000
34.232000,Descend,9.182107,0.039980,-4.657400,1.638140,-0.037349,0.563697,9.526505,-0.008967,0.109179,9.494754,-0.008723,0.086612,9.899055,-0.011884,0.079653,1.519926,-0.011883,-0.026160,0.312647,-0.048703,0.281202,-0.041929,0.316417,0.284311,0.253343,-0.032812,1.519926,-0.011883,1.494212,-0.044695,0.468304,4.657400,-1.000000,0,0,0.008000,0.008000,0.000000,0.000000,0.008000
34.252000,Descend,9.224040,0.039215,-4.643134,1.642685,-0.038019,0.605436,9.526505,-0.008967,0.109179,9.494754,-0.008723,0.086612,9.947692,-0.012264,0.078816,1.519926,-0.011883,-0.026160,0.270714,-0.047938,0.234132,-0.040149,0.274925,0.237549,0.215734,-0.031388,1.519926,-0.011883,1.664212,-0.043271,0.522859,4.643134,-1.000000,0,0,0.028000,0.028000,0.000000,0.000000,0.028000
34.256000,Descend,9.252378,0.038805,-4.632900,1.645654,-0.038375,0.627468,9.526505,-0.008967,0.109179,9.494754,-0.008723,0.086612,9.929453,-0.012122,0.079130,1.519926,-0.011883,-0.026160,0.242375,-0.047528,0.206417,-0.039951,0.246991,0.210248,0.193570,-0.031230,1.519926,-0.011883,1.698212,-0.043113,0.554711,4.632900,-1.000000,0,0,0.032000,0.032000,0.000000,0.000000,0.032000
34.272000,Descend,9.252378,0.038805,-4.632900,1.645654,-0.038375,0.627468,9.526505,-0.008967,0.109179,9.494754,-0.008723,0.086612,9.972011,-0.012454,0.078398,1.519926,-0.011883,-0.026160,0.242375,-0.047528,0.202897,-0.039209,0.246991,0.206651,0.190787,-0.030636,1.519926,-0.011883,1.710713,-0.042519,0.558907,4.632900,-1.000000,0,0,0.048000,0.048000,0.000000,0.000000,0.048000
34.288000,Descend,9.294531,0.038147,-4.616977,1.649277,-0.038934,0.641173,9.526505,-0.008967,0.109179,9.494754,-0.008723,0.086612,9.996329,-0.012644,0.077979,1.519926,-0.011883,-0.026160,0.200223,-0.046870,0.157537,-0.037943,0.205636,0.162042,0.154524,-0.029623,1.519926,-0.011883,1.674451,-0.041506,0.610951,4.616977,-1.000000,0,0,0.064000,0.064000,0.000000,0.000000,0.064000
34.288000,Descend,9.294531,0.038147,-4.616977,1.649277,-0.038934,0.641173,9.629653,-0.009818,0.137978,9.602478,-0.009006,0.086646,9.986706,-0.011797,0.080343,1.536910,-0.011164,-0.025210,0.307947,-0.047153,0.279856,-0.040210,0.311536,0.282730,0.252382,-0.031437,1.536910,-0.011164,1.682950,-0.042601,0.470149,4.616977,-1.000000,0,0,0.000000,0.000000,0.000000,0.000000,0.000000
34.304000,Descend,9.322544,0.037702,-4.606185,1.651283,-0.039234,0.638306,9.629653,-0.009818,0.137978,9.602478,-0.009006,0.086646,10.035887,-0.012154,0.079537,1.536910,-0.011164,-0.025210,0.279934,-0.046708,0.247681,-0.038793,0.283804,0.250700,0.226681,-0.030303,1.536910,-0.011164,1.763591,-0.041467,0.507516,4.606185,-1.000000,0,0,0.016000,0.016000,0.000000,0.000000,0.016000
34.320000,Descend,9.364550,0.037061,-4.589963,1.653500,-0.039508,0.634761,9.629653,-0.009818,0.137978,9.602478,-0.009006,0.086646,10.060477,-0.012333,0.079133,1.536910,-0.011164,-0.025210,0.237928,-0.046067,0.203184,-0.037620,0.242347,0.206638,0.191117,-0.029365,1.536910,-0.011164,1.728027,-0.040529,0.558923,4.589963,-1.000000,0,0,0.032000,0.032000,0.000000,0.000000,0.032000
34.324000,Descend,9.364550,0.037061,-4.589963,1.653500,-0.039508,0.634761,9.687936,-0.009129,0.135497,9.663772,-0.008733,0.086471,10.056394,-0.011259,0.080171,1.545755,-0.009945,-0.024803,0.299222,-0.045794,0.271855,-0.038285,0.302706,0.274538,0.246064,-0.029897,1.545755,-0.009945,1.762027,-0.039842,0.479706,4.589963,-1.000000,0,0,0.000000,0.000000,0.000000,0.000000,0.000000
34.348000,Descend,9.392503,0.036635,-4.579208,1.654578,-0.039754,0.629097,9.687936,-0.009129,0.135497,9.663772,-0.008733,0.086471,10.124407,-0.011696,0.079079,1.545755,-0.009945,-0.024803,0.271269,-0.045368,0.238840,-0.036485,0.275036,0.241611,0.219710,-0.028457,1.545755,-0.009945,1.765465,-0.038402,0.518121,4.579208,-1.000000,0,0,0.024000,0.024000,0.000000,0.000000,0.024000
34.356000,Descend,9.420525,0.036240,-4.568503,1.655473,-0.039939,0.621461,9.687936,-0.009129,0.135497,9.663772,-0.008733,0.086471,10.112041,-0.011617,0.079278,1.545755,-0.009945,-0.024803,0.243247,-0.044973,0.211429,-0.036275,0.247370,0.214518,0.197797,-0.028289,1.545755,-0.009945,1.743552,-0.038234,0.549729,4.568503,-1.000000,0,0,0.032000,0.032000,0.000000,0.000000,0.032000
34.372000,Descend,9.420525,0.036240,-4.568503,1.655473,-0.039939,0.621461,9.695460,-0.009693,0.118194,9.705882,-0.008751,0.084177,10.137324,-0.011443,0.076946,1.529935,-0.009546,-0.025639,0.285357,-0.044991,0.249956,-0.036421,0.288883,0.252596,0.228659,-0.028405,1.529935,-0.009546,1.758595,-0.037951,0.505305,4.568503,-1.000000,0,0,0.016000,0.016000,0.000000,0.000000,0.016000
34.388000,Descend,9.475706,0.035309,-4.547830,1.656560,-0.040257,0.607560,9.695460,-0.009693,0.118194,9.705882,-0.008751,0.084177,10.161803,-0.011596,0.076536,1.529935,-0.009546,-0.025639,0.230176,-0.044060,0.192442,-0.034908,0.234355,0.195582,0.182679,-0.027196,1.529935,-0.009546,1.712614,-0.036741,0.571820,4.547830,-1.000000,0,0,0.032000,0.032000,0.000000,0.000000,0.032000
34.388000,Descend,9.475706,0.035309,-4.547830,1.656560,-0.040257,0.607560,9.695460,-0.009693,0.118194,9.705882,-0.008751,0.084177,10.137324,-0.011443,0.076946,1.529935,-0.009546,-0.025639,0.230176,-0.044060,0.194468,-0.035400,0.234355,0.197664,0.184302,-0.027589,1.529935,-0.009546,1.714237,-0.037134,0.569392,4.547830,-1.000000,0,0,0.032000,0.032000,0.000000,0.000000,0.032000
34.404000,Descend,9.517696,0.034693,-4.532401,1.657751,-0.040298,0.598514,9.695460,-0.009693,0.118194,9.705882,-0.008751,0.084177,10.186282,-0.011749,0.076126,1.529935,-0.009546,-0.025639,0.188186,-0.043444,0.148052,-0.033788,0.193135,0.151859,0.147193,-0.026299,1.529935,-0.009546,1.677128,-0.035844,0.622832,4.532401,-1.000000,0,0,0.048000,0.048000,0.000000,0.000000,0.048000
34.420000,Descend,9.545771,0.034306,-4.522288,1.658641,-0.040302,0.593841,9.695460,-0.009693,0.118194,9.705882,-0.008751,0.084177,10.210761,-0.011901,0.075716,1.529935,-0.009546,-0.025639,0.160111,-0.043057,0.117639,-0.032908,0.165800,0.122155,0.122880,-0.025595,1.529935,-0.009546,1.652816,-0.035141,0.657486,4.522288,-1.000000,0,0,0.064000,0.064000,0.000000,0.000000,0.064000
34.420000,Descend,9.545771,0.034306,-4.522288,1.658641,-0.040302,0.593841,9.695460,-0.009693,0.118194,9.705882,-0.008751,0.084177,10.186282,-0.011749,0.076126,1.529935,-0.009546,-0.025639,0.160111,-0.043057,0.119699,-0.033400,0.165800,0.124271,0.124530,-0.025989,1.529935,-0.009546,1.654465,-0.035534,0.655017,4.522288,-1.000000,0,0,0.064000,0.064000,0.000000,0.000000,0.064000
34.440000,Descend,9.573783,0.033910,-4.512254,1.659611,-0.040224,0.592081,9.695460,-0.009693,0.118194,9.705882,-0.008751,0.084177,10.247479,-0.012130,0.075100,1.529935,-0.009546,-0.025639,0.132099,-0.042661,0.086194,-0.031801,0.138817,0.091873,0.097743,-0.024710,1.529935,-0.009546,1.627679,-0.034255,0.692814,4.512254,-1.000000,0,0,0.084000,0.084000,0.000000,0.000000,0.084000
34.456000,Descend,9.601871,0.033510,-4.502322,1.660734,-0.040108,0.594668,9.695460,-0.009693,0.118194,9.705882,-0.008751,0.084177,10.265839,-0.012245,0.074793,1.529935,-0.009546,-0.025639,0.104012,-0.042262,0.056140,-0.031076,0.112270,0.064167,0.073709,-0.024129,1.529935,-0.009546,1.603644,-0.033675,0.725139,4.502322,-1.000000,0,0,0.100000,0.100000,0.000000,0.000000,0.100000
34.456000,Descend,9.601871,0.033510,-4.502322,1.660734,-0.040108,0.594668,9.815607,-0.009908,0.125610,9.844969,-0.009237,0.081845,10.220995,-0.011423,0.075468,1.504103,-0.008744,-0.025508,0.243098,-0.042748,0.203941,-0.034906,0.246828,0.206907,0.191952,-0.027194,1.504103,-0.008744,1.612144,-0.035938,0.558608,4.502322,-1.000000,0,0,0.000000,0.000000,0.000000,0.000000,0.000000
34.472000,Descend,9.601871,0.033510,-4.502322,1.660734,-0.040108,0.594668,9.815607,-0.009908,0.125610,9.844969,-0.009237,0.081845,10.269126,-0.011703,0.074652,1.504103,-0.008744,-0.025508,0.243098,-0.042748,0.198929,-0.033903,0.246828,0.201797,0.187974,-0.026391,1.504103,-0.008744,1.692077,-0.035135,0.564570,4.502322,-1.000000,0,0,0.016000,0.016000,0.000000,0.000000,0.016000
34.488000,Descend,9.643958,0.032907,-4.487336,1.662463,-0.039964,0.605476,9.815607,-0.009908,0.125610,9.844969,-0.009237,0.081845,10.293192,-0.011843,0.074244,1.504103,-0.008744,-0.025508,0.201011,-0.042144,0.153820,-0.032840,0.205381,0.157287,0.151911,-0.025541,1.504103,-0.008744,1.656015,-0.034285,0.616499,4.487336,-1.000000,0,0,0.032000,0.032000,0.000000,0.000000,0.032000
34.488000,Descend,9.643958,0.032907,-4.487336,1.662463,-0.039964,0.605476,9.815607,-0.009908,0.125610,9.844969,-0.009237,0.081845,10.269126,-0.011703,0.074652,1.504103,-0.008744,-0.025508,0.201011,-0.042144,0.156353,-0.033340,0.205381,0.159868,0.153939,-0.025941,1.504103,-0.008744,1.658042,-0.034684,0.613487,4.487336,-1.000000,0,0,0.032000,0.032000,0.000000,0.000000,0.032000
34.488000,Descend,9.643958,0.032907,-4.487336,1.662463,-0.039964,0.605476,9.815607,-0.009908,0.125610,9.844969,-0.009237,0.081845,10.269126,-0.011703,0.074652,1.504103,-0.008744,-0.025508,0.201011,-0.042144,0.156353,-0.033340,0.205381,0.159868,0.153941,-0.025941,1.504103,-0.008744,1.658044,-0.034684,0.613487,4.487336,-1.000000,0,0,0.032000,0.032000,0.000000,0.000000,0.032000
34.512000,Descend,9.672028,0.032509,-4.477225,1.663714,-0.039897,0.615366,9.815607,-0.009908,0.125610,9.844969,-0.009237,0.081845,10.341323,-0.012123,0.073428,1.504103,-0.008744,-0.025508,0.172941,-0.041747,0.120270,-0.031466,0.177909,0.124318,0.125103,-0.024442,1.504103,-0.008744,1.629206,-0.033185,0.654963,4.477225,-1.000000,0,0,0.056000,0.056000,0.000000,0.000000,0.056000
34.520000,Descend,9.700116,0.032110,-4.467041,1.665084,-0.039732,0.619579,9.815607,-0.009908,0.125610,9.844969,-0.009237,0.081845,10.329290,-0.012053,0.073632,1.504103,-0.008744,-0.025508,0.144853,-0.041348,0.093017,-0.031370,0.150638,0.098164,0.103308,-0.024364,1.504103,-0.008744,1.607411,-0.033108,0.685476,4.467041,-1.000000,0,0,0.064000,0.064000,0.000000,0.000000,0.064000
34.520000,Descend,9.700116,0.032110,-4.467041,1.665084,-0.039732,0.619579,9.815607,-0.009908,0.125610,9.844969,-0.009237,0.081845,10.317257,-0.011983,0.073836,1.504103,-0.008744,-0.025508,0.144853,-0.041348,0.094304,-0.031617,0.150638,0.099463,0.104339,-0.024563,1.504103,-0.008744,1.608442,-0.033306,0.683960,4.467041,-1.000000,0,0,0.064000,0.064000,0.000000,0.000000,0.064000
34.548000,Descend,9.742619,0.031584,-4.451724,1.667544,-0.039453,0.622741,9.815607,-0.009908,0.125610,9.844969,-0.009237,0.081845,10.401487,-0.012472,0.072407,1.504103,-0.008744,-0.025508,0.102350,-0.040821,0.041878,-0.029459,0.110191,0.051201,0.062398,-0.022836,1.504103,-0.008744,1.566501,-0.031580,0.740265,4.451724,-1.000000,0,0,0.092000,0.092000,0.000000,0.000000,0.092000
34.552000,Descend,9.791794,0.030874,-4.433797,1.670045,-0.039211,0.631336,9.815607,-0.009908,0.125610,9.844969,-0.009237,0.081845,10.371405,-0.012298,0.072917,1.504103,-0.008744,-0.025508,0.053175,-0.040111,-0.004905,-0.029448,0.066607,0.029853,0.024972,-0.022827,1.504103,-0.008744,1.532501,-0.031571,0.765171,4.433797,-1.000000,0,0,0.096000,0.096000,0.000000,0.000000,0.096000
34.568000,Descend,9.791794,0.030874,-4.433797,1.670045,-0.039211,0.631336,9.992920,-0.009348,0.139224,9.987566,-0.009373,0.081617,10.410864,-0.011489,0.074777,1.501055,-0.007504,-0.024256,0.195772,-0.040247,0.148117,-0.031305,0.199866,0.151389,0.147413,-0.024313,1.501055,-0.007504,1.648468,-0.031817,0.623379,4.433797,-1.000000,0,0,0.016000,0.016000,0.000000,0.000000,0.016000
34.588000,Descend,9.820036,0.030489,-4.423369,1.671556,-0.039043,0.640185,9.992920,-0.009348,0.139224,9.987566,-0.009373,0.081617,10.434880,-0.011609,0.074389,1.501055,-0.007504,-0.024256,0.167530,-0.039861,0.116721,-0.030463,0.172207,0.120631,0.122315,-0.023639,1.501055,-0.007504,1.623370,-0.031143,0.659264,4.423369,-1.000000,0,0,0.032000,0.032000,0.004000,0.000000,0.036000
34.596000,Descend,9.820036,0.030489,-4.423369,1.671556,-0.039043,0.640185,9.992920,-0.009348,0.139224,9.987566,-0.009373,0.081617,10.446889,-0.011669,0.074195,1.501055,-0.007504,-0.024256,0.167530,-0.039861,0.115357,-0.030210,0.172207,0.119248,0.121238,-0.023437,1.501055,-0.007504,1.622293,-0.030941,0.660878,4.423369,-1.000000,0,0,0.044000,0.044000,0.000000,0.000000,0.044000
34.612000,Descend,9.862309,0.029900,-4.407404,1.673618,-0.038683,0.658691,9.992920,-0.009348,0.139224,9.987566,-0.009373,0.081617,10.476910,-0.011819,0.073710,1.501055,-0.007504,-0.024256,0.125257,-0.039273,0.069001,-0.029109,0.131269,0.074890,0.084164,-0.022556,1.501055,-0.007504,1.585219,-0.030059,0.712629,4.407404,-1.000000,0,0,0.060000,0.060000,0.000000,0.000000,0.060000
34.628000,Descend,9.890508,0.029529,-4.396514,1.675003,-0.038382,0.666687,9.992920,-0.009348,0.139224,9.987566,-0.009373,0.081617,10.500927,-0.011939,0.073322,1.501055,-0.007504,-0.024256,0.097058,-0.038902,0.037568,-0.028342,0.104564,0.047060,0.059018,-0.021942,1.501055,-0.007504,1.560072,-0.029446,0.745097,4.396514,-1.000000,0,0,0.076000,0.076000,0.000000,0.000000,0.076000
34.644000,Descend,9.932738,0.028990,-4.379975,1.676877,-0.038014,0.675434,9.992920,-0.009348,0.139224,9.987566,-0.009373,0.081617,10.524943,-0.012059,0.072934,1.501055,-0.007504,-0.024256,0.054828,-0.038362,-0.008117,-0.027440,0.066916,0.028615,0.022470,-0.021221,1.501055,-0.007504,1.523524,-0.028724,0.766616,4.379975,-1.000000,0,0,0.092000,0.092000,0.000000,0.000000,0.092000
34.660000,Descend,9.960885,0.028660,-4.368804,1.677929,-0.037681,0.681494,9.992920,-0.009348,0.139224,9.987566,-0.009373,0.081617,10.548961,-0.012179,0.072546,1.501055,-0.007504,-0.024256,0.026681,-0.038033,-0.039470,-0.026746,0.046458,0.047678,-0.002613,-0.020666,1.501055,-0.007504,1.498442,-0.028169,0.744375,4.368804,-1.000000,0,0,0.108000,0.108000,0.000000,0.000000,0.108000
34.676000,Descend,9.960885,0.028660,-4.368804,1.677929,-0.037681,0.681494,9.992920,-0.009348,0.139224,9.987566,-0.009373,0.081617,10.572977,-0.012299,0.072158,1.501055,-0.007504,-0.024256,0.026681,-0.038033,-0.042300,-0.026263,0.046458,0.049790,-0.004877,-0.020280,1.501055,-0.007504,1.496178,-0.027783,0.741911,4.368804,-1.000000,0,0,0.124000,0.124000,0.000000,0.000000,0.124000
34.684000,Descend,10.003107,0.028201,-4.351813,1.679212,-0.037259,0.695326,9.992920,-0.009348,0.139224,9.987566,-0.009373,0.081617,10.572977,-0.012299,0.072158,1.501055,-0.007504,-0.024256,-0.015541,-0.037574,-0.085023,-0.025970,0.040661,0.088901,-0.039062,-0.020045,1.501055,-0.007504,1.461993,-0.027548,0.696283,4.351813,-1.000000,0,0,0.132000,0.132000,0.000000,0.000000,0.132000
34.684000,Descend,10.003107,0.028201,-4.351813,1.679212,-0.037259,0.695326,9.992920,-0.009348,0.139224,9.987566,-0.009373,0.081617,10.560968,-0.012239,0.072352,1.501055,-0.007504,-0.024256,-0.015541,-0.037574,-0.083597,-0.026208,0.040661,0.087609,-0.037922,-0.020235,1.501055,-0.007504,1.463132,-0.027739,0.697790,4.351813,-1.000000,0,0,0.132000,0.132000,0.000000,0.000000,0.132000
34.708000,Descend,10.031311,0.027929,-4.340306,1.679825,-0.036864,0.706608,9.992920,-0.009348,0.139224,9.987566,-0.009373,0.081617,10.633019,-0.012599,0.071187,1.501055,-0.007504,-0.024256,-0.043745,-0.037302,-0.120616,-0.024677,0.057490,0.123114,-0.067566,-0.019010,1.501055,-0.007504,1.433488,-0.026514,0.656367,4.340306,-1.000000,0,0,0.156000,0.156000,0.000000,0.000000,0.156000
34.720000,Descend,10.059569,0.027712,-4.328542,1.680343,-0.036500,0.717579,9.992920,-0.009348,0.139224,9.987566,-0.009373,0.081617,10.633019,-0.012599,0.071187,1.501055,-0.007504,-0.024256,-0.072003,-0.037085,-0.149097,-0.024616,0.080992,0.151116,-0.090369,-0.018962,1.501055,-0.007504,1.410685,-0.026465,0.623698,4.328542,-1.000000,0,0,0.168000,0.168000,0.000000,0.000000,0.168000
34.720000,Descend,10.059569,0.027712,-4.328542,1.680343,-0.036500,0.717579,10.236867,-0.004402,0.143913,10.234989,-0.007984,0.079631,10.608234,-0.008704,0.073862,1.492981,-0.002882,-0.023076,0.175420,-0.035696,0.128579,-0.027291,0.179015,0.131444,0.131773,-0.021102,1.492981,-0.002882,1.419185,-0.023984,0.646649,4.328542,-1.000000,0,0,0.000000,0.000000,0.000000,0.000000,0.000000
34.732000,Descend,10.087711,0.027471,-4.316645,1.680588,-0.036204,0.725701,10.236867,-0.004402,0.143913,10.234989,-0.007984,0.079631,10.644066,-0.008773,0.073308,1.492981,-0.002882,-0.023076,0.147278,-0.035455,0.095874,-0.026325,0.151485,0.099422,0.105620,-0.020329,1.492981,-0.002882,1.521185,-0.023211,0.684007,4.316645,-1.000000,0,0,0.012000,0.012000,0.000000,0.000000,0.012000
34.752000,Descend,10.087711,0.027471,-4.316645,1.680588,-0.036204,0.725701,10.236867,-0.004402,0.143913,10.234989,-0.007984,0.079631,10.685869,-0.008854,0.072662,1.492981,-0.002882,-0.023076,0.147278,-0.035455,0.090620,-0.025392,0.151485,0.094110,0.101436,-0.019582,1.492981,-0.002882,1.594416,-0.022464,0.690205,4.316645,-1.000000,0,0,0.032000,0.032000,0.000000,0.000000,0.032000
34.752000,Descend,10.129836,0.027181,-4.298508,1.680464,-0.035418,0.731785,10.236867,-0.004402,0.143913,10.234989,-0.007984,0.079631,10.656010,-0.008797,0.073124,1.492981,-0.002882,-0.023076,0.105153,-0.035165,0.052282,-0.025990,0.110877,0.058386,0.070766,-0.020061,1.492981,-0.002882,1.585917,-0.022943,0.731883,4.298508,-1.000000,0,0,0.032000,0.032000,0.000000,0.000000,0.032000
34.764000,Descend,10.129836,0.027181,-4.298508,1.680464,-0.035418,0.731785,10.236867,-0.004402,0.143913,10.234989,-0.007984,0.079631,10.691841,-0.008866,0.072570,1.492981,-0.002882,-0.023076,0.105153,-0.035165,0.047783,-0.025209,0.110877,0.054025,0.067166,-0.019436,1.492981,-0.002882,1.560147,-0.022318,0.736971,4.298508,-1.000000,0,0,0.044000,0.044000,0.000000,0.000000,0.044000
34.780000,Descend,10.157845,0.026994,-4.286366,1.680010,-0.034968,0.730941,10.236867,-0.004402,0.143913,10.234989,-0.007984,0.079631,10.721701,-0.008923,0.072108,1.492981,-0.002882,-0.023076,0.077145,-0.034978,0.016172,-0.024518,0.084704,0.029371,0.041878,-0.018883,1.492981,-0.002882,1.534859,-0.021765,0.765733,4.286366,-1.000000,0,0,0.060000,0.060000,0.000000,0.000000,0.060000
34.784000,Descend,10.157845,0.026994,-4.286366,1.680010,-0.034968,0.730941,10.236867,-0.004402,0.143913,10.234989,-0.007984,0.079631,10.709757,-0.008900,0.072293,1.492981,-0.002882,-0.023076,0.077145,-0.034978,0.017669,-0.024775,0.084704,0.030430,0.043075,-0.019089,1.492981,-0.002882,1.536056,-0.021971,0.764499,4.286366,-1.000000,0,0,0.064000,0.064000,0.000000,0.000000,0.064000
34.792000,Descend,10.157845,0.026994,-4.286366,1.680010,-0.034968,0.730941,10.236867,-0.004402,0.143913,10.234989,-0.007984,0.079631,10.715729,-0.008912,0.072201,1.492981,-0.002882,-0.023076,0.077145,-0.034978,0.016921,-0.024646,0.084704,0.029896,0.042477,-0.018986,1.492981,-0.002882,1.535458,-0.021868,0.765121,4.286366,-1.000000,0,0,0.072000,0.072000,0.000000,0.000000,0.072000
34.812000,Descend,10.185805,0.026817,-4.274227,1.679283,-0.034461,0.729314,10.236867,-0.004402,0.143913,10.234989,-0.007984,0.079631,10.787392,-0.009050,0.071093,1.492981,-0.002882,-0.023076,0.049184,-0.034800,-0.019749,-0.023116,0.060250,0.030403,0.013141,-0.017762,1.492981,-0.002882,1.506122,-0.020644,0.764529,4.274227,-1.000000,0,0,0.092000,0.092000,0.000000,0.000000,0.092000
34.816000,Descend,10.227656,0.026529,-4.255986,1.677359,-0.033861,0.730681,10.236867,-0.004402,0.143913,10.234989,-0.007984,0.079631,10.757532,-0.008993,0.071554,1.492981,-0.002882,-0.023076,0.007333,-0.034513,-0.057199,-0.023670,0.035283,0.061904,-0.016822,-0.018205,1.492981,-0.002882,1.476159,-0.021087,0.727779,4.255986,-1.000000,0,0,0.096000,0.096000,0.000000,0.000000,0.096000
34.828000,Descend,10.227656,0.026529,-4.255986,1.677359,-0.033861,0.730681,10.236867,-0.004402,0.143913,10.234989,-0.007984,0.079631,10.787392,-0.009050,0.071093,1.492981,-0.002882,-0.023076,0.007333,-0.034513,-0.060887,-0.023050,0.035283,0.065104,-0.019779,-0.017709,1.492981,-0.002882,1.473202,-0.020591,0.724045,4.255986,-1.000000,0,0,0.108000,0.108000,0.000000,0.000000,0.108000
34.844000,Descend,10.269381,0.026227,-4.237612,1.674913,-0.033132,0.738973,10.236867,-0.004402,0.143913,10.234989,-0.007984,0.079631,10.817252,-0.009108,0.070631,1.492981,-0.002882,-0.023076,-0.034391,-0.034211,-0.105345,-0.022413,0.048509,0.107703,-0.055362,-0.017199,1.492981,-0.002882,1.437619,-0.020081,0.674347,4.237612,-1.000000,0,0,0.124000,0.124000,0.000000,0.000000,0.124000
34.852000,Descend,10.297133,0.026024,-4.225232,1.672901,-0.032636,0.746254,10.236867,-0.004402,0.143913,10.234989,-0.007984,0.079631,10.817252,-0.009108,0.070631,1.492981,-0.002882,-0.023076,-0.062144,-0.034007,-0.132313,-0.022403,0.070841,0.134196,-0.076947,-0.017191,1.492981,-0.002882,1.416034,-0.020073,0.643438,4.225232,-1.000000,0,0,0.132000,0.132000,0.000000,0.000000,0.132000
34.872000,Descend,10.297133,0.026024,-4.225232,1.672901,-0.032636,0.746254,10.236867,-0.004402,0.143913,10.234989,-0.007984,0.079631,10.865027,-0.009200,0.069893,1.492981,-0.002882,-0.023076,-0.062144,-0.034007,-0.138070,-0.021451,0.070841,0.139727,-0.081581,-0.016430,1.492981,-0.002882,1.411400,-0.019312,0.636986,4.225232,-1.000000,0,0,0.152000,0.152000,0.000000,0.000000,0.152000
34.884000,Descend,10.324819,0.025821,-4.212747,1.670790,-0.032139,0.752008,10.236867,-0.004402,0.143913,10.234989,-0.007984,0.079631,10.870999,-0.009212,0.069801,1.492981,-0.002882,-0.023076,-0.089829,-0.033805,-0.165576,-0.021341,0.095980,0.166946,-0.103605,-0.016342,1.492981,-0.002882,1.389376,-0.019224,0.605230,4.212747,-1.000000,0,0,0.164000,0.164000,0.000000,0.000000,0.164000
34.896000,Descend,10.372364,0.025238,-4.191127,1.665936,-0.031575,0.755429,10.236867,-0.004402,0.143913,10.234989,-0.007984,0.079631,10.888915,-0.009246,0.069524,1.492981,-0.002882,-0.023076,-0.137375,-0.033222,-0.213129,-0.020655,0.141335,0.214128,-0.141673,-0.015793,1.492981,-0.002882,1.351308,-0.018675,0.550185,4.191127,-1.000000,0,0,0.176000,0.176000,0.000000,0.000000,0.176000
34.912000,Descend,10.372364,0.025238,-4.191127,1.665936,-0.031575,0.755429,10.236867,-0.004402,0.143913,10.234989,-0.007984,0.079631,10.918775,-0.009304,0.069062,1.492981,-0.002882,-0.023076,-0.137375,-0.033222,-0.216588,-0.020081,0.141335,0.217517,-0.144475,-0.015333,1.492981,-0.002882,1.348506,-0.018216,0.546230,4.191127,-1.000000,0,0,0.192000,0.192000,0.000000,0.000000,0.192000
34.916000,Descend,10.413581,0.024941,-4.172328,1.661617,-0.030894,0.748697,10.236867,-0.004402,0.143913,10.234989,-0.007984,0.079631,10.906831,-0.009281,0.069247,1.492981,-0.002882,-0.023076,-0.178592,-0.032925,-0.254478,-0.020319,0.181601,0.255287,-0.174797,-0.015524,1.492981,-0.002882,1.318184,-0.018406,0.502165,4.172328,-1.000000,0,0,0.196000,0.196000,0.000000,0.000000,0.196000
34.940000,Descend,10.440946,0.024740,-4.159932,1.658359,-0.030432,0.740545,10.236867,-0.004402,0.143913,10.234989,-0.007984,0.079631,10.972522,-0.009408,0.068231,1.492981,-0.002882,-0.023076,-0.205956,-0.032724,-0.287654,-0.019115,0.208540,0.288288,-0.201407,-0.014561,1.492981,-0.002882,1.291574,-0.017443,0.463664,4.159932,-1.000000,0,0,0.220000,0.220000,0.000000,0.000000,0.220000
34.948000,Descend,10.440946,0.024740,-4.159932,1.658359,-0.030432,0.740545,10.236867,-0.004402,0.143913,10.234989,-0.007984,0.079631,10.960578,-0.009384,0.068416,1.492981,-0.002882,-0.023076,-0.205956,-0.032724,-0.286330,-0.019335,0.208540,0.286982,-0.200371,-0.014737,1.492981,-0.002882,1.292610,-0.017619,0.465187,4.159932,-1.000000,0,0,0.228000,0.228000,0.000000,0.000000,0.228000
34.960000,Descend,10.481823,0.024449,-4.141670,1.652923,-0.029621,0.719005,10.236867,-0.004402,0.143913,10.234989,-0.007984,0.079631,10.972522,-0.009408,0.068231,1.492981,-0.002882,-0.023076,-0.246834,-0.032433,-0.325845,-0.019224,0.248955,0.326411,-0.232009,-0.014648,1.492981,-0.002882,1.260972,-0.017530,0.000000,4.141670,-1.000000,0,0,0.236000,0.236000,0.000000,0.000000,0.236000
34.972000,Descend,10.481823,0.024449,-4.141670,1.652923,-0.029621,0.719005,10.236867,-0.004402,0.143913,10.234989,-0.007984,0.079631,11.008353,-0.009477,0.067678,1.492981,-0.002882,-0.023076,-0.246834,-0.032433,-0.329683,-0.018582,0.248955,0.330207,-0.235132,-0.014135,1.492981,-0.002882,1.257849,-0.017017,0.000000,4.141670,-1.000000,0,0,0.252000,0.252000,0.000000,0.000000,0.252000
34.984000,Descend,10.515518,0.024139,-4.127040,1.647706,-0.029041,0.695616,10.236867,-0.004402,0.143913,10.234989,-0.007984,0.079631,11.020297,-0.009500,0.067493,1.492981,-0.002882,-0.023076,-0.280529,-0.032123,-0.361915,-0.018363,0.282362,0.362380,-0.260961,-0.013959,1.492981,-0.002882,1.232020,-0.016841,0.000000,4.127040,-1.000000,0,0,0.264000,0.264000,0.000000,0.000000,0.264000
34.996000,Descend,10.555986,0.023870,-4.110023,1.640765,-0.028213,0.650759,10.236867,-0.004402,0.143913,10.234989,-0.007984,0.079631,11.026269,-0.009511,0.067401,1.492981,-0.002882,-0.023076,-0.320997,-0.031854,-0.399323,-0.018429,0.322574,0.399748,-0.290919,-0.014012,1.492981,-0.002882,1.202062,-0.016894,0.000000,4.110023,-1.000000,0,0,0.272000,0.272000,0.004000,0.000000,0.276000
35.012000,Descend,10.555986,0.023870,-4.110023,1.640765,-0.028213,0.650759,10.236867,-0.004402,0.143913,10.234989,-0.007984,0.079631,11.062100,-0.009580,0.066847,1.492981,-0.002882,-0.023076,-0.320997,-0.031854,-0.402869,-0.017821,0.322574,0.403263,-0.293821,-0.013525,1.492981,-0.002882,1.199160,-0.016407,0.000000,4.110023,-1.000000,0,0,0.288000,0.288000,0.000000,0.004000,0.292000
35.016000,Descend,10.582821,0.023682,-4.099605,1.635120,-0.027641,0.589415,10.694588,-0.003055,0.152392,10.680382,-0.005402,0.078669,11.066943,-0.004663,0.073564,1.498301,0.002865,-0.019786,0.097561,-0.029084,0.062262,-0.021214,0.101804,0.065776,0.078289,-0.016240,1.498301,0.002865,1.267160,-0.013375,0.723261,4.099605,-1.000000,0,0,0.000000,0.000000,0.000000,0.000000,0.000000
35.024000,Descend,10.582821,0.023682,-4.099605,1.635120,-0.027641,0.589415,10.694588,-0.003055,0.152392,10.680382,-0.005402,0.078669,11.078930,-0.004641,0.073406,1.498301,0.002865,-0.019786,0.097561,-0.029084,0.061167,-0.020970,0.101804,0.064661,0.077418,-0.016045,1.498301,0.002865,1.335160,-0.013180,0.724562,4.099605,-1.000000,0,0,0.008000,0.008000,0.000000,0.000000,0.008000
35.040000,Descend,10.623038,0.023457,-4.085973,1.625699,-0.026827,0.489510,10.694588,-0.003055,0.152392,10.680382,-0.005402,0.078669,11.114889,-0.004572,0.072931,1.498301,0.002865,-0.019786,0.057343,-0.028859,0.020398,-0.020249,0.064196,0.028742,0.044803,-0.015468,1.498301,0.002865,1.471160,-0.012603,0.766468,4.085973,-1.000000,0,0,0.024000,0.024000,0.000000,0.000000,0.024000
35.048000,Descend,10.623038,0.023457,-4.085973,1.625699,-0.026827,0.489510,10.742640,-0.001984,0.147859,10.730412,-0.003528,0.083462,11.117830,-0.001997,0.079142,1.501620,0.005934,-0.016744,0.107374,-0.026984,0.075362,-0.018532,0.110713,0.077607,0.088780,-0.014095,1.501620,0.005934,1.539160,-0.008161,0.709458,4.085973,-1.000000,0,0,0.000000,0.000000,0.000000,0.000000,0.000000
35.056000,Descend,10.649803,0.023348,-4.078242,1.618874,-0.026240,0.426622,10.742640,-0.001984,0.147859,10.730412,-0.003528,0.083462,11.129844,-0.001950,0.079008,1.501620,0.005934,-0.016744,0.080609,-0.026876,0.049420,-0.018318,0.084972,0.052706,0.068027,-0.013923,1.501620,0.005934,1.569647,-0.007989,0.738510,4.078242,-1.000000,0,0,0.008000,0.008000,0.000000,0.000000,0.008000
35.076000,Descend,10.689472,0.023125,-4.068324,1.609267,-0.025425,0.386811,10.742640,-0.001984,0.147859,10.730412,-0.003528,0.083462,11.177896,-0.001760,0.078473,1.501620,0.005934,-0.016744,0.040940,-0.026653,0.008862,-0.017308,0.048852,0.019445,0.035580,-0.013115,1.501620,0.005934,1.537200,-0.007182,0.777314,4.068324,-1.000000,0,0,0.028000,0.028000,0.000000,0.000000,0.028000
35.080000,Descend,10.689472,0.023125,-4.068324,1.609267,-0.025425,0.386811,10.742640,-0.001984,0.147859,10.730412,-0.003528,0.083462,11.159876,-0.001831,0.078674,1.501620,0.005934,-0.016744,0.040940,-0.026653,0.010154,-0.017685,0.048852,0.020392,0.036613,-0.013416,1.501620,0.005934,1.538234,-0.007483,0.776209,4.068324,-1.000000,0,0,0.032000,0.032000,0.000000,0.000000,0.032000
35.104000,Descend,10.715680,0.022953,-4.061956,1.603501,-0.024959,0.395259,10.742640,-0.001984,0.147859,10.730412,-0.003528,0.083462,11.225947,-0.001570,0.077937,1.501620,0.005934,-0.016744,0.014732,-0.026481,-0.018888,-0.016286,0.030303,0.024940,0.013380,-0.012298,1.501620,0.005934,1.515001,-0.006364,0.770904,4.061956,-1.000000,0,0,0.056000,0.056000,0.000000,0.000000,0.056000
35.116000,Descend,10.754739,0.022702,-4.052396,1.595294,-0.024179,0.430966,10.742640,-0.001984,0.147859,10.730412,-0.003528,0.083462,11.225947,-0.001570,0.077937,1.501620,0.005934,-0.016744,-0.024326,-0.026230,-0.055239,-0.016293,0.035774,0.057592,-0.015707,-0.012303,1.501620,0.005934,1.485913,-0.006370,0.732810,4.052396,-1.000000,0,0,0.068000,0.068000,0.000000,0.000000,0.068000
35.128000,Descend,10.754739,0.022702,-4.052396,1.595294,-0.024179,0.430966,10.742640,-0.001984,0.147859,10.730412,-0.003528,0.083462,11.243967,-0.001499,0.077736,1.501620,0.005934,-0.016744,-0.024326,-0.026230,-0.056362,-0.015932,0.035774,0.058571,-0.016613,-0.012014,1.501620,0.005934,1.485008,-0.006081,0.731668,4.052396,-1.000000,0,0,0.080000,0.080000,0.000000,0.000000,0.080000
35.144000,Descend,10.780611,0.022558,-4.045805,1.589961,-0.023694,0.462480,10.742640,-0.001984,0.147859,10.730412,-0.003528,0.083462,11.273999,-0.001380,0.077401,1.501620,0.005934,-0.016744,-0.050199,-0.026086,-0.082177,-0.015361,0.056572,0.083600,-0.037278,-0.011557,1.501620,0.005934,1.464342,-0.005624,0.702466,4.045805,-1.000000,0,0,0.096000,0.096000,0.000000,0.000000,0.096000
35.148000,Descend,10.780611,0.022558,-4.045805,1.589961,-0.023694,0.462480,10.742640,-0.001984,0.147859,10.730412,-0.003528,0.083462,11.261986,-0.001427,0.077535,1.501620,0.005934,-0.016744,-0.050199,-0.026086,-0.081471,-0.015598,0.056572,0.082951,-0.036717,-0.011747,1.501620,0.005934,1.464904,-0.005813,0.703224,4.045805,-1.000000,0,0,0.100000,0.100000,0.000000,0.000000,0.100000
35.164000,Descend,10.819129,0.022320,-4.034979,1.582157,-0.023052,0.512278,10.742640,-0.001984,0.147859,10.730412,-0.003528,0.083462,11.304031,-0.001261,0.077066,1.501620,0.005934,-0.016744,-0.088717,-0.025848,-0.119481,-0.014776,0.092405,0.120391,-0.067143,-0.011089,1.501620,0.005934,1.434477,-0.005156,0.659544,4.034979,-1.000000,0,0,0.116000,0.116000,0.000000,0.000000,0.116000
35.180000,Descend,10.844635,0.022157,-4.027244,1.577006,-0.022699,0.541715,10.742640,-0.001984,0.147859,10.730412,-0.003528,0.083462,11.328057,-0.001166,0.076798,1.501620,0.005934,-0.016744,-0.114223,-0.025685,-0.144226,-0.014289,0.117075,0.144932,-0.086962,-0.010700,1.501620,0.005934,1.414658,-0.004766,0.630912,4.027244,-1.000000,0,0,0.132000,0.132000,0.000000,0.000000,0.132000
35.180000,Descend,10.844635,0.022157,-4.027244,1.577006,-0.022699,0.541715,10.742640,-0.001984,0.147859,10.730412,-0.003528,0.083462,11.304031,-0.001261,0.077066,1.501620,0.005934,-0.016744,-0.114223,-0.025685,-0.143020,-0.014747,0.117075,0.143778,-0.085999,-0.011067,1.501620,0.005934,1.415621,-0.005133,0.632259,4.027244,-1.000000,0,0,0.132000,0.132000,0.000000,0.000000,0.132000
35.204000,Descend,10.882678,0.021900,-4.014762,1.569500,-0.022029,0.577185,10.742640,-0.001984,0.147859,10.730412,-0.003528,0.083462,11.376109,-0.000976,0.076263,1.501620,0.005934,-0.016744,-0.152266,-0.025428,-0.181454,-0.013404,0.154374,0.181948,-0.116790,-0.009992,1.501620,0.005934,1.384831,-0.004059,0.587727,4.014762,-1.000000,0,0,0.156000,0.156000,0.000000,0.000000,0.156000
35.212000,Descend,10.907901,0.021725,-4.005963,1.564586,-0.021651,0.594415,10.928272,-0.001711,0.137218,10.956077,-0.001609,0.083193,11.333693,0.000330,0.079231,1.463627,0.007515,-0.015356,0.048176,-0.023334,0.022128,-0.015809,0.053529,0.027195,0.046076,-0.011916,1.463627,0.007515,1.452831,-0.004401,0.768272,4.005963,-1.000000,0,0,0.000000,0.000000,0.000000,0.000000,0.000000
35.212000,Descend,10.907901,0.021725,-4.005963,1.564586,-0.021651,0.594415,10.928272,-0.001711,0.137218,10.956077,-0.001609,0.083193,11.321983,0.000270,0.079354,1.463627,0.007515,-0.015356,0.048176,-0.023334,0.022936,-0.016042,0.053529,0.027989,0.046722,-0.012103,1.463627,0.007515,1.461331,-0.004588,0.767346,4.005963,-1.000000,0,0,0.000000,0.000000,0.000000,0.000000,0.000000
35.236000,Descend,10.945560,0.021457,-3.992163,1.557405,-0.021077,0.610543,10.928272,-0.001711,0.137218,10.956077,-0.001609,0.083193,11.392238,0.000631,0.078617,1.463627,0.007515,-0.015356,0.010516,-0.023066,-0.017429,-0.014545,0.025350,0.022701,0.014430,-0.010905,1.463627,0.007515,1.478057,-0.003390,0.773515,3.992163,-1.000000,0,0,0.024000,0.024000,0.000000,0.000000,0.024000
35.248000,Descend,10.945560,0.021457,-3.992163,1.557405,-0.021077,0.610543,10.973715,0.000384,0.135987,10.996397,-0.000167,0.084003,11.374140,0.002393,0.080179,1.441768,0.009770,-0.014593,0.050837,-0.021624,0.020539,-0.013542,0.055245,0.024602,0.044805,-0.010103,1.441768,0.009770,1.486573,-0.000333,0.771298,3.992163,-1.000000,0,0,0.000000,0.000000,0.000000,0.000000,0.000000
35.248000,Descend,10.945560,0.021457,-3.992163,1.557405,-0.021077,0.610543,10.973715,0.000384,0.135987,10.996397,-0.000167,0.084003,11.356839,0.002275,0.080354,1.441768,0.009770,-0.014593,0.050837,-0.021624,0.021928,-0.013912,0.055245,0.025969,0.045916,-0.010399,1.441768,0.009770,1.487683,-0.000629,0.769703,3.992163,-1.000000,0,0,0.000000,0.000000,0.000000,0.000000,0.000000
35.268000,Descend,10.970556,0.021274,-3.982714,1.552740,-0.020701,0.618872,10.973715,0.000384,0.135987,10.996397,-0.000167,0.084003,11.414510,0.002666,0.079771,1.441768,0.009770,-0.014593,0.025841,-0.021441,-0.006341,-0.012604,0.033578,0.014109,0.023301,-0.009352,1.441768,0.009770,1.465068,0.000418,0.783539,3.982714,-1.000000,0,0,0.020000,0.020000,0.000000,0.000000,0.020000
35.280000,Descend,10.995495,0.021113,-3.972927,1.548569,-0.020247,0.632654,10.973715,0.000384,0.135987,10.996397,-0.000167,0.084003,11.420277,0.002705,0.079712,1.441768,0.009770,-0.014593,0.000902,-0.021280,-0.030498,-0.012455,0.021299,0.032943,0.003975,-0.009233,1.441768,0.009770,1.445743,0.000537,0.761567,3.972927,-1.000000,0,0,0.032000,0.032000,0.000000,0.000000,0.032000
35.292000,Descend,11.020350,0.020951,-3.962898,1.544567,-0.019853,0.649160,10.973715,0.000384,0.135987,10.996397,-0.000167,0.084003,11.437578,0.002823,0.079537,1.441768,0.009770,-0.014593,-0.023952,-0.021118,-0.055408,-0.012053,0.031933,0.056704,-0.015960,-0.008911,1.441768,0.009770,1.425808,0.000859,0.733845,3.962898,-1.000000,0,0,0.044000,0.044000,0.000000,0.000000,0.044000
35.312000,Descend,11.057489,0.020751,-3.947160,1.538836,-0.019228,0.675706,10.973715,0.000384,0.135987,10.996397,-0.000167,0.084003,11.477947,0.003096,0.079129,1.441768,0.009770,-0.014593,-0.061092,-0.020918,-0.093513,-0.011232,0.064574,0.094186,-0.046463,-0.008255,1.441768,0.009770,1.395305,0.001515,0.690117,3.947160,-1.000000,0,0,0.064000,0.064000,0.000000,0.000000,0.064000
35.312000,Descend,11.057489,0.020751,-3.947160,1.538836,-0.019228,0.675706,10.973715,0.000384,0.135987,10.996397,-0.000167,0.084003,11.449112,0.002901,0.079421,1.441768,0.009770,-0.014593,-0.061092,-0.020918,-0.091572,-0.011812,0.064574,0.092331,-0.044910,-0.008719,1.441768,0.009770,1.396857,0.001051,0.692281,3.947160,-1.000000,0,0,0.064000,0.064000,0.000000,0.000000,0.064000
35.336000,Descend,11.094469,0.020549,-3.930732,1.533474,-0.018520,0.699647,10.973715,0.000384,0.135987,10.996397,-0.000167,0.084003,11.518317,0.003370,0.078720,1.441768,0.009770,-0.014593,-0.098072,-0.020716,-0.131269,-0.010475,0.100236,0.131687,-0.076700,-0.007649,1.441768,0.009770,1.365068,0.002122,0.646366,3.930732,-1.000000,0,0,0.088000,0.088000,0.000000,0.000000,0.088000
35.344000,Descend,11.094469,0.020549,-3.930732,1.533474,-0.018520,0.699647,10.973715,0.000384,0.135987,10.996397,-0.000167,0.084003,11.506783,0.003292,0.078837,1.441768,0.009770,-0.014593,-0.098072,-0.020716,-0.130536,-0.010701,0.100236,0.130974,-0.076124,-0.007830,1.441768,0.009770,1.365644,0.001940,0.647197,3.930732,-1.000000,0,0,0.096000,0.096000,0.000000,0.000000,0.096000
35.356000,Descend,11.094469,0.020549,-3.930732,1.533474,-0.018520,0.699647,10.973715,0.000384,0.135987,10.996397,-0.000167,0.084003,11.495249,0.003213,0.078954,1.441768,0.009770,-0.014593,-0.098072,-0.020716,-0.129803,-0.010927,0.100236,0.130262,-0.075538,-0.008011,1.441768,0.009770,1.366230,0.001759,0.648028,3.930732,-1.000000,0,0,0.096000,0.096000,0.000000,0.012000,0.108000
35.372000,Descend,11.106760,0.020482,-3.925124,1.531790,-0.018324,0.706293,10.973715,0.000384,0.135987,10.996397,-0.000167,0.084003,11.575988,0.003760,0.078136,1.441768,0.009770,-0.014593,-0.110363,-0.020649,-0.146552,-0.009355,0.112278,0.146850,-0.088979,-0.006753,1.441768,0.009770,1.352789,0.003017,0.628675,3.925124,-1.000000,0,0,0.124000,0.124000,0.000000,0.000000,0.124000
35.380000,Descend,11.143543,0.020287,-3.908002,1.526861,-0.017674,0.717560,10.973715,0.000384,0.135987,10.996397,-0.000167,0.084003,11.558686,0.003643,0.078311,1.441768,0.009770,-0.014593,-0.147146,-0.020454,-0.180333,-0.009751,0.148561,0.180597,-0.116018,-0.007070,1.441768,0.009770,1.325750,0.002701,0.589304,3.908002,-1.000000,0,0,0.132000,0.132000,0.000000,0.000000,0.132000
35.396000,Descend,11.180188,0.020085,-3.890672,1.522146,-0.016935,0.719057,10.973715,0.000384,0.135987,10.996397,-0.000167,0.084003,11.593288,0.003878,0.077961,1.441768,0.009770,-0.014593,-0.183791,-0.020252,-0.217068,-0.009196,0.184904,0.217262,-0.145440,-0.006626,1.441768,0.009770,1.296327,0.003144,0.546527,3.890672,-1.000000,0,0,0.148000,0.148000,0.000000,0.000000,0.148000
35.412000,Descend,11.204535,0.019944,-3.879090,1.519144,-0.016492,0.717162,10.973715,0.000384,0.135987,10.996397,-0.000167,0.084003,11.616357,0.004034,0.077728,1.441768,0.009770,-0.014593,-0.208138,-0.020111,-0.241410,-0.008818,0.209108,0.241571,-0.164953,-0.006323,1.441768,0.009770,1.276815,0.003447,0.518167,3.879090,-1.000000,0,0,0.164000,0.164000,0.000000,0.000000,0.164000
35.412000,Descend,11.204535,0.019944,-3.879090,1.519144,-0.016492,0.717162,10.973715,0.000384,0.135987,10.996397,-0.000167,0.084003,11.593288,0.003878,0.077961,1.441768,0.009770,-0.014593,-0.208138,-0.020111,-0.240172,-0.009238,0.209108,0.240350,-0.163965,-0.006660,1.441768,0.009770,1.277802,0.003110,0.519592,3.879090,-1.000000,0,0,0.164000,0.164000,0.000000,0.000000,0.164000
35.432000,Descend,11.204535,0.019944,-3.879090,1.519144,-0.016492,0.717162,10.973715,0.000384,0.135987,10.996397,-0.000167,0.084003,11.650960,0.004269,0.077378,1.441768,0.009770,-0.014593,-0.208138,-0.020111,-0.243267,-0.008188,0.209108,0.243405,-0.166490,-0.005819,1.441768,0.009770,1.275278,0.003951,0.516028,3.879090,-1.000000,0,0,0.184000,0.184000,0.000000,0.000000,0.184000
35.444000,Descend,11.240948,0.019748,-3.861796,1.514502,-0.015691,0.705464,10.973715,0.000384,0.135987,10.996397,-0.000167,0.084003,11.656727,0.004308,0.077319,1.441768,0.009770,-0.014593,-0.244551,-0.019915,-0.277863,-0.008254,0.245360,0.277985,-0.194199,-0.005872,1.441768,0.009770,1.247568,0.003898,0.475684,3.861796,-1.000000,0,0,0.196000,0.196000,0.000000,0.000000,0.196000
35.448000,Descend,11.240948,0.019748,-3.861796,1.514502,-0.015691,0.705464,10.973715,0.000384,0.135987,10.996397,-0.000167,0.084003,11.650960,0.004269,0.077378,1.441768,0.009770,-0.014593,-0.244551,-0.019915,-0.277572,-0.008356,0.245360,0.277697,-0.193978,-0.005954,1.441768,0.009770,1.247790,0.003816,0.476020,3.861796,-1.000000,0,0,0.200000,0.200000,0.000000,0.000000,0.200000
35.468000,Descend,11.265149,0.019623,-3.850453,1.511441,-0.015167,0.693411,10.973715,0.000384,0.135987,10.996397,-0.000167,0.084003,11.702864,0.004620,0.076852,1.441768,0.009770,-0.014593,-0.268752,-0.019790,-0.302892,-0.007571,0.269480,0.302986,-0.214294,-0.005326,1.441768,0.009770,1.227473,0.004444,0.000000,3.850453,-1.000000,0,0,0.220000,0.220000,0.000000,0.000000,0.220000
35.476000,Descend,11.289305,0.019503,-3.839322,1.508388,-0.014601,0.679464,10.973715,0.000384,0.135987,10.996397,-0.000167,0.084003,11.697096,0.004581,0.076911,1.441768,0.009770,-0.014593,-0.292908,-0.019670,-0.325286,-0.007825,0.293567,0.325380,-0.232236,-0.005529,1.441768,0.009770,1.209532,0.004241,0.000000,3.839322,-1.000000,0,0,0.228000,0.228000,0.000000,0.000000,0.228000
35.480000,Descend,11.289305,0.019503,-3.839322,1.508388,-0.014601,0.679464,11.314005,0.001058,0.139578,11.319233,0.002256,0.082745,11.688679,0.004850,0.079279,1.431960,0.010055,-0.013435,0.029928,-0.017247,0.010210,-0.010886,0.034542,0.014924,0.036161,-0.007977,1.431960,0.010055,1.243532,0.002078,0.782588,3.839322,-1.000000,0,0,0.004000,0.004000,0.000000,0.000000,0.004000
35.500000,Descend,11.325439,0.019333,-3.823064,1.503526,-0.013712,0.656785,11.314005,0.001058,0.139578,11.319233,0.002256,0.082745,11.728773,0.005131,0.078903,1.431960,0.010055,-0.013435,-0.006207,-0.017077,-0.026675,-0.010279,0.018170,0.028587,0.006653,-0.007492,1.431960,0.010055,1.379532,0.002563,0.766648,3.823064,-1.000000,0,0,0.020000,0.020000,0.004000,0.000000,0.024000
35.512000,Descend,11.361564,0.019203,-3.807848,1.498027,-0.012698,0.595078,11.314005,0.001058,0.139578,11.319233,0.002256,0.082745,11.751685,0.005292,0.078688,1.431960,0.010055,-0.013435,-0.042331,-0.016947,-0.062283,-0.010076,0.045597,0.063092,-0.021843,-0.007330,1.431960,0.010055,1.410117,0.002726,0.726392,3.807848,-1.000000,0,0,0.036000,0.036000,0.000000,0.000000,0.036000
35.516000,Descend,11.361564,0.019203,-3.807848,1.498027,-0.012698,0.595078,11.314005,0.001058,0.139578,11.319233,0.002256,0.082745,11.740229,0.005212,0.078795,1.431960,0.010055,-0.013435,-0.042331,-0.016947,-0.061755,-0.010258,0.045597,0.062601,-0.021424,-0.007475,1.431960,0.010055,1.410536,0.002580,0.726965,3.807848,-1.000000,0,0,0.040000,0.040000,0.000000,0.000000,0.040000
35.536000,Descend,11.385568,0.019094,-3.798524,1.494198,-0.012121,0.575056,11.314005,0.001058,0.139578,11.319233,0.002256,0.082745,11.791780,0.005574,0.078312,1.431960,0.010055,-0.013435,-0.066335,-0.016838,-0.086873,-0.009520,0.068438,0.087393,-0.041535,-0.006885,1.431960,0.010055,1.390424,0.003170,0.698041,3.798524,-1.000000,0,0,0.060000,0.060000,0.000000,0.000000,0.060000
35.544000,Descend,11.385568,0.019094,-3.798524,1.494198,-0.012121,0.575056,11.429809,0.003366,0.138227,11.419977,0.003624,0.084038,11.791120,0.006551,0.080890,1.438536,0.011342,-0.012202,0.034410,-0.015469,0.020049,-0.009416,0.037727,0.022150,0.044002,-0.006802,1.438536,0.011342,1.458424,0.004541,0.774158,3.798524,-1.000000,0,0,0.000000,0.000000,0.000000,0.000000,0.000000
35.556000,Descend,11.421430,0.018921,-3.784821,1.488732,-0.011378,0.578538,11.429809,0.003366,0.138227,11.419977,0.003624,0.084038,11.814137,0.006732,0.080695,1.438536,0.011342,-0.012202,-0.001452,-0.015297,-0.015205,-0.009071,0.015366,0.017706,0.015799,-0.006526,1.438536,0.011342,1.454335,0.004816,0.779343,3.784821,-1.000000,0,0,0.012000,0.012000,0.000000,0.000000,0.012000
35.576000,Descend,11.445261,0.018801,-3.775638,1.485024,-0.010872,0.590461,11.429809,0.003366,0.138227,11.419977,0.003624,0.084038,11.854415,0.007050,0.080354,1.438536,0.011342,-0.012202,-0.025284,-0.015176,-0.039323,-0.008467,0.029489,0.040224,-0.003495,-0.006043,1.438536,0.011342,1.435041,0.005299,0.753072,3.775638,-1.000000,0,0,0.032000,0.032000,0.000000,0.000000,0.032000
35.576000,Descend,11.445261,0.018801,-3.775638,1.485024,-0.010872,0.590461,11.429809,0.003366,0.138227,11.419977,0.003624,0.084038,11.825644,0.006823,0.080598,1.438536,0.011342,-0.012202,-0.025284,-0.015176,-0.038393,-0.008912,0.029489,0.039414,-0.002751,-0.006398,1.438536,0.011342,1.435785,0.004944,0.754017,3.775638,-1.000000,0,0,0.032000,0.032000,0.000000,0.000000,0.032000
35.592000,Descend,11.480891,0.018622,-3.761499,1.479501,-0.010197,0.615918,11.429809,0.003366,0.138227,11.419977,0.003624,0.084038,11.871677,0.007186,0.080207,1.438536,0.011342,-0.012202,-0.060914,-0.014997,-0.073777,-0.008234,0.062733,0.074235,-0.031070,-0.005856,1.438536,0.011342,1.407466,0.005486,0.713392,3.761499,-1.000000,0,0,0.048000,0.048000,0.000000,0.000000,0.048000
35.608000,Descend,11.480891,0.018622,-3.761499,1.479501,-0.010197,0.615918,11.429809,0.003366,0.138227,11.419977,0.003624,0.084038,11.894694,0.007367,0.080012,1.438536,0.011342,-0.012202,-0.060914,-0.014997,-0.074432,-0.007889,0.062733,0.074849,-0.031606,-0.005580,1.438536,0.011342,1.406929,0.005762,0.712676,3.761499,-1.000000,0,0,0.064000,0.064000,0.000000,0.000000,0.064000
35.620000,Descend,11.480891,0.018622,-3.761499,1.479501,-0.010197,0.615918,11.429809,0.003366,0.138227,11.419977,0.003624,0.084038,11.894694,0.007367,0.080012,1.438536,0.011342,-0.012202,-0.060914,-0.014997,-0.074432,-0.007889,0.062733,0.074849,-0.031612,-0.005580,1.438536,0.011342,1.406924,0.005762,0.712676,3.761499,-1.000000,0,0,0.072000,0.072000,0.000000,0.000000,0.072000
35.632000,Descend,11.540005,0.018326,-3.736748,1.470459,-0.009076,0.662581,11.429809,0.003366,0.138227,11.419977,0.003624,0.084038,11.929219,0.007640,0.079719,1.438536,0.011342,-0.012202,-0.120028,-0.014702,-0.131328,-0.007474,0.120925,0.131540,-0.077150,-0.005248,1.438536,0.011342,1.361386,0.006094,0.646537,3.736748,-1.000000,0,0,0.088000,0.088000,0.000000,0.000000,0.088000
35.644000,Descend,11.540005,0.018326,-3.736748,1.470459,-0.009076,0.662581,11.429809,0.003366,0.138227,11.419977,0.003624,0.084038,11.940727,0.007730,0.079621,1.438536,0.011342,-0.012202,-0.120028,-0.014702,-0.131584,-0.007311,0.120925,0.131787,-0.077371,-0.005117,1.438536,0.011342,1.361165,0.006225,0.646248,3.736748,-1.000000,0,0,0.100000,0.100000,0.000000,0.000000,0.100000
35.656000,Descend,11.540005,0.018326,-3.736748,1.470459,-0.009076,0.662581,11.429809,0.003366,0.138227,11.419977,0.003624,0.084038,11.957990,0.007866,0.079475,1.438536,0.011342,-0.012202,-0.120028,-0.014702,-0.131967,-0.007066,0.120925,0.132156,-0.077692,-0.004921,1.438536,0.011342,1.360844,0.006421,0.645818,3.736748,-1.000000,0,0,0.112000,0.112000,0.000000,0.000000,0.112000
35.676000,Descend,11.587014,0.018133,-3.715797,1.463584,-0.008216,0.687737,11.429809,0.003366,0.138227,11.419977,0.003624,0.084038,11.986760,0.008093,0.079231,1.438536,0.011342,-0.012202,-0.167037,-0.014509,-0.176907,-0.006803,0.167666,0.177037,-0.113673,-0.004711,1.438536,0.011342,1.324863,0.006631,0.593456,3.715797,-1.000000,0,0,0.128000,0.128000,0.000000,0.004000,0.132000
35.676000,Descend,11.587014,0.018133,-3.715797,1.463584,-0.008216,0.687737,11.429809,0.003366,0.138227,11.419977,0.003624,0.084038,11.975252,0.008003,0.079329,1.438536,0.011342,-0.012202,-0.167037,-0.014509,-0.176705,-0.006959,0.167666,0.176842,-0.113519,-0.004836,1.438536,0.011342,1.325017,0.006506,0.593684,3.715797,-1.000000,0,0,0.132000,0.132000,0.000000,0.000000,0.132000
35.692000,Descend,11.587014,0.018133,-3.715797,1.463584,-0.008216,0.687737,11.429809,0.003366,0.138227,11.419977,0.003624,0.084038,12.015532,0.008320,0.078987,1.438536,0.011342,-0.012202,-0.167037,-0.014509,-0.177406,-0.006411,0.167666,0.177522,-0.114108,-0.004398,1.438536,0.011342,1.324428,0.006944,0.592891,3.715797,-1.000000,0,0,0.148000,0.148000,0.000000,0.000000,0.148000
35.708000,Descend,11.622120,0.018041,-3.699593,1.458668,-0.007616,0.695033,11.429809,0.003366,0.138227,11.419977,0.003624,0.084038,12.038548,0.008502,0.078792,1.438536,0.011342,-0.012202,-0.202143,-0.014416,-0.210800,-0.006264,0.202656,0.210893,-0.140857,-0.004280,1.438536,0.011342,1.297679,0.007062,0.553958,3.699593,-1.000000,0,0,0.164000,0.164000,0.000000,0.000000,0.164000
35.708000,Descend,11.622120,0.018041,-3.699593,1.458668,-0.007616,0.695033,11.429809,0.003366,0.138227,11.419977,0.003624,0.084038,12.015532,0.008320,0.078987,1.438536,0.011342,-0.012202,-0.202143,-0.014416,-0.210477,-0.006567,0.202656,0.210579,-0.140600,-0.004523,1.438536,0.011342,1.297936,0.006819,0.554324,3.699593,-1.000000,0,0,0.164000,0.164000,0.000000,0.000000,0.164000
35.724000,Descend,11.645464,0.018002,-3.688645,1.455444,-0.007139,0.696388,11.429809,0.003366,0.138227,11.419977,0.003624,0.084038,12.061564,0.008683,0.078597,1.438536,0.011342,-0.012202,-0.225487,-0.014378,-0.233027,-0.006136,0.225945,0.233108,-0.158678,-0.004177,1.438536,0.011342,1.279858,0.007165,0.528040,3.688645,-1.000000,0,0,0.180000,0.180000,0.000000,0.000000,0.180000
35.740000,Descend,11.668752,0.017985,-3.677659,1.452371,-0.006739,0.692920,11.429809,0.003366,0.138227,11.419977,0.003624,0.084038,12.084580,0.008865,0.078401,1.438536,0.011342,-0.012202,-0.248775,-0.014360,-0.255167,-0.006007,0.249189,0.255238,-0.176430,-0.004074,1.438536,0.011342,1.262105,0.007268,0.502223,3.677659,-1.000000,0,0,0.196000,0.196000,0.000000,0.000000,0.196000
35.744000,Descend,11.668752,0.017985,-3.677659,1.452371,-0.006739,0.692920,11.429809,0.003366,0.138227,11.419977,0.003624,0.084038,12.061564,0.008683,0.078597,1.438536,0.011342,-0.012202,-0.248775,-0.014360,-0.254945,-0.006296,0.249189,0.255023,-0.176255,-0.004306,1.438536,0.011342,1.262281,0.007036,0.502474,3.677659,-1.000000,0,0,0.196000,0.196000,0.000000,0.004000,0.200000
35.764000,Descend,11.703584,0.017984,-3.661242,1.447861,-0.006064,0.684494,11.429809,0.003366,0.138227,11.419977,0.003624,0.084038,12.130614,0.009228,0.078011,1.438536,0.011342,-0.012202,-0.283607,-0.014360,-0.288213,-0.005761,0.283970,0.288270,-0.202939,-0.003878,1.438536,0.011342,1.235597,0.007464,0.463685,3.661242,-1.000000,0,0,0.220000,0.220000,0.000000,0.000000,0.220000
35.776000,Descend,11.726775,0.018060,-3.650371,1.445017,-0.005507,0.675889,11.429809,0.003366,0.138227,11.419977,0.003624,0.084038,12.130614,0.009228,0.078011,1.438536,0.011342,-0.012202,-0.306798,-0.014436,-0.309999,-0.006112,0.307137,0.310060,-0.220405,-0.004159,1.438536,0.011342,1.218131,0.007184,0.000000,3.650371,-1.000000,0,0,0.232000,0.232000,0.000000,0.000000,0.232000
35.776000,Descend,11.726775,0.018060,-3.650371,1.445017,-0.005507,0.675889,11.737973,0.002519,0.137274,11.746554,0.005110,0.082634,12.102993,0.007442,0.079782,1.425755,0.009330,-0.011410,0.019779,-0.012951,0.014964,-0.009241,0.023642,0.017588,0.039566,-0.006662,1.425755,0.009330,1.226631,0.002669,0.779481,3.650371,-1.000000,0,0,0.000000,0.000000,0.000000,0.000000,0.000000
35.792000,Descend,11.726775,0.018060,-3.650371,1.445017,-0.005507,0.675889,11.737973,0.002519,0.137274,11.746554,0.005110,0.082634,12.148618,0.007741,0.079417,1.425755,0.009330,-0.011410,0.019779,-0.012951,0.014348,-0.008766,0.023642,0.016814,0.039073,-0.006282,1.425755,0.009330,1.362631,0.003048,0.780384,3.650371,-1.000000,0,0,0.016000,0.016000,0.000000,0.000000,0.016000
35.808000,Descend,11.761473,0.018208,-3.634372,1.440657,-0.004614,0.656711,11.737973,0.002519,0.137274,11.746554,0.005110,0.082634,12.171430,0.007890,0.079234,1.425755,0.009330,-0.011410,-0.014918,-0.013098,-0.019359,-0.008943,0.019852,0.021324,0.012107,-0.006423,1.425755,0.009330,1.437863,0.002907,0.775122,3.634372,-1.000000,0,0,0.032000,0.032000,0.000000,0.000000,0.032000
35.808000,Descend,11.761473,0.018208,-3.634372,1.440657,-0.004614,0.656711,11.737973,0.002519,0.137274,11.746554,0.005110,0.082634,12.148618,0.007741,0.079417,1.425755,0.009330,-0.011410,-0.014918,-0.013098,-0.019120,-0.009166,0.019852,0.021204,0.012298,-0.006601,1.425755,0.009330,1.438053,0.002729,0.775263,3.634372,-1.000000,0,0,0.032000,0.032000,0.000000,0.000000,0.032000
35.832000,Descend,11.784562,0.018347,-3.623966,1.437799,-0.004011,0.641356,11.737973,0.002519,0.137274,11.746554,0.005110,0.082634,12.194242,0.008039,0.079051,1.425755,0.009330,-0.011410,-0.038008,-0.013238,-0.041789,-0.009048,0.040247,0.042757,-0.005837,-0.006508,1.425755,0.009330,1.419918,0.002823,0.750116,3.623966,-1.000000,0,0,0.048000,0.048000,0.004000,0.004000,0.056000
35.840000,Descend,11.819142,0.018616,-3.608624,1.433507,-0.003275,0.639577,11.737973,0.002519,0.137274,11.746554,0.005110,0.082634,12.217053,0.008189,0.078869,1.425755,0.009330,-0.011410,-0.072588,-0.013507,-0.075146,-0.009347,0.073834,0.075725,-0.032534,-0.006746,1.425755,0.009330,1.393221,0.002584,0.711654,3.608624,-1.000000,0,0,0.064000,0.064000,0.000000,0.000000,0.064000
35.840000,Descend,11.819142,0.018616,-3.608624,1.433507,-0.003275,0.639577,11.737973,0.002519,0.137274,11.746554,0.005110,0.082634,12.194242,0.008039,0.079051,1.425755,0.009330,-0.011410,-0.072588,-0.013507,-0.075022,-0.009548,0.073834,0.075627,-0.032436,-0.006908,1.425755,0.009330,1.393319,0.002423,0.711769,3.608624,-1.000000,0,0,0.064000,0.064000,0.000000,0.000000,0.064000
35.868000,Descend,11.842138,0.018811,-3.598310,1.430714,-0.002831,0.649121,11.737973,0.002519,0.137274,11.746554,0.005110,0.082634,12.274084,0.008562,0.078413,1.425755,0.009330,-0.011410,-0.095584,-0.013701,-0.097418,-0.009202,0.096561,0.097851,-0.050380,-0.006630,1.425755,0.009330,1.375375,0.002700,0.685840,3.598310,-1.000000,0,0,0.092000,0.092000,0.000000,0.000000,0.092000
35.872000,Descend,11.876611,0.019167,-3.582540,1.426437,-0.001914,0.669269,11.737973,0.002519,0.137274,11.746554,0.005110,0.082634,12.245569,0.008375,0.078641,1.425755,0.009330,-0.011410,-0.130056,-0.014057,-0.130295,-0.010122,0.130814,0.130687,-0.076687,-0.007366,1.425755,0.009330,1.349069,0.001964,0.647531,3.582540,-1.000000,0,0,0.096000,0.096000,0.000000,0.000000,0.096000
35.888000,Descend,11.876611,0.019167,-3.582540,1.426437,-0.001914,0.669269,11.737973,0.002519,0.137274,11.746554,0.005110,0.082634,12.285490,0.008637,0.078321,1.425755,0.009330,-0.011410,-0.130056,-0.014057,-0.130314,-0.009807,0.130814,0.130682,-0.076723,-0.007115,1.425755,0.009330,1.349032,0.002216,0.647537,3.582540,-1.000000,0,0,0.112000,0.112000,0.000000,0.000000,0.112000
35.904000,Descend,11.922417,0.019615,-3.560888,1.420729,-0.000782,0.690908,11.737973,0.002519,0.137274,11.746554,0.005110,0.082634,12.308302,0.008786,0.078139,1.425755,0.009330,-0.011410,-0.175862,-0.014505,-0.173882,-0.010521,0.176459,0.174200,-0.111605,-0.007685,1.425755,0.009330,1.314150,0.001645,0.596767,3.560888,-1.000000,0,0,0.128000,0.128000,0.000000,0.000000,0.128000
35.916000,Descend,11.945302,0.019923,-3.549870,1.418013,-0.000188,0.696577,11.737973,0.002519,0.137274,11.746554,0.005110,0.082634,12.319708,0.008861,0.078047,1.425755,0.009330,-0.011410,-0.198748,-0.014814,-0.195636,-0.010987,0.199299,0.195944,-0.129032,-0.008059,1.425755,0.009330,1.296724,0.001272,0.571399,3.549870,-1.000000,0,0,0.140000,0.140000,0.000000,0.000000,0.140000
35.932000,Descend,11.945302,0.019923,-3.549870,1.418013,-0.000188,0.696577,11.737973,0.002519,0.137274,11.746554,0.005110,0.082634,12.348223,0.009047,0.077819,1.425755,0.009330,-0.011410,-0.198748,-0.014814,-0.195480,-0.010797,0.199299,0.195778,-0.128939,-0.007906,1.425755,0.009330,1.296817,0.001424,0.571592,3.549870,-1.000000,0,0,0.156000,0.156000,0.000000,0.000000,0.156000
35.940000,Descend,11.968198,0.020274,-3.538753,1.415303,0.000380,0.698454,11.967699,0.006679,0.127294,11.975288,0.006922,0.080501,12.340964,0.009452,0.077521,1.417347,0.009809,-0.011554,0.007091,-0.013352,0.007618,-0.010920,0.015118,0.013314,0.033540,-0.008005,1.417347,0.009809,1.364817,0.001804,0.784467,3.538753,-1.000000,0,0,0.000000,0.000000,0.000000,0.000000,0.000000
35.956000,Descend,11.991025,0.020611,-3.527633,1.412670,0.000880,0.696491,11.967699,0.006679,0.127294,11.975288,0.006922,0.080501,12.374980,0.009688,0.077243,1.417347,0.009809,-0.011554,-0.015737,-0.013689,-0.014418,-0.011171,0.020858,0.018239,0.015911,-0.008206,1.417347,0.009809,1.433259,0.001603,0.778721,3.527633,-1.000000,0,0,0.016000,0.016000,0.000000,0.000000,0.016000
35.972000,Descend,12.030893,0.021173,-3.508232,1.408235,0.001815,0.686462,11.967699,0.006679,0.127294,11.975288,0.006922,0.080501,12.397658,0.009845,0.077058,1.417347,0.009809,-0.011554,-0.055605,-0.014251,-0.052889,-0.011869,0.057402,0.054204,-0.014874,-0.008764,1.417347,0.009809,1.402473,0.001045,0.736762,3.508232,-1.000000,0,0,0.032000,0.032000,0.000000,0.000000,0.032000
35.972000,Descend,12.030893,0.021173,-3.508232,1.408235,0.001815,0.686462,12.029021,0.006995,0.146354,12.023424,0.007280,0.083035,12.378857,0.009726,0.080545,1.421729,0.009782,-0.009956,-0.007469,-0.013892,-0.004095,-0.011901,0.015773,0.012585,0.024161,-0.008789,1.421729,0.009782,1.410973,0.000993,0.785317,3.508232,-1.000000,0,0,0.000000,0.000000,0.000000,0.000000,0.000000
35.992000,Descend,12.030893,0.021173,-3.508232,1.408235,0.001815,0.686462,12.029021,0.006995,0.146354,12.023424,0.007280,0.083035,12.435725,0.010117,0.080147,1.421729,0.009782,-0.009956,-0.007469,-0.013892,-0.003556,-0.011582,0.015773,0.012116,0.024592,-0.008534,1.421729,0.009782,1.446321,0.001248,0.785865,3.508232,-1.000000,0,0,0.020000,0.020000,0.000000,0.000000,0.020000
36.004000,Descend,12.053638,0.021533,-3.497216,1.405902,0.002262,0.688764,12.029021,0.006995,0.146354,12.023424,0.007280,0.083035,12.441413,0.010156,0.080107,1.421729,0.009782,-0.009956,-0.030214,-0.014253,-0.025560,-0.012042,0.033407,0.028255,0.006989,-0.008902,1.421729,0.009782,1.428718,0.000880,0.767036,3.497216,-1.000000,0,0,0.032000,0.032000,0.000000,0.000000,0.032000
36.008000,Descend,12.053638,0.021533,-3.497216,1.405902,0.002262,0.688764,12.029021,0.006995,0.146354,12.023424,0.007280,0.083035,12.435725,0.010117,0.080147,1.421729,0.009782,-0.009956,-0.030214,-0.014253,-0.025625,-0.012072,0.033407,0.028326,0.006937,-0.008926,1.421729,0.009782,1.428666,0.000856,0.766953,3.497216,-1.000000,0,0,0.036000,0.036000,0.000000,0.000000,0.036000
36.028000,Descend,12.076408,0.021931,-3.486071,1.403800,0.002771,0.696547,12.029021,0.006995,0.146354,12.023424,0.007280,0.083035,12.486908,0.010469,0.079789,1.421729,0.009782,-0.009956,-0.052984,-0.014651,-0.047139,-0.012366,0.054973,0.048734,-0.010274,-0.009161,1.421729,0.009782,1.411455,0.000621,0.743144,3.486071,-1.000000,0,0,0.056000,0.056000,0.000000,0.000000,0.056000
36.040000,Descend,12.110499,0.022527,-3.469079,1.400849,0.003416,0.713080,12.029021,0.006995,0.146354,12.023424,0.007280,0.083035,12.492595,0.010508,0.079749,1.421729,0.009782,-0.009956,-0.087075,-0.015246,-0.080185,-0.013146,0.088400,0.081255,-0.036720,-0.009785,1.421729,0.009782,1.385009,-0.000003,0.705202,3.469079,-1.000000,0,0,0.068000,0.068000,0.000000,0.000000,0.068000
36.048000,Descend,12.110499,0.022527,-3.469079,1.400849,0.003416,0.713080,12.029021,0.006995,0.146354,12.023424,0.007280,0.083035,12.498281,0.010548,0.079709,1.421729,0.009782,-0.009956,-0.087075,-0.015246,-0.080101,-0.013120,0.088400,0.081168,-0.036660,-0.009765,1.421729,0.009782,1.385070,0.000017,0.705304,3.469079,-1.000000,0,0,0.076000,0.076000,0.000000,0.000000,0.076000
36.064000,Descend,12.144737,0.023229,-3.451647,1.398294,0.004079,0.730017,12.029021,0.006995,0.146354,12.023424,0.007280,0.083035,12.521029,0.010704,0.079550,1.421729,0.009782,-0.009956,-0.121313,-0.015948,-0.113111,-0.013952,0.122357,0.113968,-0.063081,-0.010431,1.421729,0.009782,1.358648,-0.000649,0.667038,3.451647,-1.000000,0,0,0.088000,0.088000,0.000000,0.004000,0.092000
36.072000,Descend,12.167523,0.023670,-3.439799,1.396833,0.004490,0.738927,12.029021,0.006995,0.146354,12.023424,0.007280,0.083035,12.538090,0.010821,0.079430,1.421729,0.009782,-0.009956,-0.144099,-0.016390,-0.135087,-0.014474,0.145028,0.135860,-0.080678,-0.010848,1.421729,0.009782,1.341051,-0.001066,0.641496,3.439799,-1.000000,0,0,0.100000,0.100000,0.000000,0.000000,0.100000
36.072000,Descend,12.167523,0.023670,-3.439799,1.396833,0.004490,0.738927,12.029021,0.006995,0.146354,12.023424,0.007280,0.083035,12.521029,0.010704,0.079550,1.421729,0.009782,-0.009956,-0.144099,-0.016390,-0.135386,-0.014538,0.145028,0.136164,-0.080918,-0.010899,1.421729,0.009782,1.340811,-0.001117,0.641142,3.439799,-1.000000,0,0,0.100000,0.100000,0.000000,0.000000,0.100000
36.092000,Descend,12.201572,0.024260,-3.421813,1.394763,0.004944,0.744444,12.029021,0.006995,0.146354,12.023424,0.007280,0.083035,12.577899,0.011095,0.079152,1.421729,0.009782,-0.009956,-0.178148,-0.016979,-0.167631,-0.015093,0.178956,0.168309,-0.106748,-0.011343,1.421729,0.009782,1.314981,-0.001561,0.603639,3.421813,-1.000000,0,0,0.120000,0.120000,0.000000,0.000000,0.120000
36.104000,Descend,12.201572,0.024260,-3.421813,1.394763,0.004944,0.744444,12.029021,0.006995,0.146354,12.023424,0.007280,0.083035,12.583586,0.011135,0.079112,1.421729,0.009782,-0.009956,-0.178148,-0.016979,-0.167523,-0.015073,0.178956,0.168200,-0.106682,-0.011327,1.421729,0.009782,1.315047,-0.001546,0.603767,3.421813,-1.000000,0,0,0.132000,0.132000,0.000000,0.000000,0.132000
36.116000,Descend,12.224197,0.024622,-3.409794,1.393552,0.005167,0.742648,12.029021,0.006995,0.146354,12.023424,0.007280,0.083035,12.589272,0.011174,0.079072,1.421729,0.009782,-0.009956,-0.200773,-0.017342,-0.189559,-0.015505,0.201521,0.190192,-0.124326,-0.011673,1.421729,0.009782,1.297403,-0.001891,0.578109,3.409794,-1.000000,0,0,0.140000,0.140000,0.004000,0.000000,0.144000
36.132000,Descend,12.224197,0.024622,-3.409794,1.393552,0.005167,0.742648,12.029021,0.006995,0.146354,12.023424,0.007280,0.083035,12.634768,0.011487,0.078753,1.421729,0.009782,-0.009956,-0.200773,-0.017342,-0.188657,-0.015357,0.201521,0.189281,-0.123642,-0.011555,1.421729,0.009782,1.298087,-0.001773,0.579172,3.409794,-1.000000,0,0,0.160000,0.160000,0.000000,0.000000,0.160000
36.136000,Descend,12.258184,0.025164,-3.391842,1.392014,0.005623,0.733486,12.029021,0.006995,0.146354,12.023424,0.007280,0.083035,12.617707,0.011369,0.078873,1.421729,0.009782,-0.009956,-0.234760,-0.017884,-0.222339,-0.016145,0.235440,0.222924,-0.150596,-0.012185,1.421729,0.009782,1.271133,-0.002403,0.539922,3.391842,-1.000000,0,0,0.164000,0.164000,0.000000,0.000000,0.164000
36.156000,Descend,12.280808,0.025492,-3.380004,1.391139,0.005758,0.723898,12.029021,0.006995,0.146354,12.023424,0.007280,0.083035,12.668889,0.011721,0.078514,1.421729,0.009782,-0.009956,-0.257384,-0.018212,-0.243496,-0.016385,0.258028,0.244047,-0.167571,-0.012377,1.421729,0.009782,1.254158,-0.002595,0.515279,3.380004,-1.000000,0,0,0.184000,0.184000,0.000000,0.000000,0.184000
36.172000,Descend,12.314676,0.025928,-3.362553,1.390089,0.005968,0.704759,12.029021,0.006995,0.146354,12.023424,0.007280,0.083035,12.685950,0.011839,0.078395,1.421729,0.009782,-0.009956,-0.291252,-0.018648,-0.276507,-0.016870,0.291848,0.277022,-0.194024,-0.012765,1.421729,0.009782,1.227705,-0.002983,0.476808,3.362553,-1.000000,0,0,0.200000,0.200000,0.000000,0.000000,0.200000
36.180000,Descend,12.314676,0.025928,-3.362553,1.390089,0.005968,0.704759,12.029021,0.006995,0.146354,12.023424,0.007280,0.083035,12.685950,0.011839,0.078395,1.421729,0.009782,-0.009956,-0.291252,-0.018648,-0.276507,-0.016870,0.291848,0.277022,-0.194046,-0.012765,1.421729,0.009782,1.227683,-0.002983,0.476808,3.362553,-1.000000,0,0,0.208000,0.208000,0.000000,0.000000,0.208000
36.196000,Descend,12.337265,0.026188,-3.351165,1.389331,0.006035,0.689950,12.029021,0.006995,0.146354,12.023424,0.007280,0.083035,12.720072,0.012074,0.078156,1.421729,0.009782,-0.009956,-0.313841,-0.018908,-0.297966,-0.017072,0.314410,0.298455,-0.211261,-0.012926,1.421729,0.009782,1.210468,-0.003145,0.451803,3.351165,-1.000000,0,0,0.224000,0.224000,0.000000,0.000000,0.224000
36.204000,Descend,12.337265,0.026188,-3.351165,1.389331,0.006035,0.689950,12.360928,0.009886,0.146834,12.357388,0.009758,0.083545,12.726030,0.012353,0.081375,1.428845,0.010061,-0.008413,0.020123,-0.016431,0.030318,-0.015392,0.025979,0.034002,0.051366,-0.011582,1.428845,0.010061,1.278468,-0.001521,0.760331,3.351165,-1.000000,0,0,0.000000,0.000000,0.000000,0.000000,0.000000
36.224000,Descend,12.371091,0.026539,-3.334604,1.388192,0.006182,0.664387,12.360928,0.009886,0.146834,12.357388,0.009758,0.083545,12.760323,0.012595,0.081173,1.428845,0.010061,-0.008413,-0.013702,-0.016781,-0.002238,-0.015687,0.021665,0.015846,0.025321,-0.011818,1.428845,0.010061,1.414468,-0.001757,0.781513,3.334604,-1.000000,0,0,0.016000,0.016000,0.004000,0.000000,0.020000
36.244000,Descend,12.393622,0.026734,-3.323960,1.387277,0.006193,0.646514,12.360928,0.009886,0.146834,12.357388,0.009758,0.083545,12.806046,0.012917,0.080903,1.428845,0.010061,-0.008413,-0.036234,-0.016977,-0.023182,-0.015762,0.040014,0.028033,0.008566,-0.011878,1.428845,0.010061,1.437411,-0.001817,0.767295,3.323960,-1.000000,0,0,0.040000,0.040000,0.000000,0.000000,0.040000
36.260000,Descend,12.427390,0.026973,-3.308452,1.385652,0.006161,0.640841,12.360928,0.009886,0.146834,12.357388,0.009758,0.083545,12.817476,0.012997,0.080836,1.428845,0.010061,-0.008413,-0.070002,-0.017216,-0.056094,-0.015960,0.072087,0.058320,-0.017772,-0.012037,1.428845,0.010061,1.411072,-0.001976,0.731959,3.308452,-1.000000,0,0,0.056000,0.056000,0.000000,0.000000,0.056000
36.276000,Descend,12.449862,0.027112,-3.298112,1.384402,0.006169,0.648578,12.476987,0.010413,0.144137,12.463520,0.010506,0.085241,12.853612,0.013242,0.083304,1.444783,0.010132,-0.007174,0.013658,-0.016606,0.029961,-0.015536,0.021501,0.033749,0.051071,-0.011698,1.444783,0.010132,1.495855,-0.001565,0.760626,3.298112,-1.000000,0,0,0.000000,0.000000,0.000000,0.000000,0.004000
36.296000,Descend,12.483579,0.027280,-3.282504,1.382364,0.006101,0.666559,12.476987,0.010413,0.144137,12.463520,0.010506,0.085241,12.888287,0.013485,0.083132,1.444783,0.010132,-0.007174,-0.020059,-0.016775,-0.001707,-0.015589,0.026148,0.015683,0.025737,-0.011740,1.444783,0.010132,1.470520,-0.001608,0.781704,3.282504,-1.000000,0,0,0.020000,0.020000,0.000000,0.000000,0.024000
36.312000,Descend,12.506031,0.027378,-3.271909,1.381090,0.005956,0.678655,12.476987,0.010413,0.144137,12.463520,0.010506,0.085241,12.905623,0.013606,0.083046,1.444783,0.010132,-0.007174,-0.042511,-0.016872,-0.023021,-0.015594,0.045737,0.027805,0.008686,-0.011744,1.444783,0.010132,1.453470,-0.001612,0.767561,3.271909,-1.000000,0,0,0.036000,0.036000,0.000000,0.000000,0.040000
36.332000,Descend,12.506031,0.027378,-3.271909,1.381090,0.005956,0.678655,12.476987,0.010413,0.144137,12.463520,0.010506,0.085241,12.940298,0.013849,0.082874,1.444783,0.010132,-0.007174,-0.042511,-0.016872,-0.021493,-0.015494,0.045737,0.026495,0.009908,-0.011664,1.444783,0.010132,1.454692,-0.001532,0.769089,3.271909,-1.000000,0,0,0.056000,0.056000,0.000000,0.000000,0.060000
36.344000,Descend,12.528473,0.027462,-3.261152,1.379840,0.005831,0.691377,12.476987,0.010413,0.144137,12.463520,0.010506,0.085241,12.946077,0.013890,0.082845,1.444783,0.010132,-0.007174,-0.064953,-0.016957,-0.043262,-0.015520,0.067130,0.045962,-0.007507,-0.011685,1.444783,0.010132,1.437276,-0.001552,0.746378,3.261152,-1.000000,0,0,0.068000,0.068000,0.000000,0.000000,0.072000
36.364000,Descend,12.562150,0.027542,-3.244640,1.378067,0.005417,0.711256,12.476987,0.010413,0.144137,12.463520,0.010506,0.085241,12.986531,0.014174,0.082644,1.444783,0.010132,-0.007174,-0.098630,-0.017036,-0.074479,-0.015329,0.100090,0.076040,-0.032495,-0.011532,1.444783,0.010132,1.412288,-0.001400,0.711286,3.244640,-1.000000,0,0,0.088000,0.088000,0.000000,0.000000,0.092000
36.368000,Descend,12.562150,0.027542,-3.244640,1.378067,0.005417,0.711256,12.476987,0.010413,0.144137,12.463520,0.010506,0.085241,12.969194,0.014052,0.082730,1.444783,0.010132,-0.007174,-0.098630,-0.017036,-0.075279,-0.015386,0.100090,0.076835,-0.033138,-0.011578,1.444783,0.010132,1.411645,-0.001445,0.710359,3.244640,-1.000000,0,0,0.092000,0.092000,0.000000,0.000000,0.096000
36.380000,Descend,12.595782,0.027593,-3.227694,1.376697,0.005181,0.728350,12.476987,0.010413,0.144137,12.463520,0.010506,0.085241,12.998090,0.014255,0.082587,1.444783,0.010132,-0.007174,-0.132262,-0.017088,-0.107070,-0.015256,0.133361,0.108151,-0.058584,-0.011473,1.444783,0.010132,1.386199,-0.001341,0.673823,3.227694,-1.000000,0,0,0.104000,0.104000,0.000000,0.000000,0.108000
36.396000,Descend,12.618237,0.027607,-3.216137,1.376082,0.005028,0.736628,12.476987,0.010413,0.144137,12.463520,0.010506,0.085241,13.026985,0.014457,0.082443,1.444783,0.010132,-0.007174,-0.154717,-0.017102,-0.127924,-0.015111,0.155660,0.128813,-0.075288,-0.011358,1.444783,0.010132,1.369496,-0.001225,0.649718,3.216137,-1.000000,0,0,0.120000,0.120000,0.000000,0.000000,0.124000
36.400000,Descend,12.618237,0.027607,-3.216137,1.376082,0.005028,0.736628,12.476987,0.010413,0.144137,12.463520,0.010506,0.085241,13.015428,0.014376,0.082501,1.444783,0.010132,-0.007174,-0.154717,-0.017102,-0.128473,-0.015152,0.155660,0.129364,-0.075732,-0.011390,1.444783,0.010132,1.369051,-0.001258,0.649076,3.216137,-1.000000,0,0,0.124000,0.124000,0.000000,0.000000,0.128000
36.416000,Descend,12.618237,0.027607,-3.216137,1.376082,0.005028,0.736628,12.476987,0.010413,0.144137,12.463520,0.010506,0.085241,13.044323,0.014579,0.082357,1.444783,0.010132,-0.007174,-0.154717,-0.017102,-0.127099,-0.015050,0.155660,0.127987,-0.074648,-0.011309,1.444783,0.010132,1.370135,-0.001176,0.650682,3.216137,-1.000000,0,0,0.136000,0.136000,0.000000,0.004000,0.144000
36.432000,Descend,12.663089,0.027601,-3.192722,1.375453,0.004438,0.740162,12.476987,0.010413,0.144137,12.463520,0.010506,0.085241,13.084777,0.014863,0.082156,1.444783,0.010132,-0.007174,-0.199569,-0.017096,-0.169757,-0.014647,0.200300,0.170388,-0.108808,-0.010986,1.444783,0.010132,1.335975,-0.000854,0.601214,3.192722,-1.000000,0,0,0.156000,0.156000,0.000000,0.000000,0.160000
36.436000,Descend,12.663089,0.027601,-3.192722,1.375453,0.004438,0.740162,12.476987,0.010413,0.144137,12.463520,0.010506,0.085241,13.067439,0.014741,0.082243,1.444783,0.010132,-0.007174,-0.199569,-0.017096,-0.170588,-0.014715,0.200300,0.171222,-0.109480,-0.011041,1.444783,0.010132,1.335303,-0.000909,0.600241,3.192722,-1.000000,0,0,0.160000,0.160000,0.000000,0.000000,0.164000
36.456000,Descend,12.696712,0.027571,-3.175147,1.375715,0.004024,0.734284,12.476987,0.010413,0.144137,12.463520,0.010506,0.085241,13.119452,0.015106,0.081984,1.444783,0.010132,-0.007174,-0.233191,-0.017065,-0.201835,-0.014292,0.233815,0.202340,-0.134518,-0.010703,1.444783,0.010132,1.310266,-0.000570,0.563937,3.175147,-1.000000,0,0,0.180000,0.180000,0.000000,0.000000,0.184000
36.468000,Descend,12.696712,0.027571,-3.175147,1.375715,0.004024,0.734284,12.476987,0.010413,0.144137,12.463520,0.010506,0.085241,13.125231,0.015146,0.081956,1.444783,0.010132,-0.007174,-0.233191,-0.017065,-0.201558,-0.014268,0.233815,0.202062,-0.134321,-0.010683,1.444783,0.010132,1.310463,-0.000551,0.564260,3.175147,-1.000000,0,0,0.192000,0.192000,0.000000,0.000000,0.196000
36.484000,Descend,12.730330,0.027539,-3.157727,1.376233,0.003634,0.723844,12.476987,0.010413,0.144137,12.463520,0.010506,0.085241,13.154126,0.015349,0.081812,1.444783,0.010132,-0.007174,-0.266809,-0.017033,-0.234043,-0.013927,0.267353,0.234457,-0.160346,-0.010410,1.444783,0.010132,1.284437,-0.000278,0.526467,3.157727,-1.000000,0,0,0.208000,0.208000,0.000000,0.000000,0.212000
36.500000,Descend,12.752767,0.027520,-3.146272,1.376690,0.003381,0.714112,12.476987,0.010413,0.144137,12.463520,0.010506,0.085241,13.177243,0.015511,0.081697,1.444783,0.010132,-0.007174,-0.289247,-0.017015,-0.255609,-0.013680,0.289747,0.255974,-0.177639,-0.010213,1.444783,0.010132,1.267144,-0.000080,0.501363,3.146272,-1.000000,0,0,0.224000,0.224000,0.000000,0.000000,0.228000
36.500000,Descend,12.752767,0.027520,-3.146272,1.376690,0.003381,0.714112,12.476987,0.010413,0.144137,12.463520,0.010506,0.085241,13.154126,0.015349,0.081812,1.444783,0.010132,-0.007174,-0.289247,-0.017015,-0.256699,-0.013788,0.289747,0.257069,-0.178514,-0.010299,1.444783,0.010132,1.266269,-0.000166,0.500087,3.146272,-1.000000,0,0,0.224000,0.224000,0.000000,0.000000,0.228000
36.520000,Descend,12.775190,0.027499,-3.134989,1.377194,0.003214,0.702364,12.476987,0.010413,0.144137,12.463520,0.010506,0.085241,13.200359,0.015673,0.081583,1.444783,0.010132,-0.007174,-0.311670,-0.016993,-0.277200,-0.013464,0.312133,0.277527,-0.194959,-0.010040,1.444783,0.010132,1.249824,0.000092,0.476219,3.134989,-1.000000,0,0,0.240000,0.240000,0.000000,0.004000,0.248000
36.532000,Descend,12.808885,0.027484,-3.118443,1.378018,0.002972,0.682237,12.476987,0.010413,0.144137,12.463520,0.010506,0.085241,13.223476,0.015835,0.081468,1.444783,0.010132,-0.007174,-0.345365,-0.016979,-0.310246,-0.013212,0.345782,0.310527,-0.221445,-0.009839,1.444783,0.010132,1.223338,0.000294,0.000000,3.118443,-1.000000,0,0,0.256000,0.256000,0.000000,0.000000,0.260000
36.532000,Descend,12.808885,0.027484,-3.118443,1.378018,0.002972,0.682237,12.476987,0.010413,0.144137,12.463520,0.010506,0.085241,13.200359,0.015673,0.081583,1.444783,0.010132,-0.007174,-0.345365,-0.016979,-0.311315,-0.013327,0.345782,0.311600,-0.222304,-0.009930,1.444783,0.010132,1.222480,0.000202,0.000000,3.118443,-1.000000,0,0,0.256000,0.256000,0.000000,0.000000,0.260000
36.544000,Descend,12.808885,0.027484,-3.118443,1.378018,0.002972,0.682237,12.476987,0.010413,0.144137,12.463520,0.010506,0.085241,13.223476,0.015835,0.081468,1.444783,0.010132,-0.007174,-0.345365,-0.016979,-0.310246,-0.013212,0.345782,0.310527,-0.221473,-0.009839,1.444783,0.010132,1.223310,0.000294,0.000000,3.118443,-1.000000,0,0,0.264000,0.264000,0.000000,0.004000,0.272000
36.560000,Descend,12.842566,0.027464,-3.102476,1.378673,0.002661,0.657548,12.476987,0.010413,0.144137,12.463520,0.010506,0.085241,13.269709,0.016160,0.081238,1.444783,0.010132,-0.007174,-0.379046,-0.016958,-0.342157,-0.012789,0.379426,0.342396,-0.247071,-0.009500,1.444783,0.010132,1.197712,0.000632,0.000000,3.102476,-1.000000,0,0,0.284000,0.284000,0.000000,0.000000,0.288000
36.580000,Descend,12.865088,0.027456,-3.092251,1.379063,0.002499,0.626218,12.476987,0.010413,0.144137,12.463520,0.010506,0.085241,13.298605,0.016362,0.081095,1.444783,0.010132,-0.007174,-0.401568,-0.016950,-0.363582,-0.012538,0.401926,0.363798,-0.264283,-0.009299,1.444783,0.010132,1.180500,0.000833,0.000000,3.092251,-1.000000,0,0,0.304000,0.304000,0.000000,0.000000,0.308000
36.600000,Descend,12.898831,0.027505,-3.078521,1.379864,0.002345,0.534577,12.476987,0.010413,0.144137,12.463520,0.010506,0.085241,13.327500,0.016565,0.080951,1.444783,0.010132,-0.007174,-0.435311,-0.017000,-0.396490,-0.012343,0.435643,0.396682,-0.290689,-0.009143,1.444783,0.010132,1.154094,0.000989,0.000000,3.078521,-1.000000,0,0,0.324000,0.324000,0.000000,0.000000,0.328000
36.600000,Descend,12.898831,0.027505,-3.078521,1.379864,0.002345,0.534577,12.476987,0.010413,0.144137,12.463520,0.010506,0.085241,13.298605,0.016362,0.081095,1.444783,0.010132,-0.007174,-0.435311,-0.017000,-0.397788,-0.012499,0.435643,0.397984,-0.291732,-0.009268,1.444783,0.010132,1.153051,0.000865,0.000000,3.078521,-1.000000,0,0,0.324000,0.324000,0.000000,0.000000,0.328000
36.620000,Descend,12.921304,0.027548,-3.070689,1.380003,0.002362,0.470043,12.476987,0.010413,0.144137,12.463520,0.010506,0.085241,13.356396,0.016768,0.080808,1.444783,0.010132,-0.007174,-0.457784,-0.017042,-0.417750,-0.012240,0.458101,0.417930,-0.307785,-0.009061,1.444783,0.010132,1.136998,0.001072,0.000000,3.070689,-1.000000,0,0,0.344000,0.344000,0.000000,0.000000,0.348000
36.632000,Descend,12.954980,0.027628,-3.060880,1.379522,0.002203,0.379273,12.476987,0.010413,0.144137,12.463520,0.010506,0.085241,13.362175,0.016808,0.080779,1.444783,0.010132,-0.007174,-0.491460,-0.017123,-0.450868,-0.012190,0.491758,0.451032,-0.334333,-0.009021,1.444783,0.010132,1.110450,0.001111,0.000000,3.060880,-1.000000,0,0,0.356000,0.356000,0.000000,0.000000,0.360000
36.632000,Descend,12.954980,0.027628,-3.060880,1.379522,0.002203,0.379273,12.476987,0.010413,0.144137,12.463520,0.010506,0.085241,13.344838,0.016687,0.080865,1.444783,0.010132,-0.007174,-0.491460,-0.017123,-0.451651,-0.012285,0.491758,0.451818,-0.334964,-0.009097,1.444783,0.010132,1.109819,0.001035,0.000000,3.060880,-1.000000,0,0,0.356000,0.356000,0.000000,0.000000,0.360000
36.652000,Descend,12.977435,0.027700,-3.055724,1.378710,0.002229,0.325433,12.476987,0.010413,0.144137,12.463520,0.010506,0.085241,13.402629,0.017092,0.080578,1.444783,0.010132,-0.007174,-0.513915,-0.017194,-0.470967,-0.012057,0.514203,0.471122,-0.350512,-0.008914,1.444783,0.010132,1.094272,0.001218,0.000000,3.055724,-1.000000,0,0,0.376000,0.376000,0.000000,0.000000,0.380000
36.664000,Descend,12.977435,0.027700,-3.055724,1.378710,0.002229,0.325433,12.476987,0.010413,0.144137,12.463520,0.010506,0.085241,13.408408,0.017132,0.080550,1.444783,0.010132,-0.007174,-0.513915,-0.017194,-0.470703,-0.012025,0.514203,0.470857,-0.350357,-0.008889,1.444783,0.010132,1.094427,0.001244,0.000000,3.055724,-1.000000,0,0,0.388000,0.388000,0.000000,0.000000,0.392000
36.664000,Descend,12.977435,0.027700,-3.055724,1.378710,0.002229,0.325433,12.476987,0.010413,0.144137,12.463520,0.010506,0.085241,13.391071,0.017011,0.080636,1.444783,0.010132,-0.007174,-0.513915,-0.017194,-0.471496,-0.012120,0.514203,0.471651,-0.350995,-0.008965,1.444783,0.010132,1.093788,0.001168,0.000000,3.055724,-1.000000,0,0,0.388000,0.388000,0.000000,0.000000,0.392000
36.688000,Descend,12.999846,0.027768,-3.051378,1.377485,0.002247,0.277717,12.476987,0.010413,0.144137,12.463520,0.010506,0.085241,13.460421,0.017497,0.080291,1.444783,0.010132,-0.007174,-0.536326,-0.017262,-0.489891,-0.011822,0.536604,0.490034,-0.365829,-0.008726,1.444783,0.010132,1.078954,0.001406,0.000000,3.051378,-1.000000,0,0,0.412000,0.412000,0.000000,0.000000,0.416000
36.700000,Descend,13.033431,0.027885,-3.046635,1.374835,0.002411,0.216511,12.476987,0.010413,0.144137,12.463520,0.010506,0.085241,13.460421,0.017497,0.080291,1.444783,0.010132,-0.007174,-0.569911,-0.017379,-0.521646,-0.012051,0.570176,0.521786,-0.391296,-0.008910,1.444783,0.010132,1.053487,0.001223,0.000000,3.046635,-1.000000,0,0,0.424000,0.424000,0.000000,0.000000,0.428000
36.700000,Descend,13.033431,0.027885,-3.046635,1.374835,0.002411,0.216511,12.476987,0.010413,0.144137,12.463520,0.010506,0.085241,13.443083,0.017376,0.080377,1.444783,0.010132,-0.007174,-0.569911,-0.017379,-0.522487,-0.012144,0.570176,0.522628,-0.391974,-0.008984,1.444783,0.010132,1.052810,0.001148,0.000000,3.046635,-1.000000,0,0,0.424000,0.424000,0.000000,0.000000,0.428000
36.716000,Descend,13.066939,0.028020,-3.043528,1.371172,0.002534,0.167015,12.476987,0.010413,0.144137,12.463520,0.010506,0.085241,13.489316,0.017700,0.080148,1.444783,0.010132,-0.007174,-0.603419,-0.017515,-0.551156,-0.012120,0.603673,0.551289,-0.414997,-0.008965,1.444783,0.010132,1.029786,0.001168,0.000000,3.043528,-1.000000,0,0,0.440000,0.440000,0.000000,0.000000,0.444000
36.732000,Descend,13.089211,0.028116,-3.042134,1.368275,0.002631,0.139664,12.476987,0.010413,0.144137,12.463520,0.010506,0.085241,13.512433,0.017862,0.080033,1.444783,0.010132,-0.007174,-0.625691,-0.017611,-0.570146,-0.012165,0.625939,0.570275,-0.430280,-0.009000,1.444783,0.010132,1.014503,0.001132,0.000000,3.042134,-1.000000,0,0,0.456000,0.456000,0.000000,0.000000,0.460000
36.732000,Descend,13.089211,0.028116,-3.042134,1.368275,0.002631,0.139664,12.476987,0.010413,0.144137,12.463520,0.010506,0.085241,13.489316,0.017700,0.080148,1.444783,0.010132,-0.007174,-0.625691,-0.017611,-0.571371,-0.012285,0.625939,0.571503,-0.431266,-0.009097,1.444783,0.010132,1.013517,0.001036,0.000000,3.042134,-1.000000,0,0,0.456000,0.456000,0.000000,0.000000,0.460000
36.744000,Descend,13.089211,0.028116,-3.042134,1.368275,0.002631,0.139664,12.476987,0.010413,0.144137,12.463520,0.010506,0.085241,13.523991,0.017943,0.079976,1.444783,0.010132,-0.007174,-0.625691,-0.017611,-0.569534,-0.012105,0.625939,0.569663,-0.429865,-0.008952,1.444783,0.010132,1.014918,0.001180,0.000000,3.042134,-1.000000,0,0,0.468000,0.468000,0.000000,0.000000,0.472000
36.760000,Descend,13.122559,0.028298,-3.041279,1.363117,0.002867,0.105668,12.476987,0.010413,0.144137,12.463520,0.010506,0.085241,13.541328,0.018065,0.079890,1.444783,0.010132,-0.007174,-0.659039,-0.017793,-0.598116,-0.012373,0.659279,0.598244,-0.452802,-0.009167,1.444783,0.010132,0.991981,0.000966,0.000000,3.041279,-1.000000,0,0,0.480000,0.480000,0.004000,0.000000,0.488000
36.764000,Descend,13.122559,0.028298,-3.041279,1.363117,0.002867,0.105668,13.194343,0.010129,0.099768,13.190613,0.012305,0.083896,13.570640,0.013468,0.082360,1.472971,0.004510,-0.005955,0.068054,-0.015994,0.096396,-0.015570,0.069908,0.097646,0.102815,-0.011725,1.472971,0.004510,1.059981,-0.007215,0.686080,3.041279,-1.000000,0,0,0.000000,0.000000,0.000000,0.000000,0.000000
36.788000,Descend,13.144688,0.028418,-3.041042,1.359218,0.003042,0.086962,13.194343,0.010129,0.099768,13.190613,0.012305,0.083896,13.629559,0.013649,0.082122,1.472971,0.004510,-0.005955,0.045925,-0.016113,0.079823,-0.015676,0.048670,0.081348,0.089576,-0.011810,1.472971,0.004510,1.263981,-0.007300,0.705094,3.041042,-1.000000,0,0,0.024000,0.024000,0.000000,0.000000,0.024000
36.796000,Descend,13.177808,0.028675,-3.041469,1.352751,0.003301,0.074758,13.194343,0.010129,0.099768,13.190613,0.012305,0.083896,13.617774,0.013613,0.082170,1.472971,0.004510,-0.005955,0.012805,-0.016370,0.047668,-0.016020,0.020784,0.050288,0.063852,-0.012085,1.472971,0.004510,1.331981,-0.007575,0.741330,3.041469,-1.000000,0,0,0.032000,0.032000,0.000000,0.000000,0.032000
36.808000,Descend,13.177808,0.028675,-3.041469,1.352751,0.003301,0.074758,13.194343,0.010129,0.099768,13.190613,0.012305,0.083896,13.641342,0.013685,0.082074,1.472971,0.004510,-0.005955,0.012805,-0.016370,0.049592,-0.016001,0.020784,0.052109,0.065391,-0.012069,1.472971,0.004510,1.433981,-0.007559,0.739206,3.041469,-1.000000,0,0,0.044000,0.044000,0.000000,0.000000,0.044000
36.828000,Descend,13.199801,0.028875,-3.041633,1.348695,0.003473,0.100154,13.194343,0.010129,0.099768,13.190613,0.012305,0.083896,13.682585,0.013811,0.081908,1.472971,0.004510,-0.005955,-0.009189,-0.016570,0.032319,-0.016224,0.018947,0.036163,0.051573,-0.012248,1.472971,0.004510,1.524544,-0.007738,0.757810,3.041633,-1.000000,0,0,0.064000,0.064000,0.000000,0.000000,0.064000
36.832000,Descend,13.232671,0.029216,-3.040831,1.342814,0.003774,0.166164,13.194343,0.010129,0.099768,13.190613,0.012305,0.083896,13.664909,0.013757,0.081979,1.472971,0.004510,-0.005955,-0.042058,-0.016911,-0.000148,-0.016674,0.045331,0.016675,0.025599,-0.012608,1.472971,0.004510,1.498570,-0.008098,0.780546,3.040831,-1.000000,0,0,0.068000,0.068000,0.000000,0.000000,0.068000
36.848000,Descend,13.232671,0.029216,-3.040831,1.342814,0.003774,0.166164,13.194343,0.010129,0.099768,13.190613,0.012305,0.083896,13.694369,0.013847,0.081860,1.472971,0.004510,-0.005955,-0.042058,-0.016911,0.002456,-0.016660,0.045331,0.016840,0.027682,-0.012596,1.472971,0.004510,1.500653,-0.008087,0.780354,3.040831,-1.000000,0,0,0.080000,0.080000,0.000000,0.000000,0.080000
36.860000,Descend,13.254542,0.029490,-3.039403,1.338978,0.003988,0.218354,13.194343,0.010129,0.099768,13.190613,0.012305,0.083896,13.723828,0.013937,0.081741,1.472971,0.004510,-0.005955,-0.063930,-0.017185,-0.015424,-0.016996,0.066199,0.022951,0.013378,-0.012866,1.472971,0.004510,1.486350,-0.008356,0.773224,3.039403,-1.000000,0,0,0.096000,0.096000,0.000000,0.000000,0.096000
36.864000,Descend,13.254542,0.029490,-3.039403,1.338978,0.003988,0.218354,13.194343,0.010129,0.099768,13.190613,0.012305,0.083896,13.712045,0.013901,0.081788,1.472971,0.004510,-0.005955,-0.063930,-0.017185,-0.016496,-0.017000,0.066199,0.023688,0.012521,-0.012869,1.472971,0.004510,1.485492,-0.008359,0.772364,3.039403,-1.000000,0,0,0.100000,0.100000,0.000000,0.000000,0.100000
36.884000,Descend,13.276325,0.029758,-3.037046,1.335095,0.004237,0.272291,13.194343,0.010129,0.099768,13.190613,0.012305,0.083896,13.765072,0.014064,0.081574,1.472971,0.004510,-0.005955,-0.085712,-0.017454,-0.031940,-0.017347,0.087471,0.036347,0.000165,-0.013147,1.472971,0.004510,1.473136,-0.008637,0.757595,3.037046,-1.000000,0,0,0.120000,0.120000,0.000000,0.000000,0.120000
36.896000,Descend,13.308913,0.030200,-3.031745,1.329263,0.004467,0.351837,13.194343,0.010129,0.099768,13.190613,0.012305,0.083896,13.770964,0.014082,0.081550,1.472971,0.004510,-0.005955,-0.118300,-0.017895,-0.061679,-0.017878,0.119646,0.064218,-0.023633,-0.013571,1.472971,0.004510,1.449338,-0.009061,0.725079,3.031745,-1.000000,0,0,0.132000,0.132000,0.000000,0.000000,0.132000
36.896000,Descend,13.308913,0.030200,-3.031745,1.329263,0.004467,0.351837,13.343198,0.013083,0.094818,13.367710,0.013014,0.081085,13.727932,0.014203,0.079312,1.440887,0.004756,-0.007090,0.058797,-0.017186,0.086703,-0.017114,0.061257,0.088376,0.095073,-0.012960,1.440887,0.004756,1.457838,-0.008204,0.696894,3.031745,-1.000000,0,0,0.000000,0.000000,0.000000,0.000000,0.000000
36.916000,Descend,13.330558,0.030502,-3.027014,1.325432,0.004640,0.400778,13.343198,0.013083,0.094818,13.367710,0.013014,0.081085,13.785567,0.014393,0.079029,1.440887,0.004756,-0.007090,0.037152,-0.017489,0.070634,-0.017455,0.041063,0.072759,0.082232,-0.013233,1.440887,0.004756,1.523119,-0.008478,0.715115,3.027014,-1.000000,0,0,0.020000,0.020000,0.000000,0.000000,0.020000
36.928000,Descend,13.330558,0.030502,-3.027014,1.325432,0.004640,0.400778,13.343198,0.013083,0.094818,13.367710,0.013014,0.081085,13.791331,0.014412,0.079000,1.440887,0.004756,-0.007090,0.037152,-0.017489,0.071096,-0.017455,0.041063,0.073208,0.082611,-0.013233,1.440887,0.004756,1.523498,-0.008477,0.714591,3.027014,-1.000000,0,0,0.032000,0.032000,0.000000,0.000000,0.032000
36.928000,Descend,13.330558,0.030502,-3.027014,1.325432,0.004640,0.400778,13.343198,0.013083,0.094818,13.367710,0.013014,0.081085,13.774040,0.014355,0.079085,1.440887,0.004756,-0.007090,0.037152,-0.017489,0.069711,-0.017456,0.041063,0.071863,0.081503,-0.013234,1.440887,0.004756,1.522390,-0.008478,0.716160,3.027014,-1.000000,0,0,0.032000,0.032000,0.000000,0.000000,0.032000
36.952000,Descend,13.362914,0.030965,-3.018291,1.320072,0.004881,0.466250,13.343198,0.013083,0.094818,13.367710,0.013014,0.081085,13.843203,0.014583,0.078745,1.440887,0.004756,-0.007090,0.004796,-0.017952,0.044664,-0.017993,0.018581,0.048152,0.061466,-0.013663,1.440887,0.004756,1.502353,-0.008908,0.743822,3.018291,-1.000000,0,0,0.056000,0.056000,0.000000,0.000000,0.056000
36.964000,Descend,13.384418,0.031283,-3.011304,1.316707,0.004999,0.501744,13.343198,0.013083,0.094818,13.367710,0.013014,0.081085,13.843203,0.014583,0.078745,1.440887,0.004756,-0.007090,-0.016708,-0.018269,0.024271,-0.018349,0.024757,0.030427,0.045151,-0.013948,1.440887,0.004756,1.486038,-0.009193,0.764502,3.011304,-1.000000,0,0,0.068000,0.068000,0.000000,0.000000,0.068000
36.972000,Descend,13.384418,0.031283,-3.011304,1.316707,0.004999,0.501744,13.343198,0.013083,0.094818,13.367710,0.013014,0.081085,13.848967,0.014602,0.078717,1.440887,0.004756,-0.007090,-0.016708,-0.018269,0.024768,-0.018350,0.024757,0.030825,0.045548,-0.013949,1.440887,0.004756,1.486435,-0.009193,0.764038,3.011304,-1.000000,0,0,0.076000,0.076000,0.000000,0.000000,0.076000
36.988000,Descend,13.405847,0.031592,-3.003763,1.313732,0.005130,0.533421,13.343198,0.013083,0.094818,13.367710,0.013014,0.081085,13.883548,0.014716,0.078547,1.440887,0.004756,-0.007090,-0.038136,-0.018579,0.007385,-0.018713,0.042421,0.020118,0.031642,-0.014239,1.440887,0.004756,1.472529,-0.009484,0.776530,3.003763,-1.000000,0,0,0.092000,0.092000,0.000000,0.000000,0.092000
36.996000,Descend,13.437890,0.032052,-2.990982,1.310017,0.005232,0.575948,13.343198,0.013083,0.094818,13.367710,0.013014,0.081085,13.883548,0.014716,0.078547,1.440887,0.004756,-0.007090,-0.070180,-0.019039,-0.023329,-0.019209,0.072717,0.030220,0.007071,-0.014636,1.440887,0.004756,1.447958,-0.009881,0.764744,2.990982,-1.000000,0,0,0.100000,0.100000,0.000000,0.000000,0.100000
37.004000,Descend,13.437890,0.032052,-2.990982,1.310017,0.005232,0.575948,13.343198,0.013083,0.094818,13.367710,0.013014,0.081085,13.895075,0.014754,0.078490,1.440887,0.004756,-0.007090,-0.070180,-0.019039,-0.022282,-0.019213,0.072717,0.029421,0.007909,-0.014639,1.440887,0.004756,1.448796,-0.009884,0.765675,2.990982,-1.000000,0,0,0.108000,0.108000,0.000000,0.000000,0.108000
37.024000,Descend,13.459203,0.032363,-2.981723,1.308102,0.005242,0.603263,13.343198,0.013083,0.094818,13.367710,0.013014,0.081085,13.941183,0.014906,0.078263,1.440887,0.004756,-0.007090,-0.091493,-0.019349,-0.038644,-0.019543,0.093516,0.043304,-0.005181,-0.014903,1.440887,0.004756,1.435706,-0.010148,0.749478,2.981723,-1.000000,0,0,0.128000,0.128000,0.000000,0.000000,0.128000
37.028000,Descend,13.459203,0.032363,-2.981723,1.308102,0.005242,0.603263,13.490547,0.015960,0.102979,13.531397,0.014659,0.077183,13.885541,0.016314,0.074959,1.394269,0.006517,-0.008756,0.072194,-0.017705,0.094080,-0.017381,0.074333,0.095672,0.101002,-0.013173,1.394269,0.006517,1.469706,-0.006656,0.688383,2.981723,-1.000000,0,0,0.000000,0.000000,0.000000,0.000000,0.000000
37.040000,Descend,13.480485,0.032682,-2.971863,1.306702,0.005340,0.629743,13.490547,0.015960,0.102979,13.531397,0.014659,0.077183,13.913426,0.016444,0.074784,1.394269,0.006517,-0.008756,0.050912,-0.018023,0.074905,-0.017701,0.054008,0.076968,0.085671,-0.013430,1.394269,0.006517,1.479940,-0.006912,0.710204,2.971863,-1.000000,0,0,0.012000,0.012000,0.000000,0.000000,0.012000
37.060000,Descend,13.512337,0.033155,-2.956184,1.305505,0.005281,0.665388,13.490547,0.015960,0.102979,13.531397,0.014659,0.077183,13.952466,0.016627,0.074539,1.394269,0.006517,-0.008756,0.019060,-0.018497,0.045867,-0.018123,0.026560,0.049318,0.062440,-0.013767,1.394269,0.006517,1.456709,-0.007250,0.742463,2.956184,-1.000000,0,0,0.032000,0.032000,0.000000,0.000000,0.032000
37.060000,Descend,13.512337,0.033155,-2.956184,1.305505,0.005281,0.665388,13.490547,0.015960,0.102979,13.531397,0.014659,0.077183,13.924581,0.016496,0.074714,1.394269,0.006517,-0.008756,0.019060,-0.018497,0.044091,-0.018148,0.026560,0.047680,0.061020,-0.013787,1.394269,0.006517,1.455289,-0.007270,0.744373,2.956184,-1.000000,0,0,0.032000,0.032000,0.000000,0.000000,0.032000
37.080000,Descend,13.544147,0.033625,-2.939487,1.305578,0.005282,0.691449,13.490547,0.015960,0.102979,13.531397,0.014659,0.077183,13.980351,0.016757,0.074364,1.394269,0.006517,-0.008756,-0.012751,-0.018966,0.015808,-0.018568,0.022854,0.024386,0.038393,-0.014123,1.394269,0.006517,1.432662,-0.007606,0.771550,2.939487,-1.000000,0,0,0.052000,0.052000,0.000000,0.000000,0.052000
37.096000,Descend,13.554763,0.033763,-2.933707,1.305829,0.005234,0.697642,13.490547,0.015960,0.102979,13.531397,0.014659,0.077183,13.997083,0.016835,0.074259,1.394269,0.006517,-0.008756,-0.023366,-0.019104,0.006173,-0.018676,0.030182,0.019669,0.030685,-0.014209,1.394269,0.006517,1.424954,-0.007692,0.777052,2.933707,-1.000000,0,0,0.068000,0.068000,0.000000,0.000000,0.068000
37.096000,Descend,13.554763,0.033763,-2.933707,1.305829,0.005234,0.697642,13.596663,0.015794,0.110722,13.617976,0.015328,0.074333,13.963116,0.017023,0.071827,1.380559,0.006780,-0.010024,0.063213,-0.018435,0.081896,-0.018048,0.065847,0.083861,0.091264,-0.013708,1.380559,0.006780,1.433454,-0.006927,0.702162,2.933707,-1.000000,0,0,0.000000,0.000000,0.000000,0.000000,0.000000
37.120000,Descend,13.586595,0.034163,-2.916111,1.307237,0.005108,0.715306,13.596663,0.015794,0.110722,13.617976,0.015328,0.074333,14.029383,0.017348,0.071345,1.380559,0.006780,-0.010024,0.031382,-0.018836,0.053231,-0.018337,0.036600,0.056301,0.068345,-0.013939,1.380559,0.006780,1.448904,-0.007158,0.734315,2.916111,-1.000000,0,0,0.024000,0.024000,0.000000,0.000000,0.024000
37.128000,Descend,13.586595,0.034163,-2.916111,1.307237,0.005108,0.715306,13.642033,0.015783,0.106562,13.658421,0.015621,0.071598,14.013339,0.017388,0.068660,1.375654,0.006850,-0.011385,0.071826,-0.018542,0.089478,-0.018093,0.074181,0.091288,0.097350,-0.013743,1.375654,0.006850,1.473003,-0.006894,0.693497,2.916111,-1.000000,0,0,0.000000,0.000000,0.000000,0.000000,0.000000
37.132000,Descend,13.618527,0.034474,-2.897839,1.309521,0.005024,0.733404,13.642033,0.015783,0.106562,13.658421,0.015621,0.071598,14.013339,0.017388,0.068660,1.375654,0.006850,-0.011385,0.039893,-0.018853,0.056955,-0.018381,0.044123,0.059848,0.071334,-0.013974,1.375654,0.006850,1.446988,-0.007124,0.730177,2.897839,-1.000000,0,0,0.004000,0.004000,0.000000,0.000000,0.004000
37.152000,Descend,13.639879,0.034651,-2.885429,1.311547,0.004798,0.741761,13.642033,0.015783,0.106562,13.658421,0.015621,0.071598,14.062862,0.017635,0.068250,1.375654,0.006850,-0.011385,0.018541,-0.019030,0.037388,-0.018426,0.026569,0.041682,0.055680,-0.014010,1.375654,0.006850,1.431334,-0.007160,0.751371,2.885429,-1.000000,0,0,0.024000,0.024000,0.000000,0.000000,0.024000
37.160000,Descend,13.639879,0.034651,-2.885429,1.311547,0.004798,0.741761,13.697891,0.016041,0.108285,13.702774,0.015911,0.069815,14.058165,0.017704,0.066671,1.377481,0.006949,-0.012187,0.062895,-0.018740,0.079906,-0.018185,0.065627,0.081949,0.089701,-0.013816,1.377481,0.006949,1.467183,-0.006868,0.704392,2.885429,-1.000000,0,0,0.000000,0.000000,0.000000,0.000000,0.000000
37.172000,Descend,13.639879,0.034651,-2.885429,1.311547,0.004798,0.741761,13.697891,0.016041,0.108285,13.702774,0.015911,0.069815,14.080204,0.017815,0.066476,1.377481,0.006949,-0.012187,0.062895,-0.018740,0.080961,-0.018150,0.065627,0.082971,0.090555,-0.013789,1.377481,0.006949,1.468036,-0.006840,0.703201,2.885429,-1.000000,0,0,0.012000,0.012000,0.000000,0.000000,0.012000
37.192000,Descend,13.661295,0.034799,-2.872852,1.313998,0.004559,0.748723,13.697891,0.016041,0.108285,13.702774,0.015911,0.069815,14.107754,0.017954,0.066232,1.377481,0.006949,-0.012187,0.041479,-0.018888,0.060143,-0.018185,0.045577,0.062833,0.073910,-0.013817,1.377481,0.006949,1.451392,-0.006869,0.726695,2.872852,-1.000000,0,0,0.028000,0.028000,0.000000,0.000000,0.028000
37.192000,Descend,13.693563,0.035009,-2.853716,1.318273,0.004349,0.755520,13.697891,0.016041,0.108285,13.702774,0.015911,0.069815,14.096734,0.017899,0.066330,1.377481,0.006949,-0.012187,0.009211,-0.019098,0.026144,-0.018354,0.021203,0.031944,0.046711,-0.013952,1.377481,0.006949,1.424192,-0.007004,0.762732,2.853716,-1.000000,0,0,0.032000,0.032000,0.000000,0.000000,0.032000
37.208000,Descend,13.693563,0.035009,-2.853716,1.318273,0.004349,0.755520,13.697891,0.016041,0.108285,13.702774,0.015911,0.069815,14.135303,0.018093,0.065989,1.377481,0.006949,-0.012187,0.009211,-0.019098,0.027802,-0.018282,0.021203,0.033275,0.048038,-0.013894,1.377481,0.006949,1.425519,-0.006946,0.761180,2.853716,-1.000000,0,0,0.048000,0.048000,0.000000,0.000000,0.048000
37.224000,Descend,13.715137,0.035142,-2.840852,1.321382,0.004222,0.760406,13.697891,0.016041,0.108285,13.702774,0.015911,0.069815,14.157343,0.018204,0.065794,1.377481,0.006949,-0.012187,-0.012363,-0.019231,0.006149,-0.018331,0.022862,0.019335,0.030715,-0.013934,1.377481,0.006949,1.408196,-0.006985,0.777443,2.840852,-1.000000,0,0,0.064000,0.064000,0.000000,0.000000,0.064000
37.228000,Descend,13.715137,0.035142,-2.840852,1.321382,0.004222,0.760406,13.697891,0.016041,0.108285,13.702774,0.015911,0.069815,14.146323,0.018149,0.065891,1.377481,0.006949,-0.012187,-0.012363,-0.019231,0.005700,-0.018353,0.022862,0.019218,0.030356,-0.013951,1.377481,0.006949,1.407837,-0.007002,0.777579,2.840852,-1.000000,0,0,0.068000,0.068000,0.000000,0.000000,0.068000
37.244000,Descend,13.736856,0.035267,-2.827837,1.324825,0.004064,0.763117,13.697891,0.016041,0.108285,13.702774,0.015911,0.069815,14.184893,0.018343,0.065550,1.377481,0.006949,-0.012187,-0.034082,-0.019356,-0.015653,-0.018347,0.039195,0.024116,0.013274,-0.013946,1.377481,0.006949,1.390755,-0.006997,0.771864,2.827837,-1.000000,0,0,0.084000,0.084000,0.000000,0.000000,0.084000
37.260000,Descend,13.769628,0.035462,-2.808196,1.330173,0.003823,0.767646,13.697891,0.016041,0.108285,13.702774,0.015911,0.069815,14.206932,0.018455,0.065355,1.377481,0.006949,-0.012187,-0.066854,-0.019551,-0.049539,-0.018407,0.069654,0.052848,-0.013835,-0.013994,1.377481,0.006949,1.363646,-0.007045,0.738344,2.808196,-1.000000,0,0,0.100000,0.100000,0.000000,0.000000,0.100000
37.260000,Descend,13.769628,0.035462,-2.808196,1.330173,0.003823,0.767646,13.697891,0.016041,0.108285,13.702774,0.015911,0.069815,14.184893,0.018343,0.065550,1.377481,0.006949,-0.012187,-0.066854,-0.019551,-0.050296,-0.018457,0.069654,0.053575,-0.014442,-0.014034,1.377481,0.006949,1.363040,-0.007085,0.737495,2.808196,-1.000000,0,0,0.100000,0.100000,0.000000,0.000000,0.100000
37.284000,Descend,13.791566,0.035579,-2.795013,1.333828,0.003619,0.772322,13.697891,0.016041,0.108285,13.702774,0.015911,0.069815,14.251012,0.018677,0.064965,1.377481,0.006949,-0.012187,-0.088792,-0.019668,-0.071418,-0.018343,0.090944,0.073736,-0.031356,-0.013943,1.377481,0.006949,1.346125,-0.006994,0.713975,2.795013,-1.000000,0,0,0.124000,0.124000,0.000000,0.000000,0.124000
37.292000,Descend,13.824563,0.035708,-2.775113,1.339341,0.003216,0.781361,13.915035,0.016078,0.113152,13.894147,0.016665,0.067454,14.254225,0.018369,0.064199,1.395652,0.006606,-0.012617,0.069584,-0.019043,0.084112,-0.018168,0.072143,0.086052,0.093074,-0.013803,1.395652,0.006606,1.414125,-0.007197,0.699606,2.775113,-1.000000,0,0,0.000000,0.000000,0.000000,0.000000,0.000000
37.296000,Descend,13.824563,0.035708,-2.775113,1.339341,0.003216,0.781361,13.915035,0.016078,0.113152,13.894147,0.016665,0.067454,14.254225,0.018369,0.064199,1.395652,0.006606,-0.012617,0.069584,-0.019043,0.084112,-0.018168,0.072143,0.086052,0.093078,-0.013803,1.395652,0.006606,1.448125,-0.007197,0.699606,2.775113,-1.000000,0,0,0.004000,0.004000,0.000000,0.000000,0.004000
37.312000,Descend,13.824563,0.035708,-2.775113,1.339341,0.003216,0.781361,13.915035,0.016078,0.113152,13.894147,0.016665,0.067454,14.293303,0.018554,0.063846,1.395652,0.006606,-0.012617,0.069584,-0.019043,0.085689,-0.018073,0.072143,0.087574,0.094353,-0.013727,1.395652,0.006606,1.490005,-0.007121,0.697831,2.775113,-1.000000,0,0,0.020000,0.020000,0.000000,0.000000,0.020000
37.324000,Descend,13.846603,0.035773,-2.761761,1.343059,0.002983,0.786694,13.915035,0.016078,0.113152,13.894147,0.016665,0.067454,14.304468,0.018607,0.063745,1.395652,0.006606,-0.012617,0.047544,-0.019108,0.063005,-0.018042,0.051240,0.065538,0.076214,-0.013703,1.395652,0.006606,1.471866,-0.007096,0.723539,2.761761,-1.000000,0,0,0.032000,0.032000,0.000000,0.000000,0.032000
37.336000,Descend,13.868764,0.035822,-2.748330,1.346786,0.002718,0.789667,13.915035,0.016078,0.113152,13.894147,0.016665,0.067454,14.321217,0.018686,0.063593,1.395652,0.006606,-0.012617,0.025383,-0.019157,0.040337,-0.017967,0.031801,0.044157,0.058079,-0.013643,1.395652,0.006606,1.453730,-0.007037,0.748483,2.748330,-1.000000,0,0,0.044000,0.044000,0.000000,0.000000,0.044000
37.356000,Descend,13.902073,0.035870,-2.728171,1.352311,0.002366,0.790322,13.915035,0.016078,0.113152,13.894147,0.016665,0.067454,14.360294,0.018871,0.063240,1.395652,0.006606,-0.012617,-0.007926,-0.019205,0.006550,-0.017789,0.020777,0.018957,0.031049,-0.013500,1.395652,0.006606,1.426701,-0.006894,0.777884,2.728171,-1.000000,0,0,0.064000,0.064000,0.000000,0.000000,0.064000
37.360000,Descend,13.902073,0.035870,-2.728171,1.352311,0.002366,0.790322,14.006190,0.017746,0.109743,13.994617,0.017385,0.065196,14.351821,0.019203,0.061787,1.406313,0.007156,-0.013423,0.092545,-0.018485,0.106261,-0.017268,0.094373,0.107655,0.110823,-0.013084,1.406313,0.007156,1.460701,-0.005927,0.674402,2.728171,-1.000000,0,0,0.000000,0.000000,0.000000,0.000000,0.000000
37.380000,Descend,13.935497,0.035878,-2.708087,1.357774,0.002035,0.786317,14.006190,0.017746,0.109743,13.994617,0.017385,0.065196,14.402449,0.019460,0.061304,1.406313,0.007156,-0.013423,0.059120,-0.018493,0.073197,-0.017008,0.061945,0.075147,0.084386,-0.012875,1.406313,0.007156,1.490699,-0.005719,0.712328,2.708087,-1.000000,0,0,0.020000,0.020000,0.000000,0.000000,0.020000
37.392000,Descend,13.957891,0.035857,-2.694744,1.361196,0.001789,0.784485,14.006190,0.017746,0.109743,13.994617,0.017385,0.065196,14.408073,0.019489,0.061250,1.406313,0.007156,-0.013423,0.036726,-0.018471,0.049991,-0.016894,0.041109,0.052768,0.065821,-0.012784,1.406313,0.007156,1.472134,-0.005628,0.738437,2.694744,-1.000000,0,0,0.032000,0.032000,0.000000,0.000000,0.032000
37.392000,Descend,13.957891,0.035857,-2.694744,1.361196,0.001789,0.784485,14.006190,0.017746,0.109743,13.994617,0.017385,0.065196,14.391198,0.019403,0.061411,1.406313,0.007156,-0.013423,0.036726,-0.018471,0.049450,-0.016958,0.041109,0.052277,0.065388,-0.012835,1.406313,0.007156,1.471702,-0.005679,0.739010,2.694744,-1.000000,0,0,0.032000,0.032000,0.000000,0.000000,0.032000
37.412000,Descend,13.957891,0.035857,-2.694744,1.361196,0.001789,0.784485,14.006190,0.017746,0.109743,13.994617,0.017385,0.065196,14.436200,0.019632,0.060981,1.406313,0.007156,-0.013423,0.036726,-0.018471,0.050893,-0.016786,0.041109,0.053590,0.066551,-0.012698,1.406313,0.007156,1.472864,-0.005542,0.737479,2.694744,-1.000000,0,0,0.048000,0.048000,0.004000,0.000000,0.052000
37.424000,Descend,13.991562,0.035807,-2.674820,1.366140,0.001373,0.782067,14.006190,0.017746,0.109743,13.994617,0.017385,0.065196,14.458701,0.019747,0.060767,1.406313,0.007156,-0.013423,0.003056,-0.018422,0.016313,-0.016513,0.018673,0.023212,0.038886,-0.012479,1.406313,0.007156,1.445200,-0.005323,0.772920,2.674820,-1.000000,0,0,0.064000,0.064000,0.000000,0.000000,0.064000
37.424000,Descend,13.991562,0.035807,-2.674820,1.366140,0.001373,0.782067,14.006190,0.017746,0.109743,13.994617,0.017385,0.065196,14.436200,0.019632,0.060981,1.406313,0.007156,-0.013423,0.003056,-0.018422,0.015670,-0.016606,0.018673,0.022832,0.038372,-0.012553,1.406313,0.007156,1.444686,-0.005397,0.773363,2.674820,-1.000000,0,0,0.064000,0.064000,0.000000,0.000000,0.064000
37.444000,Descend,14.030471,0.035772,-2.652324,1.371490,0.000907,0.773978,14.006190,0.017746,0.109743,13.994617,0.017385,0.065196,14.481202,0.019861,0.060552,1.406313,0.007156,-0.013423,-0.035853,-0.018387,-0.023805,-0.016225,0.040293,0.028808,0.006793,-0.012249,1.406313,0.007156,1.413106,-0.005092,0.766391,2.652324,-1.000000,0,0,0.080000,0.080000,0.004000,0.000000,0.084000
37.456000,Descend,14.064375,0.035683,-2.632779,1.375978,0.000550,0.771463,14.006190,0.017746,0.109743,13.994617,0.017385,0.065196,14.503703,0.019976,0.060337,1.406313,0.007156,-0.013423,-0.069757,-0.018298,-0.058776,-0.015907,0.072117,0.060890,-0.021194,-0.011994,1.406313,0.007156,1.385120,-0.004838,0.728961,2.632779,-1.000000,0,0,0.096000,0.096000,0.000000,0.000000,0.096000
37.456000,Descend,14.064375,0.035683,-2.632779,1.375978,0.000550,0.771463,14.172336,0.016361,0.127544,14.141725,0.017694,0.065518,14.498697,0.019301,0.062395,1.427889,0.006428,-0.012493,0.077350,-0.017989,0.090328,-0.016520,0.079414,0.091826,0.098090,-0.012485,1.427889,0.006428,1.393620,-0.006057,0.692869,2.632779,-1.000000,0,0,0.000000,0.000000,0.000000,0.000000,0.000000
37.476000,Descend,14.098379,0.035573,-2.613332,1.380151,0.000263,0.773499,14.172336,0.016361,0.127544,14.141725,0.017694,0.065518,14.555813,0.019558,0.061895,1.427889,0.006428,-0.012493,0.043345,-0.017879,0.057190,-0.016092,0.046888,0.059411,0.071591,-0.012142,1.427889,0.006428,1.499480,-0.005714,0.730687,2.613332,-1.000000,0,0,0.020000,0.020000,0.000000,0.000000,0.020000
37.492000,Descend,14.121168,0.035505,-2.600397,1.382960,0.000053,0.775337,14.172336,0.016361,0.127544,14.141725,0.017694,0.065518,14.572947,0.019635,0.061745,1.427889,0.006428,-0.012493,0.020556,-0.017811,0.034124,-0.015886,0.027199,0.037641,0.053139,-0.011978,1.427889,0.006428,1.481028,-0.005550,0.756086,2.600397,-1.000000,0,0,0.036000,0.036000,0.000000,0.000000,0.036000
37.492000,Descend,14.121168,0.035505,-2.600397,1.382960,0.000053,0.775337,14.172336,0.016361,0.127544,14.141725,0.017694,0.065518,14.550101,0.019532,0.061945,1.427889,0.006428,-0.012493,0.020556,-0.017811,0.033406,-0.015988,0.027199,0.037035,0.052564,-0.012059,1.427889,0.006428,1.480453,-0.005632,0.756792,2.600397,-1.000000,0,0,0.036000,0.036000,0.000000,0.000000,0.036000
37.500000,Descend,14.121168,0.035505,-2.600397,1.382960,0.000053,0.775337,14.172336,0.016361,0.127544,14.141725,0.017694,0.065518,14.572947,0.019635,0.061745,1.427889,0.006428,-0.012493,0.020556,-0.017811,0.034124,-0.015886,0.027199,0.037641,0.053139,-0.011978,1.427889,0.006428,1.481028,-0.005550,0.756086,2.600397,-1.000000,0,0,0.044000,0.044000,0.000000,0.000000,0.044000
37.516000,Descend,14.143961,0.035436,-2.587486,1.385728,-0.000118,0.773618,14.172336,0.016361,0.127544,14.141725,0.017694,0.065518,14.607216,0.019789,0.061445,1.427889,0.006428,-0.012493,-0.002236,-0.017742,0.011508,-0.015608,0.017883,0.019392,0.035046,-0.011756,1.427889,0.006428,1.462935,-0.005328,0.777376,2.587486,-1.000000,0,0,0.060000,0.060000,0.000000,0.000000,0.060000
37.524000,Descend,14.143961,0.035436,-2.587486,1.385728,-0.000118,0.773618,14.172336,0.016361,0.127544,14.141725,0.017694,0.065518,14.607216,0.019789,0.061445,1.427889,0.006428,-0.012493,-0.002236,-0.017742,0.011508,-0.015608,0.017883,0.019392,0.035046,-0.011756,1.427889,0.006428,1.462935,-0.005328,0.777376,2.587486,-1.000000,0,0,0.068000,0.068000,0.000000,0.000000,0.068000
37.524000,Descend,14.143961,0.035436,-2.587486,1.385728,-0.000118,0.773618,14.172336,0.016361,0.127544,14.141725,0.017694,0.065518,14.595794,0.019738,0.061545,1.427889,0.006428,-0.012493,-0.002236,-0.017742,0.011171,-0.015661,0.017883,0.019237,0.034776,-0.011797,1.427889,0.006428,1.462665,-0.005370,0.777557,2.587486,-1.000000,0,0,0.068000,0.068000,0.000000,0.000000,0.068000
37.540000,Descend,14.178386,0.035287,-2.568282,1.389893,-0.000503,0.770892,14.172336,0.016361,0.127544,14.141725,0.017694,0.065518,14.641485,0.019943,0.061146,1.427889,0.006428,-0.012493,-0.036661,-0.017593,-0.023363,-0.015167,0.040664,0.027854,0.007149,-0.011402,1.427889,0.006428,1.435038,-0.004975,0.767503,2.568282,-1.000000,0,0,0.084000,0.084000,0.000000,0.000000,0.084000
37.556000,Descend,14.201409,0.035181,-2.555535,1.392426,-0.000720,0.771167,14.172336,0.016361,0.127544,14.141725,0.017694,0.065518,14.664331,0.020046,0.060946,1.427889,0.006428,-0.012493,-0.059685,-0.017488,-0.046706,-0.014872,0.062194,0.049017,-0.011526,-0.011166,1.427889,0.006428,1.416363,-0.004738,0.742814,2.555535,-1.000000,0,0,0.100000,0.100000,0.000000,0.000000,0.100000
37.556000,Descend,14.201409,0.035181,-2.555535,1.392426,-0.000720,0.771167,14.172336,0.016361,0.127544,14.141725,0.017694,0.065518,14.641485,0.019943,0.061146,1.427889,0.006428,-0.012493,-0.059685,-0.017488,-0.047274,-0.014986,0.062194,0.049592,-0.011980,-0.011258,1.427889,0.006428,1.415909,-0.004830,0.742143,2.555535,-1.000000,0,0,0.100000,0.100000,0.000000,0.000000,0.100000
37.564000,Descend,14.201409,0.035181,-2.555535,1.392426,-0.000720,0.771167,14.172336,0.016361,0.127544,14.141725,0.017694,0.065518,14.641485,0.019943,0.061146,1.427889,0.006428,-0.012493,-0.059685,-0.017488,-0.047274,-0.014986,0.062194,0.049592,-0.011980,-0.011258,1.427889,0.006428,1.415909,-0.004830,0.742143,2.555535,-1.000000,0,0,0.100000,0.100000,0.008000,0.000000,0.108000
37.580000,Descend,14.224500,0.035076,-2.542805,1.394925,-0.000891,0.773079,14.172336,0.016361,0.127544,14.141725,0.017694,0.065518,14.710024,0.020252,0.060546,1.427889,0.006428,-0.012493,-0.082775,-0.017382,-0.069655,-0.014470,0.084581,0.071142,-0.029902,-0.010844,1.427889,0.006428,1.397987,-0.004417,0.717000,2.542805,-1.000000,0,0,0.124000,0.124000,0.000000,0.000000,0.124000
37.588000,Descend,14.224500,0.035076,-2.542805,1.394925,-0.000891,0.773079,14.172336,0.016361,0.127544,14.141725,0.017694,0.065518,14.698601,0.020201,0.060646,1.427889,0.006428,-0.012493,-0.082775,-0.017382,-0.069920,-0.014528,0.084581,0.071413,-0.030119,-0.010891,1.427889,0.006428,1.397770,-0.004464,0.716685,2.542805,-1.000000,0,0,0.132000,0.132000,0.000000,0.000000,0.132000
37.588000,Descend,14.224500,0.035076,-2.542805,1.394925,-0.000891,0.773079,14.172336,0.016361,0.127544,14.141725,0.017694,0.065518,14.687178,0.020149,0.060746,1.427889,0.006428,-0.012493,-0.082775,-0.017382,-0.070183,-0.014587,0.084581,0.071683,-0.030330,-0.010938,1.427889,0.006428,1.397559,-0.004510,0.716370,2.542805,-1.000000,0,0,0.132000,0.132000,0.000000,0.000000,0.132000
37.608000,Descend,14.259896,0.034958,-2.523563,1.398788,-0.001166,0.777207,14.172336,0.016361,0.127544,14.141725,0.017694,0.065518,14.744293,0.020406,0.060246,1.427889,0.006428,-0.012493,-0.118172,-0.017264,-0.105891,-0.014060,0.119426,0.106821,-0.058918,-0.010517,1.427889,0.006428,1.368971,-0.004089,0.675376,2.523563,-1.000000,0,0,0.152000,0.152000,0.000000,0.000000,0.152000
37.624000,Descend,14.283345,0.034884,-2.510738,1.401188,-0.001319,0.778537,14.172336,0.016361,0.127544,14.141725,0.017694,0.065518,14.761429,0.020483,0.060096,1.427889,0.006428,-0.012493,-0.141621,-0.017190,-0.130033,-0.013828,0.142660,0.130766,-0.078252,-0.010331,1.427889,0.006428,1.349637,-0.003904,0.647440,2.510738,-1.000000,0,0,0.168000,0.168000,0.000000,0.000000,0.168000
37.624000,Descend,14.283345,0.034884,-2.510738,1.401188,-0.001319,0.778537,14.172336,0.016361,0.127544,14.141725,0.017694,0.065518,14.738583,0.020381,0.060296,1.427889,0.006428,-0.012493,-0.141621,-0.017190,-0.130459,-0.013952,0.142660,0.131203,-0.078594,-0.010430,1.427889,0.006428,1.349295,-0.004003,0.646930,2.510738,-1.000000,0,0,0.168000,0.168000,0.000000,0.000000,0.168000
37.624000,Descend,14.283345,0.034884,-2.510738,1.401188,-0.001319,0.778537,14.172336,0.016361,0.127544,14.141725,0.017694,0.065518,14.738583,0.020381,0.060296,1.427889,0.006428,-0.012493,-0.141621,-0.017190,-0.130459,-0.013952,0.142660,0.131203,-0.078595,-0.010430,1.427889,0.006428,1.349293,-0.004003,0.646930,2.510738,-1.000000,0,0,0.168000,0.168000,0.000000,0.000000,0.168000
37.644000,Descend,14.306758,0.034823,-2.497928,1.403470,-0.001365,0.777891,14.172336,0.016361,0.127544,14.141725,0.017694,0.065518,14.795698,0.020638,0.059796,1.427889,0.006428,-0.012493,-0.165033,-0.017130,-0.153849,-0.013561,0.165920,0.154445,-0.097338,-0.010117,1.427889,0.006428,1.330551,-0.003690,0.619814,2.497928,-1.000000,0,0,0.188000,0.188000,0.000000,0.000000,0.188000
37.656000,Descend,14.341897,0.034748,-2.478774,1.406857,-0.001550,0.772628,14.172336,0.016361,0.127544,14.141725,0.017694,0.065518,14.801409,0.020663,0.059746,1.427889,0.006428,-0.012493,-0.200172,-0.017054,-0.190456,-0.013368,0.200898,0.190925,-0.126647,-0.009963,1.427889,0.006428,1.301242,-0.003535,0.577254,2.478774,-1.000000,0,0,0.200000,0.200000,0.000000,0.000000,0.200000
37.656000,Descend,14.341897,0.034748,-2.478774,1.406857,-0.001550,0.772628,14.172336,0.016361,0.127544,14.141725,0.017694,0.065518,14.784275,0.020586,0.059896,1.427889,0.006428,-0.012493,-0.200172,-0.017054,-0.190708,-0.013464,0.200898,0.191183,-0.126850,-0.010040,1.427889,0.006428,1.301039,-0.003612,0.576953,2.478774,-1.000000,0,0,0.200000,0.200000,0.000000,0.000000,0.200000
37.672000,Descend,14.365314,0.034700,-2.466129,1.409015,-0.001672,0.764681,14.172336,0.016361,0.127544,14.141725,0.017694,0.065518,14.829967,0.020792,0.059497,1.427889,0.006428,-0.012493,-0.223590,-0.017007,-0.214493,-0.013103,0.224236,0.214893,-0.145912,-0.009751,1.427889,0.006428,1.281976,-0.003323,0.549292,2.466129,-1.000000,0,0,0.216000,0.216000,0.000000,0.000000,0.216000
37.688000,Descend,14.365314,0.034700,-2.466129,1.409015,-0.001672,0.764681,14.172336,0.016361,0.127544,14.141725,0.017694,0.065518,14.852814,0.020895,0.059297,1.427889,0.006428,-0.012493,-0.223590,-0.017007,-0.214190,-0.012973,0.224236,0.214583,-0.145705,-0.009647,1.427889,0.006428,1.282184,-0.003220,0.549653,2.466129,-1.000000,0,0,0.232000,0.232000,0.000000,0.000000,0.232000
37.692000,Descend,14.400587,0.034636,-2.447430,1.412089,-0.001864,0.749021,14.172336,0.016361,0.127544,14.141725,0.017694,0.065518,14.841391,0.020843,0.059397,1.427889,0.006428,-0.012493,-0.258862,-0.016942,-0.251121,-0.012879,0.259416,0.251451,-0.175259,-0.009572,1.427889,0.006428,1.252630,-0.003144,0.506641,2.447430,-1.000000,0,0,0.236000,0.236000,0.000000,0.000000,0.236000
37.712000,Descend,14.400587,0.034636,-2.447430,1.412089,-0.001864,0.749021,14.172336,0.016361,0.127544,14.141725,0.017694,0.065518,14.892795,0.021075,0.058947,1.427889,0.006428,-0.012493,-0.258862,-0.016942,-0.250551,-0.012581,0.259416,0.250867,-0.174854,-0.009333,1.427889,0.006428,1.253035,-0.002906,0.507322,2.447430,-1.000000,0,0,0.256000,0.256000,0.000000,0.000000,0.256000
37.720000,Descend,14.435903,0.034551,-2.429228,1.414770,-0.001939,0.726655,14.172336,0.016361,0.127544,14.141725,0.017694,0.065518,14.887082,0.021049,0.058997,1.427889,0.006428,-0.012493,-0.294178,-0.016857,-0.287331,-0.012490,0.294661,0.287602,-0.204300,-0.009261,1.427889,0.006428,1.223589,-0.002833,0.464464,2.429228,-1.000000,0,0,0.264000,0.264000,0.000000,0.000000,0.264000
37.732000,Descend,14.435903,0.034551,-2.429228,1.414770,-0.001939,0.726655,14.172336,0.016361,0.127544,14.141725,0.017694,0.065518,14.898505,0.021100,0.058897,1.427889,0.006428,-0.012493,-0.294178,-0.016857,-0.287226,-0.012423,0.294661,0.287494,-0.204239,-0.009207,1.427889,0.006428,1.223650,-0.002780,0.464590,2.429228,-1.000000,0,0,0.272000,0.272000,0.000000,0.004000,0.276000
37.744000,Descend,14.459580,0.034495,-2.417408,1.416216,-0.002037,0.709306,14.172336,0.016361,0.127544,14.141725,0.017694,0.065518,14.932775,0.021255,0.058597,1.427889,0.006428,-0.012493,-0.317856,-0.016801,-0.311388,-0.012111,0.318300,0.311623,-0.223619,-0.008958,1.427889,0.006428,1.204270,-0.002530,0.000000,2.417408,-1.000000,0,0,0.288000,0.288000,0.000000,0.000000,0.288000
37.756000,Descend,14.483293,0.034423,-2.405982,1.417525,-0.002122,0.689702,14.172336,0.016361,0.127544,14.141725,0.017694,0.065518,14.944199,0.021306,0.058497,1.427889,0.006428,-0.012493,-0.341568,-0.016729,-0.335743,-0.011924,0.341977,0.335955,-0.243143,-0.008808,1.427889,0.006428,1.184746,-0.002380,0.000000,2.405982,-1.000000,0,0,0.300000,0.300000,0.000000,0.000000,0.300000
37.768000,Descend,14.483293,0.034423,-2.405982,1.417525,-0.002122,0.689702,14.172336,0.016361,0.127544,14.141725,0.017694,0.065518,14.961332,0.021383,0.058347,1.427889,0.006428,-0.012493,-0.341568,-0.016729,-0.335620,-0.011821,0.341977,0.335828,-0.243085,-0.008726,1.427889,0.006428,1.184804,-0.002298,0.000000,2.405982,-1.000000,0,0,0.312000,0.312000,0.000000,0.000000,0.312000
37.788000,Descend,14.518789,0.034305,-2.389532,1.418700,-0.002313,0.657704,14.172336,0.016361,0.127544,14.141725,0.017694,0.065518,15.001314,0.021563,0.057997,1.427889,0.006428,-0.012493,-0.377065,-0.016611,-0.371532,-0.011349,0.377430,0.371706,-0.271889,-0.008348,1.427889,0.006428,1.156000,-0.001921,0.000000,2.389532,-1.000000,0,0,0.332000,0.332000,0.000000,0.000000,0.332000
37.788000,Descend,14.518789,0.034305,-2.389532,1.418700,-0.002313,0.657704,14.172336,0.016361,0.127544,14.141725,0.017694,0.065518,14.972755,0.021435,0.058247,1.427889,0.006428,-0.012493,-0.377065,-0.016611,-0.371717,-0.011524,0.377430,0.371896,-0.272041,-0.008488,1.427889,0.006428,1.155848,-0.002060,0.000000,2.389532,-1.000000,0,0,0.332000,0.332000,0.000000,0.000000,0.332000
37.808000,Descend,14.554277,0.034166,-2.374203,1.419293,-0.002476,0.593478,14.172336,0.016361,0.127544,14.141725,0.017694,0.065518,15.018448,0.021640,0.057848,1.427889,0.006428,-0.012493,-0.412553,-0.016473,-0.407275,-0.011006,0.412882,0.407424,-0.300552,-0.008073,1.427889,0.006428,1.127337,-0.001646,0.000000,2.374203,-1.000000,0,0,0.348000,0.348000,0.004000,0.000000,0.352000
37.820000,Descend,14.578020,0.034050,-2.365226,1.419260,-0.002568,0.527481,14.172336,0.016361,0.127544,14.141725,0.017694,0.065518,15.041294,0.021743,0.057648,1.427889,0.006428,-0.012493,-0.436296,-0.016356,-0.430860,-0.010689,0.436602,0.430992,-0.319489,-0.007820,1.427889,0.006428,1.108400,-0.001392,0.000000,2.365226,-1.000000,0,0,0.364000,0.364000,0.000000,0.000000,0.364000
37.820000,Descend,14.578020,0.034050,-2.365226,1.419260,-0.002568,0.527481,14.172336,0.016361,0.127544,14.141725,0.017694,0.065518,15.018448,0.021640,0.057848,1.427889,0.006428,-0.012493,-0.436296,-0.016356,-0.430998,-0.010833,0.436602,0.431134,-0.319604,-0.007935,1.427889,0.006428,1.108285,-0.001507,0.000000,2.365226,-1.000000,0,0,0.364000,0.364000,0.000000,0.000000,0.364000
37.844000,Descend,14.613595,0.033883,-2.353862,1.418195,-0.002646,0.428092,14.172336,0.016361,0.127544,14.141725,0.017694,0.065518,15.075564,0.021898,0.057348,1.427889,0.006428,-0.012493,-0.471870,-0.016189,-0.465530,-0.010255,0.472148,0.465643,-0.347323,-0.007473,1.427889,0.006428,1.080566,-0.001045,0.000000,2.353862,-1.000000,0,0,0.384000,0.384000,0.000000,0.004000,0.388000
37.852000,Descend,14.637331,0.033778,-2.347690,1.416797,-0.002676,0.366579,14.172336,0.016361,0.127544,14.141725,0.017694,0.065518,15.081276,0.021923,0.057298,1.427889,0.006428,-0.012493,-0.495606,-0.016085,-0.488308,-0.010094,0.495867,0.488412,-0.365603,-0.007344,1.427889,0.006428,1.062285,-0.000916,0.000000,2.347690,-1.000000,0,0,0.396000,0.396000,0.000000,0.000000,0.396000
37.856000,Descend,14.637331,0.033778,-2.347690,1.416797,-0.002676,0.366579,14.172336,0.016361,0.127544,14.141725,0.017694,0.065518,15.075564,0.021898,0.057348,1.427889,0.006428,-0.012493,-0.495606,-0.016085,-0.488352,-0.010131,0.495867,0.488457,-0.365658,-0.007373,1.427889,0.006428,1.062231,-0.000946,0.000000,2.347690,-1.000000,0,0,0.400000,0.400000,0.000000,0.000000,0.400000
37.876000,Descend,14.672918,0.033626,-2.340427,1.413550,-0.002743,0.285647,14.172336,0.016361,0.127544,14.141725,0.017694,0.065518,15.115545,0.022078,0.056998,1.427889,0.006428,-0.012493,-0.531194,-0.015932,-0.521415,-0.009678,0.531433,0.521505,-0.392192,-0.007011,1.427889,0.006428,1.035697,-0.000583,0.000000,2.340427,-1.000000,0,0,0.416000,0.416000,0.000000,0.004000,0.420000
37.888000,Descend,14.672918,0.033626,-2.340427,1.413550,-0.002743,0.285647,14.172336,0.016361,0.127544,14.141725,0.017694,0.065518,15.138391,0.022180,0.056798,1.427889,0.006428,-0.012493,-0.531194,-0.015932,-0.521185,-0.009531,0.531433,0.521272,-0.392091,-0.006893,1.427889,0.006428,1.035798,-0.000466,0.000000,2.340427,-1.000000,0,0,0.432000,0.432000,0.000000,0.000000,0.432000
37.904000,Descend,14.696568,0.033525,-2.336661,1.410779,-0.002720,0.239712,14.172336,0.016361,0.127544,14.141725,0.017694,0.065518,15.161238,0.022283,0.056598,1.427889,0.006428,-0.012493,-0.554844,-0.015831,-0.542626,-0.009300,0.555070,0.542706,-0.409331,-0.006709,1.427889,0.006428,1.018558,-0.000281,0.000000,2.336661,-1.000000,0,0,0.448000,0.448000,0.000000,0.000000,0.448000
37.920000,Descend,14.720252,0.033431,-2.333950,1.407604,-0.002608,0.199677,14.172336,0.016361,0.127544,14.141725,0.017694,0.065518,15.184084,0.022386,0.056398,1.427889,0.006428,-0.012493,-0.578527,-0.015737,-0.563719,-0.009141,0.578741,0.563793,-0.426295,-0.006581,1.427889,0.006428,1.001593,-0.000154,0.000000,2.333950,-1.000000,0,0,0.464000,0.464000,0.000000,0.000000,0.464000
37.920000,Descend,14.720252,0.033431,-2.333950,1.407604,-0.002608,0.199677,14.172336,0.016361,0.127544,14.141725,0.017694,0.065518,15.161238,0.022283,0.056598,1.427889,0.006428,-0.012493,-0.578527,-0.015737,-0.564044,-0.009285,0.578741,0.564120,-0.426561,-0.006697,1.427889,0.006428,1.001328,-0.000269,0.000000,2.333950,-1.000000,0,0,0.464000,0.464000,0.000000,0.000000,0.464000
37.944000,Descend,14.755614,0.033282,-2.331132,1.401785,-0.002555,0.149380,14.172336,0.016361,0.127544,14.141725,0.017694,0.065518,15.212641,0.022515,0.056149,1.427889,0.006428,-0.012493,-0.613890,-0.015588,-0.594313,-0.008851,0.614088,0.594379,-0.450895,-0.006350,1.427889,0.006428,0.976994,0.000078,0.000000,2.331132,-1.000000,0,0,0.484000,0.484000,0.000000,0.000000,0.484000
37.952000,Descend,14.779105,0.033170,-2.330107,1.397248,-0.002524,0.121266,14.172336,0.016361,0.127544,14.141725,0.017694,0.065518,15.212641,0.022515,0.056149,1.427889,0.006428,-0.012493,-0.637381,-0.015476,-0.614401,-0.008762,0.637568,0.614463,-0.467039,-0.006279,1.427889,0.006428,0.960850,0.000149,0.000000,2.330107,-1.000000,0,0,0.496000,0.496000,0.000000,0.000000,0.496000
37.964000,Descend,14.779105,0.033170,-2.330107,1.397248,-0.002524,0.121266,14.172336,0.016361,0.127544,14.141725,0.017694,0.065518,15.212641,0.022515,0.056149,1.427889,0.006428,-0.012493,-0.637381,-0.015476,-0.614401,-0.008762,0.637568,0.614463,-0.467088,-0.006279,1.427889,0.006428,0.960800,0.000149,0.000000,2.330107,-1.000000,0,0,0.504000,0.504000,0.000000,0.000000,0.504000
37.980000,Descend,14.819664,0.032987,-2.329077,1.388111,-0.002504,0.081402,14.172336,0.016361,0.127544,14.141725,0.017694,0.065518,15.212641,0.022515,0.056149,1.427889,0.006428,-0.012493,-0.677939,-0.015294,-0.648107,-0.008595,0.678112,0.648164,-0.494183,-0.006145,1.427889,0.006428,0.933706,0.000283,0.000000,2.329077,-1.000000,0,0,0.524000,0.524000,0.000000,0.000000,0.524000
37.984000,Descend,14.819664,0.032987,-2.329077,1.388111,-0.002504,0.081402,14.172336,0.016361,0.127544,14.141725,0.017694,0.065518,15.212641,0.022515,0.056149,1.427889,0.006428,-0.012493,-0.677939,-0.015294,-0.648107,-0.008595,0.678112,0.648164,-0.494209,-0.006145,1.427889,0.006428,0.933680,0.000283,0.000000,2.329077,-1.000000,0,0,0.528000,0.528000,0.000000,0.000000,0.528000
38.000000,Descend,14.842863,0.032866,-2.329277,1.382499,-0.002503,0.063255,14.172336,0.016361,0.127544,14.141725,0.017694,0.065518,15.212641,0.022515,0.056149,1.427889,0.006428,-0.012493,-0.701138,-0.015172,-0.667097,-0.008474,0.701303,0.667151,-0.509508,-0.006048,1.427889,0.006428,0.918381,0.000380,0.000000,2.329277,-1.000000,0,0,0.544000,0.544000,0.000000,0.000000,0.544000
38.020000,Descend,14.877454,0.032666,-2.330225,1.373186,-0.002501,0.041715,14.172336,0.016361,0.127544,14.141725,0.017694,0.065518,15.212641,0.022515,0.056149,1.427889,0.006428,-0.012493,-0.735729,-0.014973,-0.694702,-0.008276,0.735882,0.694751,-0.531731,-0.005890,1.427889,0.006428,0.896158,0.000538,0.000000,2.330225,-1.000000,0,0,0.564000,0.564000,0.000000,0.000000,0.564000
38.020000,Descend,14.877454,0.032666,-2.330225,1.373186,-0.002501,0.041715,14.172336,0.016361,0.127544,14.141725,0.017694,0.065518,15.212641,0.022515,0.056149,1.427889,0.006428,-0.012493,-0.735729,-0.014973,-0.694702,-0.008276,0.735882,0.694751,-0.531738,-0.005890,1.427889,0.006428,0.896151,0.000538,0.000000,2.330225,-1.000000,0,0,0.564000,0.564000,0.000000,0.000000,0.564000
38.040000,Descend,14.900342,0.032530,-2.331119,1.366449,-0.002478,0.030665,14.172336,0.016361,0.127544,14.141725,0.017694,0.065518,15.212641,0.022515,0.056149,1.427889,0.006428,-0.012493,-0.758617,-0.014836,-0.712539,-0.008157,0.758762,0.712585,-0.546121,-0.005794,1.427889,0.006428,0.881768,0.000633,0.000000,2.331119,-1.000000,0,0,0.580000,0.580000,0.000000,0.004000,0.584000
38.052000,Descend,14.934437,0.032271,-2.332942,1.355687,-0.002499,0.017567,14.172336,0.016361,0.127544,14.141725,0.017694,0.065518,15.212641,0.022515,0.056149,1.427889,0.006428,-0.012493,-0.792712,-0.014578,-0.738562,-0.007883,0.792846,0.738604,-0.567057,-0.005575,1.427889,0.006428,0.860831,0.000853,0.000000,2.332942,-1.000000,0,0,0.596000,0.596000,0.000000,0.000000,0.596000
38.064000,Descend,14.934437,0.032271,-2.332942,1.355687,-0.002499,0.017567,14.172336,0.016361,0.127544,14.141725,0.017694,0.065518,15.212641,0.022515,0.056149,1.427889,0.006428,-0.012493,-0.792712,-0.014578,-0.738562,-0.007883,0.792846,0.738604,-0.567146,-0.005575,1.427889,0.006428,0.860743,0.000853,0.000000,2.332942,-1.000000,0,0,0.608000,0.608000,0.000000,0.000000,0.608000
38.080000,Descend,14.956965,0.032098,-2.334302,1.347971,-0.002495,0.010577,14.172336,0.016361,0.127544,14.141725,0.017694,0.065518,15.212641,0.022515,0.056149,1.427889,0.006428,-0.012493,-0.815241,-0.014404,-0.755303,-0.007712,0.815368,0.755343,-0.580660,-0.005439,1.427889,0.006428,0.847229,0.000989,0.000000,2.334302,-1.000000,0,0,0.624000,0.624000,0.000000,0.000000,0.624000
38.084000,Descend,14.956965,0.032098,-2.334302,1.347971,-0.002495,0.010577,14.172336,0.016361,0.127544,14.141725,0.017694,0.065518,15.212641,0.022515,0.056149,1.427889,0.006428,-0.012493,-0.815241,-0.014404,-0.755303,-0.007712,0.815368,0.755343,-0.580691,-0.005439,1.427889,0.006428,0.847198,0.000989,0.000000,2.334302,-1.000000,0,0,0.628000,0.628000,0.000000,0.000000,0.628000
38.100000,Descend,14.990447,0.031836,-2.336509,1.335800,-0.002542,0.002324,14.172336,0.016361,0.127544,14.141725,0.017694,0.065518,15.212641,0.022515,0.056149,1.427889,0.006428,-0.012493,-0.848722,-0.014142,-0.779656,-0.007415,0.848840,0.779692,-0.600298,-0.005201,1.427889,0.006428,0.827591,0.001227,0.000000,2.336509,-1.000000,0,0,0.644000,0.644000,0.000000,0.000000,0.644000
38.116000,Descend,15.012567,0.031629,-2.338097,1.327259,-0.002573,-0.002249,14.172336,0.016361,0.127544,14.141725,0.017694,0.065518,15.212641,0.022515,0.056149,1.427889,0.006428,-0.012493,-0.870842,-0.013935,-0.795370,-0.007184,0.870953,0.795403,-0.612996,-0.005016,1.427889,0.006428,0.814893,0.001412,0.000000,2.338097,-1.000000,0,0,0.660000,0.660000,0.000000,0.000000,0.660000
38.116000,Descend,15.012567,0.031629,-2.338097,1.327259,-0.002573,-0.002249,14.172336,0.016361,0.127544,14.141725,0.017694,0.065518,15.212641,0.022515,0.056149,1.427889,0.006428,-0.012493,-0.870842,-0.013935,-0.795370,-0.007184,0.870953,0.795403,-0.613004,-0.005016,1.427889,0.006428,0.814885,0.001412,0.000000,2.338097,-1.000000,0,0,0.660000,0.660000,0.000000,0.000000,0.660000
38.132000,Descend,15.045525,0.031299,-2.340644,1.313829,-0.002565,-0.007715,14.172336,0.016361,0.127544,14.141725,0.017694,0.065518,15.212641,0.022515,0.056149,1.427889,0.006428,-0.012493,-0.903800,-0.013605,-0.818256,-0.006861,0.903902,0.818285,-0.631444,-0.004757,1.427889,0.006428,0.796445,0.001670,0.000000,2.340644,-1.000000,0,0,0.676000,0.676000,0.000000,0.000000,0.676000
38.148000,Descend,15.045525,0.031299,-2.340644,1.313829,-0.002565,-0.007715,14.172336,0.016361,0.127544,14.141725,0.017694,0.065518,15.212641,0.022515,0.056149,1.427889,0.006428,-0.012493,-0.903800,-0.013605,-0.818256,-0.006861,0.903902,0.818285,-0.631575,-0.004757,1.427889,0.006428,0.796314,0.001670,0.000000,2.340644,-1.000000,0,0,0.692000,0.692000,0.000000,0.000000,0.692000
38.152000,Descend,15.078003,0.030947,-2.343168,1.299642,-0.002675,-0.011749,15.206430,0.019947,0.070143,15.195654,0.020967,0.059665,15.585651,0.022059,0.056943,1.535425,0.004300,-0.010714,0.117651,-0.009980,0.177540,-0.008208,0.118074,0.177729,0.165069,-0.005836,1.535425,0.004300,0.830314,-0.001536,0.592649,2.343168,-1.000000,0,0,0.000000,0.000000,0.000000,0.000000,0.000000
38.172000,Descend,15.099367,0.030690,-2.344811,1.289752,-0.002702,-0.013858,15.206430,0.019947,0.070143,15.195654,0.020967,0.059665,15.640927,0.022214,0.056558,1.535425,0.004300,-0.010714,0.096287,-0.009723,0.167532,-0.007693,0.096776,0.167708,0.157097,-0.005423,1.535425,0.004300,1.000314,-0.001123,0.604340,2.344811,-1.000000,0,0,0.020000,0.020000,0.000000,0.000000,0.020000
38.184000,Descend,15.099367,0.030690,-2.344811,1.289752,-0.002702,-0.013858,15.206430,0.019947,0.070143,15.195654,0.020967,0.059665,15.647069,0.022231,0.056515,1.535425,0.004300,-0.010714,0.096287,-0.009723,0.168515,-0.007665,0.096776,0.168689,0.157903,-0.005400,1.535425,0.004300,1.102314,-0.001101,0.603196,2.344811,-1.000000,0,0,0.032000,0.032000,0.000000,0.000000,0.032000
38.184000,Descend,15.099367,0.030690,-2.344811,1.289752,-0.002702,-0.013858,15.206430,0.019947,0.070143,15.195654,0.020967,0.059665,15.628644,0.022179,0.056643,1.535425,0.004300,-0.010714,0.096287,-0.009723,0.165566,-0.007749,0.096776,0.165748,0.155546,-0.005468,1.535425,0.004300,1.110814,-0.001168,0.606628,2.344811,-1.000000,0,0,0.032000,0.032000,0.000000,0.000000,0.032000
38.212000,Descend,15.120523,0.030438,-2.346359,1.280134,-0.002862,-0.006128,15.206430,0.019947,0.070143,15.195654,0.020967,0.059665,15.714627,0.022420,0.056043,1.535425,0.004300,-0.010714,0.075130,-0.009471,0.161419,-0.007050,0.075725,0.161573,0.152273,-0.004909,1.535425,0.004300,1.348814,-0.000609,0.611498,2.346359,-1.000000,0,0,0.060000,0.060000,0.000000,0.000000,0.060000
38.216000,Descend,15.151866,0.030016,-2.347867,1.267540,-0.002971,0.045790,15.279463,0.020139,0.069689,15.294551,0.020959,0.060315,15.684324,0.021942,0.057807,1.534539,0.003872,-0.009874,0.142685,-0.009057,0.210503,-0.007319,0.142972,0.210630,0.191549,-0.005124,1.534539,0.003872,1.382814,-0.001252,0.554265,2.347867,-1.000000,0,0,0.000000,0.000000,0.000000,0.000000,0.000000
38.228000,Descend,15.151866,0.030016,-2.347867,1.267540,-0.002971,0.045790,15.279463,0.020139,0.069689,15.294551,0.020959,0.060315,15.715014,0.022020,0.057610,1.534539,0.003872,-0.009874,0.142685,-0.009057,0.215842,-0.007182,0.142972,0.215962,0.195846,-0.005015,1.534539,0.003872,1.484814,-0.001142,0.548045,2.347867,-1.000000,0,0,0.012000,0.012000,0.000000,0.000000,0.012000
38.244000,Descend,15.182793,0.029578,-2.347701,1.255857,-0.003202,0.117459,15.279463,0.020139,0.069689,15.294551,0.020959,0.060315,15.745706,0.022097,0.057412,1.534539,0.003872,-0.009874,0.111758,-0.008619,0.193691,-0.006539,0.112090,0.193802,0.178156,-0.004500,1.534539,0.003872,1.620814,-0.000628,0.573898,2.347701,-1.000000,0,0,0.028000,0.028000,0.000000,0.000000,0.028000
38.248000,Descend,15.182793,0.029578,-2.347701,1.255857,-0.003202,0.117459,15.279463,0.020139,0.069689,15.294551,0.020959,0.060315,15.733429,0.022066,0.057491,1.534539,0.003872,-0.009874,0.111758,-0.008619,0.191462,-0.006596,0.112090,0.191575,0.176380,-0.004545,1.534539,0.003872,1.654814,-0.000673,0.576496,2.347701,-1.000000,0,0,0.032000,0.032000,0.000000,0.000000,0.032000
38.268000,Descend,15.213348,0.029120,-2.345609,1.244172,-0.003414,0.189188,15.279463,0.020139,0.069689,15.294551,0.020959,0.060315,15.788672,0.022206,0.057136,1.534539,0.003872,-0.009874,0.081203,-0.008161,0.174701,-0.005815,0.081612,0.174797,0.163007,-0.003921,1.534539,0.003872,1.697546,-0.000048,0.596070,2.345609,-1.000000,0,0,0.052000,0.052000,0.000000,0.000000,0.052000
38.284000,Descend,15.233504,0.028811,-2.343195,1.236284,-0.003597,0.231740,15.279463,0.020139,0.069689,15.294551,0.020959,0.060315,15.807087,0.022252,0.057017,1.534539,0.003872,-0.009874,0.061047,-0.007852,0.160664,-0.005357,0.061550,0.160753,0.151803,-0.003555,1.534539,0.003872,1.686342,0.000318,0.612455,2.343195,-1.000000,0,0,0.068000,0.068000,0.000000,0.000000,0.068000
38.284000,Descend,15.233504,0.028811,-2.343195,1.236284,-0.003597,0.231740,15.279463,0.020139,0.069689,15.294551,0.020959,0.060315,15.782535,0.022190,0.057175,1.534539,0.003872,-0.009874,0.061047,-0.007852,0.155892,-0.005477,0.061550,0.155989,0.147987,-0.003650,1.534539,0.003872,1.682526,0.000222,0.618013,2.343195,-1.000000,0,0,0.068000,0.068000,0.000000,0.000000,0.068000
38.304000,Descend,15.253500,0.028479,-2.339983,1.228435,-0.003800,0.271435,15.279463,0.020139,0.069689,15.294551,0.020959,0.060315,15.843916,0.022345,0.056780,1.534539,0.003872,-0.009874,0.041051,-0.007520,0.150636,-0.004774,0.041734,0.150711,0.143812,-0.003088,1.534539,0.003872,1.678351,0.000785,0.624170,2.339983,-1.000000,0,0,0.088000,0.088000,0.000000,0.000000,0.088000
38.316000,Descend,15.273342,0.028125,-2.336021,1.221033,-0.004016,0.309265,15.279463,0.020139,0.069689,15.294551,0.020959,0.060315,15.850054,0.022361,0.056741,1.534539,0.003872,-0.009874,0.021209,-0.007166,0.134698,-0.004311,0.022387,0.134767,0.131078,-0.002717,1.534539,0.003872,1.665617,0.001155,0.642772,2.336021,-1.000000,0,0,0.100000,0.100000,0.000000,0.000000,0.100000
38.324000,Descend,15.273342,0.028125,-2.336021,1.221033,-0.004016,0.309265,15.279463,0.020139,0.069689,15.294551,0.020959,0.060315,15.856193,0.022376,0.056701,1.534539,0.003872,-0.009874,0.021209,-0.007166,0.135952,-0.004279,0.022387,0.136019,0.132092,-0.002692,1.534539,0.003872,1.666631,0.001180,0.641311,2.336021,-1.000000,0,0,0.108000,0.108000,0.000000,0.000000,0.108000
38.340000,Descend,15.302827,0.027540,-2.328647,1.211006,-0.004520,0.362586,15.279463,0.020139,0.069689,15.294551,0.020959,0.060315,15.893021,0.022469,0.056464,1.534539,0.003872,-0.009874,-0.008276,-0.006581,0.117901,-0.003308,0.010574,0.117947,0.117670,-0.001915,1.534539,0.003872,1.652209,0.001957,0.662395,2.328647,-1.000000,0,0,0.124000,0.124000,0.000000,0.000000,0.124000
38.348000,Descend,15.302827,0.027540,-2.328647,1.211006,-0.004520,0.362586,15.399278,0.019218,0.078745,15.461696,0.020734,0.058070,15.839979,0.021395,0.055369,1.466214,0.002564,-0.010469,0.158869,-0.006806,0.224712,-0.004979,0.159015,0.224768,0.203137,-0.003252,1.466214,0.002564,1.669351,-0.000688,0.537771,2.328647,-1.000000,0,0,0.000000,0.000000,0.000000,0.000000,0.000000
38.352000,Descend,15.332022,0.026943,-2.319871,1.202724,-0.004856,0.411012,15.399278,0.019218,0.078745,15.461696,0.020734,0.058070,15.839979,0.021395,0.055369,1.466214,0.002564,-0.010469,0.129674,-0.006210,0.197655,-0.004295,0.129823,0.197701,0.181499,-0.002705,1.466214,0.002564,1.647713,-0.000141,0.569348,2.319871,-1.000000,0,0,0.004000,0.004000,0.000000,0.000000,0.004000
38.372000,Descend,15.332022,0.026943,-2.319871,1.202724,-0.004856,0.411012,15.399278,0.019218,0.078745,15.461696,0.020734,0.058070,15.892762,0.021488,0.054992,1.466214,0.002564,-0.010469,0.129674,-0.006210,0.207140,-0.004028,0.129823,0.207179,0.189129,-0.002491,1.466214,0.002564,1.655342,0.000072,0.558291,2.319871,-1.000000,0,0,0.024000,0.024000,0.000000,0.000000,0.024000
38.380000,Descend,15.351309,0.026503,-2.313073,1.198240,-0.005081,0.440836,15.438291,0.016534,0.084770,15.490631,0.019435,0.057441,15.860086,0.019347,0.054691,1.431998,-0.000342,-0.010656,0.139322,-0.007069,0.199632,-0.005846,0.139501,0.199717,0.183138,-0.003946,1.431998,-0.000342,1.615136,-0.004287,0.566997,2.313073,-1.000000,0,0,0.000000,0.000000,0.000000,0.000000,0.000000
38.392000,Descend,15.351309,0.026503,-2.313073,1.198240,-0.005081,0.440836,15.438291,0.016534,0.084770,15.490631,0.019435,0.057441,15.882998,0.019341,0.054521,1.431998,-0.000342,-0.010656,0.139322,-0.007069,0.203372,-0.005770,0.139501,0.203454,0.186155,-0.003885,1.431998,-0.000342,1.618152,-0.004227,0.562637,2.313073,-1.000000,0,0,0.012000,0.012000,0.000000,0.000000,0.012000
38.412000,Descend,15.370522,0.026067,-2.305853,1.194754,-0.005429,0.462564,15.438291,0.016534,0.084770,15.490631,0.019435,0.057441,15.923095,0.019332,0.054223,1.431998,-0.000342,-0.010656,0.120110,-0.006632,0.191757,-0.005096,0.120293,0.191825,0.176901,-0.003346,1.431998,-0.000342,1.608899,-0.003687,0.576204,2.305853,-1.000000,0,0,0.032000,0.032000,0.000000,0.000000,0.032000
38.416000,Descend,15.399177,0.025357,-2.294046,1.191490,-0.005928,0.487991,15.484535,0.016358,0.089514,15.530476,0.018731,0.056850,15.888315,0.018348,0.054109,1.408818,-0.001507,-0.010788,0.131299,-0.006626,0.186501,-0.005503,0.131466,0.186582,0.172703,-0.003671,1.408818,-0.001507,1.581521,-0.005179,0.582321,2.294046,-1.000000,0,0,0.000000,0.000000,0.000000,0.000000,0.000000
38.432000,Descend,15.427746,0.024618,-2.281473,1.190833,-0.006397,0.508592,15.484535,0.016358,0.089514,15.530476,0.018731,0.056850,15.927762,0.018306,0.053807,1.408818,-0.001507,-0.010788,0.102730,-0.005887,0.164201,-0.004508,0.102898,0.164263,0.154890,-0.002875,1.408818,-0.001507,1.563708,-0.004383,0.608360,2.281473,-1.000000,0,0,0.016000,0.016000,0.000000,0.000000,0.016000
38.448000,Descend,15.427746,0.024618,-2.281473,1.190833,-0.006397,0.508592,15.484535,0.016358,0.089514,15.530476,0.018731,0.056850,15.950303,0.018282,0.053635,1.408818,-0.001507,-0.010788,0.102730,-0.005887,0.167689,-0.004430,0.102898,0.167748,0.157707,-0.002813,1.408818,-0.001507,1.566525,-0.004320,0.604294,2.281473,-1.000000,0,0,0.032000,0.032000,0.000000,0.000000,0.032000
38.448000,Descend,15.427746,0.024618,-2.281473,1.190833,-0.006397,0.508592,15.537438,0.015362,0.094569,15.570489,0.017973,0.056805,15.920597,0.017251,0.054156,1.400431,-0.002886,-0.010596,0.142743,-0.006645,0.195143,-0.005767,0.142898,0.195228,0.179672,-0.003883,1.400431,-0.002886,1.575025,-0.006769,0.572234,2.281473,-1.000000,0,0,0.000000,0.000000,0.000000,0.000000,0.000000
38.468000,Descend,15.446780,0.024118,-2.272773,1.191657,-0.006608,0.521066,15.537438,0.015362,0.094569,15.570489,0.017973,0.056805,15.976614,0.017136,0.053733,1.400431,-0.002886,-0.010596,0.123709,-0.006145,0.184254,-0.005066,0.123861,0.184323,0.170998,-0.003322,1.400431,-0.002886,1.571429,-0.006208,0.584956,2.272773,-1.000000,0,0,0.020000,0.020000,0.000000,0.000000,0.020000
38.480000,Descend,15.475358,0.023339,-2.259087,1.194816,-0.006980,0.539940,15.537438,0.015362,0.094569,15.570489,0.017973,0.056805,15.982216,0.017124,0.053690,1.400431,-0.002886,-0.010596,0.095131,-0.005366,0.155582,-0.004162,0.095282,0.155638,0.148079,-0.002599,1.400431,-0.002886,1.548510,-0.005485,0.618422,2.259087,-1.000000,0,0,0.032000,0.032000,0.000000,0.000000,0.032000
38.492000,Descend,15.494465,0.022824,-2.249680,1.198093,-0.007252,0.550576,15.537438,0.015362,0.094569,15.570489,0.017973,0.056805,15.999021,0.017090,0.053563,1.400431,-0.002886,-0.010596,0.076024,-0.004851,0.137939,-0.003515,0.076179,0.137984,0.133981,-0.002081,1.400431,-0.002886,1.534413,-0.004967,0.639018,2.249680,-1.000000,0,0,0.044000,0.044000,0.000000,0.000000,0.044000
38.512000,Descend,15.494465,0.022824,-2.249680,1.198093,-0.007252,0.550576,15.537438,0.015362,0.094569,15.570489,0.017973,0.056805,16.038233,0.017009,0.053266,1.400431,-0.002886,-0.010596,0.076024,-0.004851,0.143605,-0.003393,0.076179,0.143645,0.138543,-0.001983,1.400431,-0.002886,1.538974,-0.004869,0.632414,2.249680,-1.000000,0,0,0.064000,0.064000,0.000000,0.000000,0.064000
38.512000,Descend,15.513636,0.022310,-2.240069,1.202133,-0.007494,0.560159,15.537438,0.015362,0.094569,15.570489,0.017973,0.056805,16.010223,0.017067,0.053478,1.400431,-0.002886,-0.010596,0.056853,-0.004337,0.119118,-0.002890,0.057018,0.119153,0.118954,-0.001581,1.400431,-0.002886,1.530474,-0.004467,0.660988,2.240069,-1.000000,0,0,0.064000,0.064000,0.000000,0.000000,0.064000
38.532000,Descend,15.513636,0.022310,-2.240069,1.202133,-0.007494,0.560159,15.537438,0.015362,0.094569,15.570489,0.017973,0.056805,16.066242,0.016951,0.053054,1.400431,-0.002886,-0.010596,0.056853,-0.004337,0.127051,-0.002706,0.057018,0.127080,0.125326,-0.001433,1.400431,-0.002886,1.525757,-0.004320,0.651740,2.240069,-1.000000,0,0,0.084000,0.084000,0.000000,0.000000,0.084000
38.548000,Descend,15.542584,0.021523,-2.225321,1.209353,-0.007842,0.576084,15.537438,0.015362,0.094569,15.570489,0.017973,0.056805,16.083046,0.016917,0.052927,1.400431,-0.002886,-0.010596,0.027905,-0.003550,0.097838,-0.001736,0.028129,0.097854,0.101972,-0.000658,1.400431,-0.002886,1.502403,-0.003544,0.685837,2.225321,-1.000000,0,0,0.100000,0.100000,0.000000,0.000000,0.100000
38.548000,Descend,15.542584,0.021523,-2.225321,1.209353,-0.007842,0.576084,15.537438,0.015362,0.094569,15.570489,0.017973,0.056805,16.060640,0.016963,0.053097,1.400431,-0.002886,-0.010596,0.027905,-0.003550,0.094783,-0.001815,0.028129,0.094800,0.099528,-0.000721,1.400431,-0.002886,1.499959,-0.003607,0.689400,2.225321,-1.000000,0,0,0.100000,0.100000,0.000000,0.000000,0.100000
38.572000,Descend,15.571795,0.020742,-2.210150,1.217812,-0.008113,0.593697,15.537438,0.015362,0.094569,15.570489,0.017973,0.056805,16.127861,0.016824,0.052588,1.400431,-0.002886,-0.010596,-0.001306,-0.002770,0.071377,-0.000689,0.003062,0.071380,0.080820,0.000180,1.400431,-0.002886,1.481251,-0.002706,0.716723,2.210150,-1.000000,0,0,0.124000,0.124000,0.000000,0.000000,0.124000
38.580000,Descend,15.581613,0.020487,-2.204988,1.220853,-0.008249,0.599915,15.780373,0.013880,0.104746,15.766762,0.016677,0.056394,16.134371,0.015486,0.053826,1.424844,-0.004619,-0.009954,0.185149,-0.003810,0.237779,-0.002873,0.185188,0.237796,0.213961,-0.001567,1.424844,-0.004619,1.549251,-0.006186,0.522571,2.204988,-1.000000,0,0,0.000000,0.000000,0.000000,0.000000,0.000000
38.580000,Descend,15.581613,0.020487,-2.204988,1.220853,-0.008249,0.599915,15.780373,0.013880,0.104746,15.766762,0.016677,0.056394,16.122972,0.015523,0.053905,1.424844,-0.004619,-0.009954,0.185149,-0.003810,0.236147,-0.002902,0.185188,0.236165,0.212658,-0.001591,1.424844,-0.004619,1.557751,-0.006210,0.524474,2.204988,-1.000000,0,0,0.000000,0.000000,0.000000,0.000000,0.000000
38.596000,Descend,15.611259,0.019737,-2.189248,1.230687,-0.008654,0.618633,15.780373,0.013880,0.104746,15.766762,0.016677,0.056394,16.168568,0.015375,0.053587,1.424844,-0.004619,-0.009954,0.155502,-0.003059,0.210255,-0.001922,0.155532,0.210263,0.191978,-0.000806,1.424844,-0.004619,1.616822,-0.005425,0.554693,2.189248,-1.000000,0,0,0.016000,0.016000,0.000000,0.000000,0.016000
38.612000,Descend,15.631219,0.019253,-2.178483,1.237535,-0.008888,0.631978,15.780373,0.013880,0.104746,15.766762,0.016677,0.056394,16.191366,0.015301,0.053428,1.424844,-0.004619,-0.009954,0.135543,-0.002576,0.191362,-0.001304,0.135567,0.191367,0.176895,-0.000312,1.424844,-0.004619,1.601738,-0.004931,0.576739,2.178483,-1.000000,0,0,0.032000,0.032000,0.000000,0.000000,0.032000
38.612000,Descend,15.631219,0.019253,-2.178483,1.237535,-0.008888,0.631978,15.780373,0.013880,0.104746,15.766762,0.016677,0.056394,16.168568,0.015375,0.053587,1.424844,-0.004619,-0.009954,0.135543,-0.002576,0.188364,-0.001372,0.135567,0.188369,0.174498,-0.000366,1.424844,-0.004619,1.599342,-0.004985,0.580236,2.178483,-1.000000,0,0,0.032000,0.032000,0.000000,0.000000,0.032000
38.636000,Descend,15.651265,0.018778,-2.167584,1.245023,-0.009171,0.636754,15.780373,0.013880,0.104746,15.766762,0.016677,0.056394,16.236959,0.015153,0.053109,1.424844,-0.004619,-0.009954,0.115497,-0.002101,0.174837,-0.000599,0.115516,0.174838,0.163718,0.000252,1.424844,-0.004619,1.588562,-0.004367,0.596022,2.167584,-1.000000,0,0,0.056000,0.056000,0.000000,0.000000,0.056000
38.644000,Descend,15.651265,0.018778,-2.167584,1.245023,-0.009171,0.636754,15.780373,0.013880,0.104746,15.766762,0.016677,0.056394,16.225561,0.015190,0.053189,1.424844,-0.004619,-0.009954,0.115497,-0.002101,0.173399,-0.000635,0.115516,0.173400,0.162581,0.000223,1.424844,-0.004619,1.587425,-0.004396,0.597700,2.167584,-1.000000,0,0,0.064000,0.064000,0.000000,0.000000,0.064000
38.656000,Descend,15.681752,0.018120,-2.151224,1.257383,-0.009424,0.633240,15.896144,0.012727,0.096044,15.871651,0.015503,0.055635,16.269651,0.013779,0.052885,1.452560,-0.006291,-0.010034,0.189898,-0.002617,0.243376,-0.001758,0.189917,0.243382,0.218592,-0.000676,1.452560,-0.006291,1.671152,-0.006967,0.516054,2.151224,-1.000000,0,0,0.012000,0.012000,0.000000,0.000000,0.012000
38.676000,Descend,15.712622,0.017503,-2.134942,1.270203,-0.009557,0.630186,15.896144,0.012727,0.096044,15.871651,0.015503,0.055635,16.310324,0.013603,0.052604,1.452560,-0.006291,-0.010034,0.159029,-0.002000,0.214100,-0.001014,0.159042,0.214102,0.195214,-0.000080,1.452560,-0.006291,1.647774,-0.006371,0.550214,2.134942,-1.000000,0,0,0.032000,0.032000,0.000000,0.000000,0.032000
38.680000,Descend,15.712622,0.017503,-2.134942,1.270203,-0.009557,0.630186,15.896144,0.012727,0.096044,15.871651,0.015503,0.055635,16.292892,0.013679,0.052725,1.452560,-0.006291,-0.010034,0.159029,-0.002000,0.211912,-0.001053,0.159042,0.211915,0.193473,-0.000111,1.452560,-0.006291,1.646032,-0.006403,0.552766,2.134942,-1.000000,0,0,0.036000,0.036000,0.000000,0.000000,0.036000
38.696000,Descend,15.733377,0.017113,-2.124133,1.278758,-0.009624,0.628482,15.896144,0.012727,0.096044,15.871651,0.015503,0.055635,16.333565,0.013503,0.052444,1.452560,-0.006291,-0.010034,0.138273,-0.001610,0.193542,-0.000550,0.138283,0.193543,0.178808,0.000291,1.452560,-0.006291,1.631368,-0.006000,0.574200,2.124133,-1.000000,0,0,0.052000,0.052000,0.000000,0.000000,0.052000
38.712000,Descend,15.754377,0.016746,-2.113345,1.287698,-0.009596,0.622595,15.896144,0.012727,0.096044,15.871651,0.015503,0.055635,16.356806,0.013402,0.052283,1.452560,-0.006291,-0.010034,0.117273,-0.001243,0.172337,-0.000139,0.117280,0.172337,0.161871,0.000620,1.452560,-0.006291,1.614430,-0.005672,0.598941,2.113345,-1.000000,0,0,0.068000,0.068000,0.000000,0.000000,0.068000
38.712000,Descend,15.754377,0.016746,-2.113345,1.287698,-0.009596,0.622595,15.995003,0.011440,0.100223,15.979760,0.014207,0.055226,16.347397,0.012225,0.052762,1.470549,-0.007927,-0.009855,0.225383,-0.002540,0.271095,-0.002122,0.225397,0.271104,0.240880,-0.000967,1.470549,-0.007927,1.622930,-0.008893,0.483712,2.113345,-1.000000,0,0,0.000000,0.000000,0.000000,0.000000,0.000000
38.728000,Descend,15.754377,0.016746,-2.113345,1.287698,-0.009596,0.622595,15.995003,0.011440,0.100223,15.979760,0.014207,0.055226,16.394455,0.011971,0.052447,1.470549,-0.007927,-0.009855,0.225383,-0.002540,0.276947,-0.002069,0.225397,0.276955,0.245606,-0.000924,1.470549,-0.007927,1.716155,-0.008851,0.476886,2.113345,-1.000000,0,0,0.016000,0.016000,0.000000,0.000000,0.016000
38.744000,Descend,15.786151,0.016228,-2.097394,1.301291,-0.009577,0.614007,16.035336,0.012522,0.097365,16.031284,0.013716,0.055195,16.424749,0.011520,0.052622,1.479192,-0.008256,-0.009670,0.245133,-0.002512,0.292456,-0.002161,0.245146,0.292464,0.258060,-0.000998,1.479192,-0.008256,1.737252,-0.009254,0.458792,2.097394,-1.000000,0,0,0.000000,0.000000,0.000000,0.000000,0.000000
38.756000,Descend,15.807551,0.015923,-2.086869,1.310159,-0.009509,0.610627,16.035336,0.012522,0.097365,16.031284,0.013716,0.055195,16.424749,0.011520,0.052622,1.479192,-0.008256,-0.009670,0.223733,-0.002207,0.268696,-0.001874,0.223744,0.268702,0.239073,-0.000768,1.479192,-0.008256,1.718266,-0.009024,0.486514,2.086869,-1.000000,0,0,0.008000,0.008000,0.000000,0.004000,0.012000
38.776000,Descend,15.840037,0.015544,-2.071273,1.324151,-0.009398,0.600271,16.035336,0.012522,0.097365,16.031284,0.013716,0.055195,16.483917,0.011190,0.052236,1.479192,-0.008256,-0.009670,0.191247,-0.001828,0.238689,-0.001478,0.191256,0.238694,0.215125,-0.000451,1.479192,-0.008256,1.694318,-0.008707,0.521524,2.071273,-1.000000,0,0,0.032000,0.032000,0.000000,0.000000,0.032000
38.776000,Descend,15.840037,0.015544,-2.071273,1.324151,-0.009398,0.600271,16.094503,0.010190,0.103819,16.083853,0.012747,0.055923,16.456116,0.010323,0.053676,1.489051,-0.009697,-0.008989,0.243815,-0.002796,0.285040,-0.002871,0.243831,0.285054,0.252209,-0.001565,1.489051,-0.009697,1.702818,-0.011262,0.467437,2.071273,-1.000000,0,0,0.000000,0.000000,0.000000,0.000000,0.000000
38.792000,Descend,15.840037,0.015544,-2.071273,1.324151,-0.009398,0.600271,16.094503,0.010190,0.103819,16.083853,0.012747,0.055923,16.491852,0.010091,0.053460,1.489051,-0.009697,-0.008989,0.243815,-0.002796,0.288998,-0.002878,0.243831,0.289012,0.255410,-0.001571,1.489051,-0.009697,1.744461,-0.011268,0.462819,2.071273,-1.000000,0,0,0.012000,0.012000,0.004000,0.000000,0.016000
38.812000,Descend,15.873126,0.015222,-2.056031,1.338797,-0.009206,0.583809,16.094503,0.010190,0.103819,16.083853,0.012747,0.055923,16.545458,0.009741,0.053137,1.489051,-0.009697,-0.008989,0.210727,-0.002474,0.257305,-0.002626,0.210741,0.257319,0.230117,-0.001370,1.489051,-0.009697,1.719168,-0.011066,0.499795,2.056031,-1.000000,0,0,0.036000,0.036000,0.000000,0.000000,0.036000
38.812000,Descend,15.895415,0.015047,-2.046167,1.348463,-0.009077,0.574501,16.094503,0.010190,0.103819,16.083853,0.012747,0.055923,16.509722,0.009974,0.053353,1.489051,-0.009697,-0.008989,0.188437,-0.002299,0.228645,-0.002476,0.188451,0.228659,0.207192,-0.001250,1.489051,-0.009697,1.710668,-0.010947,0.533231,2.046167,-1.000000,0,0,0.036000,0.036000,0.000000,0.000000,0.036000
38.828000,Descend,15.895415,0.015047,-2.046167,1.348463,-0.009077,0.574501,16.094503,0.010190,0.103819,16.083853,0.012747,0.055923,16.557371,0.009664,0.053065,1.489051,-0.009697,-0.008989,0.188437,-0.002299,0.233145,-0.002496,0.188451,0.233158,0.210829,-0.001266,1.489051,-0.009697,1.699880,-0.010962,0.527982,2.046167,-1.000000,0,0,0.052000,0.052000,0.000000,0.000000,0.052000
38.844000,Descend,15.929213,0.014846,-2.031791,1.362967,-0.008765,0.561309,16.094503,0.010190,0.103819,16.083853,0.012747,0.055923,16.581196,0.009509,0.052921,1.489051,-0.009697,-0.008989,0.154640,-0.002099,0.196753,-0.002410,0.154654,0.196767,0.181746,-0.001197,1.489051,-0.009697,1.670797,-0.010893,0.570438,2.031791,-1.000000,0,0,0.068000,0.068000,0.000000,0.000000,0.068000
38.844000,Descend,15.929213,0.014846,-2.031791,1.362967,-0.008765,0.561309,16.094503,0.010190,0.103819,16.083853,0.012747,0.055923,16.557371,0.009664,0.053065,1.489051,-0.009697,-0.008989,0.154640,-0.002099,0.194735,-0.002395,0.154654,0.194749,0.180134,-0.001185,1.489051,-0.009697,1.669185,-0.010882,0.572792,2.031791,-1.000000,0,0,0.068000,0.068000,0.000000,0.000000,0.068000
38.860000,Descend,15.951930,0.014734,-2.022434,1.372733,-0.008552,0.552794,16.094503,0.010190,0.103819,16.083853,0.012747,0.055923,16.605021,0.009354,0.052777,1.489051,-0.009697,-0.008989,0.131923,-0.001986,0.172634,-0.002387,0.131938,0.172651,0.162481,-0.001178,1.489051,-0.009697,1.651532,-0.010875,0.598574,2.022434,-1.000000,0,0,0.084000,0.084000,0.000000,0.000000,0.084000
38.876000,Descend,15.986470,0.014652,-2.008727,1.387163,-0.008242,0.546440,16.094503,0.010190,0.103819,16.083853,0.012747,0.055923,16.628845,0.009198,0.052633,1.489051,-0.009697,-0.008989,0.097383,-0.001904,0.134674,-0.002436,0.097401,0.134696,0.132135,-0.001218,1.489051,-0.009697,1.621186,-0.010914,0.642855,2.008727,-1.000000,0,0,0.100000,0.100000,0.000000,0.000000,0.100000
38.876000,Descend,15.986470,0.014652,-2.008727,1.387163,-0.008242,0.546440,16.094503,0.010190,0.103819,16.083853,0.012747,0.055923,16.605021,0.009354,0.052777,1.489051,-0.009697,-0.008989,0.097383,-0.001904,0.133043,-0.002413,0.097401,0.133065,0.130831,-0.001199,1.489051,-0.009697,1.619882,-0.010896,0.644757,2.008727,-1.000000,0,0,0.100000,0.100000,0.000000,0.000000,0.100000
38.900000,Descend,16.009716,0.014626,-1.999709,1.396488,-0.007947,0.546888,16.094503,0.010190,0.103819,16.083853,0.012747,0.055923,16.676495,0.008888,0.052346,1.489051,-0.009697,-0.008989,0.074137,-0.001879,0.110977,-0.002575,0.074161,0.111007,0.113205,-0.001329,1.489051,-0.009697,1.602256,-0.011025,0.670492,1.999709,-1.000000,0,0,0.124000,0.124000,0.000000,0.000000,0.124000
38.908000,Descend,16.009716,0.014626,-1.999709,1.396488,-0.007947,0.546888,16.291586,0.010554,0.103441,16.284622,0.011229,0.056182,16.670811,0.008624,0.054108,1.496855,-0.010098,-0.008039,0.274906,-0.003397,0.300800,-0.003952,0.274927,0.300826,0.265088,-0.002430,1.496855,-0.010098,1.670256,-0.012529,0.000000,1.999709,-1.000000,0,0,0.000000,0.000000,0.000000,0.000000,0.000000
38.916000,Descend,16.033157,0.014624,-1.990708,1.405479,-0.007588,0.550751,16.291586,0.010554,0.103441,16.284622,0.011229,0.056182,16.682785,0.008543,0.054044,1.496855,-0.010098,-0.008039,0.251465,-0.003395,0.275770,-0.004063,0.251488,0.275800,0.245086,-0.002519,1.496855,-0.010098,1.738256,-0.012617,0.478233,1.990708,-1.000000,0,0,0.008000,0.008000,0.000000,0.000000,0.008000
38.936000,Descend,16.068684,0.014645,-1.977117,1.418552,-0.007204,0.562187,16.291586,0.010554,0.103441,16.284622,0.011229,0.056182,16.730684,0.008220,0.053786,1.496855,-0.010098,-0.008039,0.215939,-0.003416,0.239271,-0.004279,0.215966,0.239309,0.215934,-0.002692,1.496855,-0.010098,1.712789,-0.012790,0.520806,1.977117,-1.000000,0,0,0.028000,0.028000,0.000000,0.000000,0.028000
38.944000,Descend,16.068684,0.014645,-1.977117,1.418552,-0.007204,0.562187,16.343336,0.011789,0.104009,16.340839,0.011076,0.056866,16.728168,0.008594,0.054957,1.501273,-0.009621,-0.007400,0.272156,-0.003570,0.293499,-0.004193,0.272179,0.293529,0.259340,-0.002623,1.501273,-0.009621,1.760613,-0.012244,0.457550,1.977117,-1.000000,0,0,0.000000,0.000000,0.000000,0.000000,0.000000
38.960000,Descend,16.104620,0.014696,-1.963781,1.434444,-0.006870,0.526558,16.343336,0.011789,0.104009,16.340839,0.011076,0.056866,16.764198,0.008363,0.054779,1.501273,-0.009621,-0.007400,0.236219,-0.003620,0.255066,-0.004396,0.236247,0.255104,0.228634,-0.002785,1.501273,-0.009621,1.729908,-0.012406,0.502379,1.963781,-1.000000,0,0,0.016000,0.016000,0.000000,0.000000,0.016000
38.976000,Descend,16.128864,0.014745,-1.955481,1.444818,-0.006621,0.503488,16.343336,0.011789,0.104009,16.340839,0.011076,0.056866,16.788219,0.008209,0.054661,1.501273,-0.009621,-0.007400,0.211975,-0.003669,0.228800,-0.004563,0.212007,0.228845,0.207658,-0.002919,1.501273,-0.009621,1.708931,-0.012540,0.533014,1.955481,-1.000000,0,0,0.032000,0.032000,0.000000,0.000000,0.032000
38.984000,Descend,16.128864,0.014745,-1.955481,1.444818,-0.006621,0.503488,16.343336,0.011789,0.104009,16.340839,0.011076,0.056866,16.788219,0.008209,0.054661,1.501273,-0.009621,-0.007400,0.211975,-0.003669,0.228800,-0.004563,0.212007,0.228845,0.207676,-0.002919,1.501273,-0.009621,1.708950,-0.012540,0.533014,1.955481,-1.000000,0,0,0.040000,0.040000,0.000000,0.000000,0.040000
39.000000,Descend,16.165640,0.014843,-1.943556,1.459082,-0.006202,0.485092,16.343336,0.011789,0.104009,16.340839,0.011076,0.056866,16.824249,0.007978,0.054483,1.501273,-0.009621,-0.007400,0.175200,-0.003767,0.188786,-0.004868,0.175240,0.188848,0.175695,-0.003163,1.501273,-0.009621,1.676968,-0.012784,0.579677,1.943556,-1.000000,0,0,0.056000,0.056000,0.000000,0.000000,0.056000
39.008000,Descend,16.165640,0.014843,-1.943556,1.459082,-0.006202,0.485092,16.343336,0.011789,0.104009,16.340839,0.011076,0.056866,16.824249,0.007978,0.054483,1.501273,-0.009621,-0.007400,0.175200,-0.003767,0.188786,-0.004868,0.175240,0.188848,0.175710,-0.003163,1.501273,-0.009621,1.676983,-0.012784,0.579677,1.943556,-1.000000,0,0,0.064000,0.064000,0.000000,0.000000,0.064000
39.024000,Descend,16.190334,0.014916,-1.935806,1.467953,-0.005920,0.479662,16.343336,0.011789,0.104009,16.340839,0.011076,0.056866,16.860279,0.007747,0.054306,1.501273,-0.009621,-0.007400,0.150505,-0.003840,0.162033,-0.005121,0.150554,0.162114,0.154334,-0.003366,1.501273,-0.009621,1.655607,-0.012986,0.610867,1.935806,-1.000000,0,0,0.080000,0.080000,0.000000,0.000000,0.080000
39.040000,Descend,16.215199,0.015003,-1.928129,1.476328,-0.005705,0.479831,16.343336,0.011789,0.104009,16.340839,0.011076,0.056866,16.884300,0.007593,0.054187,1.501273,-0.009621,-0.007400,0.125641,-0.003927,0.134670,-0.005344,0.125702,0.134776,0.132466,-0.003544,1.501273,-0.009621,1.633739,-0.013165,0.642761,1.928129,-1.000000,0,0,0.096000,0.096000,0.000000,0.000000,0.096000
39.040000,Descend,16.215199,0.015003,-1.928129,1.476328,-0.005705,0.479831,16.489746,0.011418,0.099770,16.486454,0.010385,0.057470,16.862427,0.008079,0.055835,1.503895,-0.009221,-0.006540,0.271255,-0.004618,0.278147,-0.005497,0.271295,0.278201,0.247250,-0.003667,1.503895,-0.009221,1.642239,-0.012888,0.475432,1.928129,-1.000000,0,0,0.000000,0.000000,0.000000,0.000000,0.000000
39.052000,Descend,16.215199,0.015003,-1.928129,1.476328,-0.005705,0.479831,16.489746,0.011418,0.099770,16.486454,0.010385,0.057470,16.898521,0.007858,0.055678,1.503895,-0.009221,-0.006540,0.271255,-0.004618,0.278809,-0.005582,0.271295,0.278864,0.247812,-0.003734,1.503895,-0.009221,1.744239,-0.012955,0.474658,1.928129,-1.000000,0,0,0.012000,0.012000,0.000000,0.000000,0.012000
39.076000,Descend,16.278099,0.015238,-1.908790,1.495787,-0.005271,0.497357,16.489746,0.011418,0.099770,16.486454,0.010385,0.057470,16.940630,0.007600,0.055495,1.503895,-0.009221,-0.006540,0.208355,-0.004853,0.210804,-0.006046,0.208411,0.210891,0.193451,-0.004106,1.503895,-0.009221,1.697346,-0.013327,0.553961,1.908790,-1.000000,0,0,0.032000,0.032000,0.000000,0.004000,0.036000
39.076000,Descend,16.278099,0.015238,-1.908790,1.495787,-0.005271,0.497357,16.553192,0.012011,0.099056,16.543388,0.010425,0.057988,16.926638,0.008256,0.056452,1.508854,-0.008537,-0.006047,0.265289,-0.004813,0.268608,-0.005643,0.265333,0.268667,0.239705,-0.003783,1.508854,-0.008537,1.731346,-0.012321,0.486555,1.908790,-1.000000,0,0,0.000000,0.000000,0.000000,0.000000,0.000000
39.092000,Descend,16.278099,0.015238,-1.908790,1.495787,-0.005271,0.497357,16.553192,0.012011,0.099056,16.543388,0.010425,0.057988,16.956814,0.008085,0.056331,1.508854,-0.008537,-0.006047,0.265289,-0.004813,0.268869,-0.005709,0.265333,0.268930,0.239946,-0.003836,1.508854,-0.008537,1.748800,-0.012373,0.486248,1.908790,-1.000000,0,0,0.012000,0.012000,0.000000,0.004000,0.016000
39.108000,Descend,16.303471,0.015337,-1.900828,1.503026,-0.005027,0.508531,16.553192,0.012011,0.099056,16.543388,0.010425,0.057988,16.999062,0.007846,0.056162,1.508854,-0.008537,-0.006047,0.239918,-0.004912,0.241676,-0.005972,0.239968,0.241750,0.218240,-0.004047,1.508854,-0.008537,1.727094,-0.012584,0.517958,1.900828,-1.000000,0,0,0.032000,0.032000,0.000000,0.000000,0.032000
39.108000,Descend,16.303471,0.015337,-1.900828,1.503026,-0.005027,0.508531,16.604111,0.012187,0.103347,16.594034,0.010494,0.058762,16.972288,0.008509,0.057408,1.513015,-0.007936,-0.005416,0.290564,-0.004843,0.293060,-0.005570,0.290604,0.293113,0.259350,-0.003725,1.513015,-0.007936,1.735594,-0.011661,0.458035,1.900828,-1.000000,0,0,0.000000,0.000000,0.000000,0.000000,0.000000
39.120000,Descend,16.341848,0.015487,-1.888750,1.514171,-0.004861,0.513515,16.604111,0.012187,0.103347,16.594034,0.010494,0.058762,17.008600,0.008319,0.057278,1.513015,-0.007936,-0.005416,0.252186,-0.004993,0.251869,-0.005836,0.252235,0.251937,0.226428,-0.003938,1.513015,-0.007936,1.739443,-0.011874,0.506074,1.888750,-1.000000,0,0,0.012000,0.012000,0.000000,0.000000,0.012000
39.140000,Descend,16.380512,0.015629,-1.876619,1.525285,-0.004724,0.513747,16.604111,0.012187,0.103347,16.594034,0.010494,0.058762,17.050964,0.008097,0.057126,1.513015,-0.007936,-0.005416,0.213522,-0.005135,0.209816,-0.006105,0.213584,0.209905,0.192827,-0.004153,1.513015,-0.007936,1.705842,-0.012089,0.555111,1.876619,-1.000000,0,0,0.032000,0.032000,0.000000,0.000000,0.032000
39.140000,Descend,16.380512,0.015629,-1.876619,1.525285,-0.004724,0.513747,16.604111,0.012187,0.103347,16.594034,0.010494,0.058762,17.020704,0.008255,0.057234,1.513015,-0.007936,-0.005416,0.213522,-0.005135,0.210062,-0.006041,0.213584,0.210149,0.193026,-0.004102,1.513015,-0.007936,1.706041,-0.012038,0.554826,1.876619,-1.000000,0,0,0.032000,0.032000,0.000000,0.000000,0.032000
39.160000,Descend,16.406401,0.015718,-1.868538,1.532501,-0.004640,0.512145,16.604111,0.012187,0.103347,16.594034,0.010494,0.058762,17.069120,0.008002,0.057061,1.513015,-0.007936,-0.005416,0.187634,-0.005225,0.181515,-0.006260,0.187706,0.181623,0.170217,-0.004277,1.513015,-0.007936,1.683232,-0.012213,0.588107,1.868538,-1.000000,0,0,0.048000,0.048000,0.000000,0.004000,0.052000
39.172000,Descend,16.445572,0.015857,-1.856354,1.542963,-0.004563,0.511304,16.604111,0.012187,0.103347,16.594034,0.010494,0.058762,17.093328,0.007875,0.056974,1.513015,-0.007936,-0.005416,0.148462,-0.005363,0.138578,-0.006476,0.148559,0.138730,0.135890,-0.004450,1.513015,-0.007936,1.648905,-0.012386,0.638149,1.856354,-1.000000,0,0,0.064000,0.064000,0.000000,0.000000,0.064000
39.180000,Descend,16.445572,0.015857,-1.856354,1.542963,-0.004563,0.511304,16.604111,0.012187,0.103347,16.594034,0.010494,0.058762,17.069120,0.008002,0.057061,1.513015,-0.007936,-0.005416,0.148462,-0.005363,0.139059,-0.006422,0.148559,0.139207,0.136276,-0.004407,1.513015,-0.007936,1.649291,-0.012343,0.637591,1.856354,-1.000000,0,0,0.064000,0.064000,0.008000,0.000000,0.072000
39.200000,Descend,16.471825,0.015940,-1.848191,1.549568,-0.004497,0.513861,16.604111,0.012187,0.103347,16.594034,0.010494,0.058762,17.153851,0.007557,0.056758,1.513015,-0.007936,-0.005416,0.122210,-0.005446,0.108686,-0.006719,0.122331,0.108894,0.112008,-0.004644,1.513015,-0.007936,1.625024,-0.012580,0.672957,1.848191,-1.000000,0,0,0.092000,0.092000,0.000000,0.000000,0.092000
39.208000,Descend,16.471825,0.015940,-1.848191,1.549568,-0.004497,0.513861,16.604111,0.012187,0.103347,16.594034,0.010494,0.058762,17.135695,0.007652,0.056823,1.513015,-0.007936,-0.005416,0.122210,-0.005446,0.109125,-0.006678,0.122331,0.109329,0.112368,-0.004611,1.513015,-0.007936,1.625383,-0.012547,0.672449,1.848191,-1.000000,0,0,0.100000,0.100000,0.000000,0.000000,0.100000
39.224000,Descend,16.511391,0.016052,-1.835762,1.558944,-0.004429,0.523397,16.604111,0.012187,0.103347,16.594034,0.010494,0.058762,17.159903,0.007525,0.056736,1.513015,-0.007936,-0.005416,0.082644,-0.005558,0.065466,-0.006870,0.082830,0.065825,0.077449,-0.004765,1.513015,-0.007936,1.590464,-0.012701,0.723204,1.835762,-1.000000,0,0,0.112000,0.112000,0.004000,0.000000,0.116000
39.240000,Descend,16.537979,0.016102,-1.827277,1.564769,-0.004421,0.533613,16.604111,0.012187,0.103347,16.594034,0.010494,0.058762,17.202267,0.007303,0.056584,1.513015,-0.007936,-0.005416,0.056055,-0.005609,0.035250,-0.007022,0.056335,0.035942,0.053276,-0.004886,1.513015,-0.007936,1.566291,-0.012823,0.758067,1.827277,-1.000000,0,0,0.132000,0.132000,0.000000,0.000000,0.132000
39.240000,Descend,16.537979,0.016102,-1.827277,1.564769,-0.004421,0.533613,16.797754,0.013437,0.100162,16.793795,0.010320,0.058596,17.172033,0.008719,0.057331,1.512956,-0.006406,-0.005060,0.255816,-0.005782,0.242863,-0.006278,0.255881,0.242944,0.219369,-0.004291,1.512956,-0.006406,1.574791,-0.010697,0.516566,1.827277,-1.000000,0,0,0.000000,0.000000,0.000000,0.000000,0.000000
39.264000,Descend,16.564575,0.016153,-1.818612,1.570260,-0.004388,0.546800,16.797754,0.013437,0.100162,16.793795,0.010320,0.058596,17.244656,0.008411,0.057088,1.512956,-0.006406,-0.005060,0.229219,-0.005833,0.212143,-0.006434,0.229294,0.212240,0.194844,-0.004416,1.512956,-0.006406,1.707800,-0.010822,0.552386,1.818612,-1.000000,0,0,0.024000,0.024000,0.000000,0.000000,0.024000
39.272000,Descend,16.591337,0.016171,-1.809692,1.575522,-0.004437,0.562640,16.797754,0.013437,0.100162,16.793795,0.010320,0.058596,17.232552,0.008463,0.057129,1.512956,-0.006406,-0.005060,0.202457,-0.005851,0.184313,-0.006422,0.202542,0.184425,0.172594,-0.004406,1.512956,-0.006406,1.685551,-0.010812,0.584838,1.809692,-1.000000,0,0,0.032000,0.032000,0.000000,0.000000,0.032000
39.272000,Descend,16.591337,0.016171,-1.809692,1.575522,-0.004437,0.562640,16.797754,0.013437,0.100162,16.793795,0.010320,0.058596,17.220448,0.008514,0.057169,1.512956,-0.006406,-0.005060,0.202457,-0.005851,0.184813,-0.006406,0.202542,0.184924,0.172996,-0.004394,1.512956,-0.006406,1.685952,-0.010800,0.584256,1.809692,-1.000000,0,0,0.032000,0.032000,0.000000,0.000000,0.032000
39.296000,Descend,16.631481,0.016192,-1.795841,1.582904,-0.004526,0.582126,16.797754,0.013437,0.100162,16.793795,0.010320,0.058596,17.293070,0.008206,0.056926,1.512956,-0.006406,-0.005060,0.162313,-0.005871,0.139231,-0.006492,0.162420,0.139382,0.136564,-0.004462,1.512956,-0.006406,1.649520,-0.010868,0.637388,1.795841,-1.000000,0,0,0.056000,0.056000,0.000000,0.000000,0.056000
39.304000,Descend,16.631481,0.016192,-1.795841,1.582904,-0.004526,0.582126,16.898880,0.012652,0.098052,16.891422,0.010481,0.058479,17.282116,0.009075,0.057207,1.514318,-0.005452,-0.004927,0.259941,-0.005710,0.242245,-0.005949,0.260004,0.242318,0.218994,-0.004028,1.514318,-0.005452,1.717520,-0.009480,0.517296,1.795841,-1.000000,0,0,0.000000,0.000000,0.000000,0.000000,0.000000
39.304000,Descend,16.631481,0.016192,-1.795841,1.582904,-0.004526,0.582126,16.898880,0.012652,0.098052,16.891422,0.010481,0.058479,17.270002,0.009119,0.057247,1.514318,-0.005452,-0.004927,0.259941,-0.005710,0.242796,-0.005942,0.260004,0.242869,0.219438,-0.004022,1.514318,-0.005452,1.726020,-0.009474,0.516653,1.795841,-1.000000,0,0,0.000000,0.000000,0.000000,0.000000,0.000000
39.328000,Descend,16.658373,0.016167,-1.786387,1.587967,-0.004607,0.584512,16.898880,0.012652,0.098052,16.891422,0.010481,0.058479,17.342690,0.008857,0.057010,1.514318,-0.005452,-0.004927,0.233049,-0.005686,0.211102,-0.005938,0.233119,0.211185,0.194133,-0.004019,1.514318,-0.005452,1.708451,-0.009471,0.553617,1.786387,-1.000000,0,0,0.024000,0.024000,0.000000,0.000000,0.024000
39.340000,Descend,16.698767,0.016108,-1.772139,1.595091,-0.004797,0.586316,16.898880,0.012652,0.098052,16.891422,0.010481,0.058479,17.342690,0.008857,0.057010,1.514318,-0.005452,-0.004927,0.192656,-0.005627,0.168585,-0.005822,0.192738,0.168685,0.160140,-0.003926,1.514318,-0.005452,1.674458,-0.009378,0.603200,1.772139,-1.000000,0,0,0.036000,0.036000,0.000000,0.000000,0.036000
39.352000,Descend,16.725761,0.016036,-1.762541,1.599308,-0.004907,0.588637,16.898880,0.012652,0.098052,16.891422,0.010481,0.058479,17.360861,0.008791,0.056951,1.514318,-0.005452,-0.004927,0.165661,-0.005555,0.139315,-0.005724,0.165754,0.139432,0.136740,-0.003848,1.514318,-0.005452,1.651059,-0.009299,0.637329,1.762541,-1.000000,0,0,0.048000,0.048000,0.000000,0.000000,0.048000
39.372000,Descend,16.725761,0.016036,-1.762541,1.599308,-0.004907,0.588637,16.898880,0.012652,0.098052,16.891422,0.010481,0.058479,17.403261,0.008639,0.056813,1.514318,-0.005452,-0.004927,0.165661,-0.005555,0.136934,-0.005739,0.165754,0.137054,0.134864,-0.003860,1.514318,-0.005452,1.649182,-0.009312,0.640103,1.762541,-1.000000,0,0,0.068000,0.068000,0.000000,0.000000,0.068000
39.372000,Descend,16.766359,0.015922,-1.748062,1.605550,-0.005116,0.585211,17.009800,0.012748,0.106789,16.996330,0.010691,0.058970,17.375694,0.009578,0.057870,1.517458,-0.004452,-0.004400,0.229971,-0.005231,0.207947,-0.005066,0.230030,0.208008,0.191676,-0.003321,1.517458,-0.004452,1.657682,-0.007774,0.557323,1.748062,-1.000000,0,0,0.000000,0.000000,0.000000,0.000000,0.000000
39.380000,Descend,16.766359,0.015922,-1.748062,1.605550,-0.005116,0.585211,17.009800,0.012748,0.106789,16.996330,0.010691,0.058970,17.399975,0.009506,0.057800,1.517458,-0.004452,-0.004400,0.229971,-0.005231,0.206539,-0.005055,0.230030,0.206601,0.190566,-0.003313,1.517458,-0.004452,1.708024,-0.007765,0.558966,1.748062,-1.000000,0,0,0.008000,0.008000,0.000000,0.000000,0.008000
39.400000,Descend,16.819878,0.015771,-1.728907,1.612470,-0.005332,0.586262,17.009800,0.012748,0.106789,16.996330,0.010691,0.058970,17.448532,0.009364,0.057659,1.517458,-0.004452,-0.004400,0.176453,-0.005080,0.148138,-0.004818,0.176526,0.148216,0.143875,-0.003123,1.517458,-0.004452,1.661333,-0.007576,0.627081,1.728907,-1.000000,0,0,0.028000,0.028000,0.000000,0.000000,0.028000
39.404000,Descend,16.819878,0.015771,-1.728907,1.612470,-0.005332,0.586262,17.009800,0.012748,0.106789,16.996330,0.010691,0.058970,17.430323,0.009417,0.057712,1.517458,-0.004452,-0.004400,0.176453,-0.005080,0.149279,-0.004829,0.176526,0.149357,0.144793,-0.003132,1.517458,-0.004452,1.662251,-0.007584,0.625750,1.728907,-1.000000,0,0,0.032000,0.032000,0.000000,0.000000,0.032000
39.424000,Descend,16.860659,0.015660,-1.714294,1.617456,-0.005555,0.590373,17.009800,0.012748,0.106789,16.996330,0.010691,0.058970,17.484951,0.009257,0.057553,1.517458,-0.004452,-0.004400,0.135672,-0.004970,0.103472,-0.004615,0.135763,0.103575,0.108168,-0.002961,1.517458,-0.004452,1.625626,-0.007413,0.679163,1.714294,-1.000000,0,0,0.052000,0.052000,0.000000,0.000000,0.052000
39.436000,Descend,16.887932,0.015581,-1.704517,1.620616,-0.005671,0.592030,17.116768,0.011678,0.114792,17.096891,0.010680,0.060396,17.495926,0.009628,0.059527,1.523033,-0.004015,-0.003318,0.208960,-0.004901,0.183393,-0.004467,0.209017,0.183448,0.172128,-0.002843,1.523033,-0.004015,1.695161,-0.006858,0.585977,1.704517,-1.000000,0,0,0.000000,0.000000,0.000000,0.000000,0.000000
39.444000,Descend,16.887932,0.015581,-1.704517,1.620616,-0.005671,0.592030,17.116768,0.011678,0.114792,17.096891,0.010680,0.060396,17.502018,0.009612,0.059514,1.523033,-0.004015,-0.003318,0.208960,-0.004901,0.183002,-0.004461,0.209017,0.183057,0.171830,-0.002837,1.523033,-0.004015,1.694863,-0.006853,0.586434,1.704517,-1.000000,0,0,0.008000,0.008000,0.000000,0.000000,0.008000
39.460000,Descend,16.915178,0.015505,-1.694710,1.623510,-0.005723,0.595965,17.116768,0.011678,0.114792,17.096891,0.010680,0.060396,17.538570,0.009516,0.059434,1.523033,-0.004015,-0.003318,0.181713,-0.004825,0.152575,-0.004330,0.181777,0.152636,0.147512,-0.002733,1.523033,-0.004015,1.670545,-0.006748,0.621925,1.694710,-1.000000,0,0,0.024000,0.024000,0.000000,0.000000,0.024000
39.472000,Descend,16.956173,0.015385,-1.679853,1.627628,-0.005874,0.603953,17.116768,0.011678,0.114792,17.096891,0.010680,0.060396,17.550755,0.009484,0.059408,1.523033,-0.004015,-0.003318,0.140718,-0.004705,0.109549,-0.004151,0.140797,0.109627,0.113104,-0.002589,1.523033,-0.004015,1.636137,-0.006605,0.672102,1.679853,-1.000000,0,0,0.036000,0.036000,0.000000,0.000000,0.036000
39.484000,Descend,16.956173,0.015385,-1.679853,1.627628,-0.005874,0.603953,17.116768,0.011678,0.114792,17.096891,0.010680,0.060396,17.556847,0.009468,0.059394,1.523033,-0.004015,-0.003318,0.140718,-0.004705,0.109131,-0.004143,0.140797,0.109209,0.112779,-0.002583,1.523033,-0.004015,1.635812,-0.006599,0.672589,1.679853,-1.000000,0,0,0.044000,0.044000,0.004000,0.000000,0.048000
39.504000,Descend,16.983522,0.015304,-1.669929,1.630219,-0.005980,0.607479,17.116768,0.011678,0.114792,17.096891,0.010680,0.060396,17.617769,0.009307,0.059262,1.523033,-0.004015,-0.003318,0.113369,-0.004624,0.076712,-0.003952,0.113463,0.076813,0.086862,-0.002430,1.523033,-0.004015,1.609895,-0.006446,0.710384,1.669929,-1.000000,0,0,0.068000,0.068000,0.000000,0.000000,0.068000
39.504000,Descend,16.983522,0.015304,-1.669929,1.630219,-0.005980,0.607479,17.116768,0.011678,0.114792,17.096891,0.010680,0.060396,17.581217,0.009403,0.059341,1.523033,-0.004015,-0.003318,0.113369,-0.004624,0.079285,-0.003999,0.113463,0.079385,0.088921,-0.002468,1.523033,-0.004015,1.611954,-0.006484,0.707384,1.669929,-1.000000,0,0,0.068000,0.068000,0.000000,0.000000,0.068000
39.516000,Descend,17.010900,0.015224,-1.659953,1.632776,-0.006034,0.611576,17.116768,0.011678,0.114792,17.096891,0.010680,0.060396,17.617769,0.009307,0.059262,1.523033,-0.004015,-0.003318,0.085991,-0.004544,0.048460,-0.003853,0.086111,0.048613,0.064261,-0.002352,1.523033,-0.004015,1.587295,-0.006367,0.743285,1.659953,-1.000000,0,0,0.080000,0.080000,0.000000,0.000000,0.080000
39.532000,Descend,17.010900,0.015224,-1.659953,1.632776,-0.006034,0.611576,17.116768,0.011678,0.114792,17.096891,0.010680,0.060396,17.642138,0.009243,0.059209,1.523033,-0.004015,-0.003318,0.085991,-0.004544,0.046703,-0.003821,0.086111,0.046859,0.062856,-0.002326,1.523033,-0.004015,1.585889,-0.006341,0.745331,1.659953,-1.000000,0,0,0.096000,0.096000,0.000000,0.000000,0.096000
39.536000,Descend,17.051996,0.015117,-1.644840,1.636284,-0.006157,0.621283,17.247162,0.012292,0.108690,17.246971,0.010783,0.060931,17.638910,0.009968,0.060214,1.519142,-0.003159,-0.002777,0.194975,-0.004334,0.164753,-0.003561,0.195023,0.164791,0.157309,-0.002118,1.519142,-0.003159,1.653889,-0.005276,0.607743,1.644840,-1.000000,0,0,0.000000,0.000000,0.000000,0.000000,0.000000
39.552000,Descend,17.051996,0.015117,-1.644840,1.636284,-0.006157,0.621283,17.247162,0.012292,0.108690,17.246971,0.010783,0.060931,17.675369,0.009892,0.060148,1.519142,-0.003159,-0.002777,0.194975,-0.004334,0.161942,-0.003489,0.195023,0.161979,0.155085,-0.002060,1.519142,-0.003159,1.674228,-0.005219,0.611024,1.644840,-1.000000,0,0,0.016000,0.016000,0.000000,0.000000,0.016000
39.568000,Descend,17.093639,0.015030,-1.629443,1.639740,-0.006311,0.635923,17.247162,0.012292,0.108690,17.246971,0.010783,0.060931,17.699675,0.009842,0.060103,1.519142,-0.003159,-0.002777,0.153332,-0.004247,0.117393,-0.003308,0.153391,0.117440,0.119466,-0.001915,1.519142,-0.003159,1.638608,-0.005074,0.662987,1.629443,-1.000000,0,0,0.032000,0.032000,0.000000,0.000000,0.032000
39.568000,Descend,17.093639,0.015030,-1.629443,1.639740,-0.006311,0.635923,17.247162,0.012292,0.108690,17.246971,0.010783,0.060931,17.675369,0.009892,0.060148,1.519142,-0.003159,-0.002777,0.153332,-0.004247,0.119324,-0.003358,0.153391,0.119371,0.121011,-0.001955,1.519142,-0.003159,1.640153,-0.005114,0.660734,1.629443,-1.000000,0,0,0.032000,0.032000,0.000000,0.000000,0.032000
39.592000,Descend,17.121244,0.014972,-1.618978,1.641777,-0.006217,0.645117,17.247162,0.012292,0.108690,17.246971,0.010783,0.060931,17.748287,0.009741,0.060015,1.519142,-0.003159,-0.002777,0.125727,-0.004189,0.085257,-0.003180,0.125796,0.085316,0.093778,-0.001813,1.519142,-0.003159,1.612920,-0.004971,0.700465,1.618978,-1.000000,0,0,0.056000,0.056000,0.000000,0.000000,0.056000
39.604000,Descend,17.162523,0.014929,-1.603131,1.644600,-0.006249,0.648452,17.362421,0.011820,0.116863,17.346426,0.010890,0.062131,17.751486,0.010182,0.061620,1.522782,-0.002663,-0.001923,0.183903,-0.004039,0.151499,-0.003085,0.183947,0.151530,0.146790,-0.001737,1.522782,-0.002663,1.669572,-0.004400,0.623215,1.603131,-1.000000,0,0,0.004000,0.004000,0.000000,0.000000,0.004000
39.612000,Descend,17.162523,0.014929,-1.603131,1.644600,-0.006249,0.648452,17.362421,0.011820,0.116863,17.346426,0.010890,0.062131,17.757578,0.010171,0.061612,1.522782,-0.002663,-0.001923,0.183903,-0.004039,0.151012,-0.003071,0.183947,0.151044,0.146413,-0.001725,1.522782,-0.002663,1.669195,-0.004389,0.623782,1.603131,-1.000000,0,0,0.012000,0.012000,0.000000,0.000000,0.012000
39.628000,Descend,17.190191,0.014936,-1.592514,1.646297,-0.006144,0.650608,17.362421,0.011820,0.116863,17.346426,0.010890,0.062131,17.794125,0.010107,0.061566,1.522782,-0.002663,-0.001923,0.156235,-0.004046,0.119923,-0.003022,0.156287,0.119961,0.121560,-0.001687,1.522782,-0.002663,1.644342,-0.004350,0.660046,1.592514,-1.000000,0,0,0.028000,0.028000,0.000000,0.000000,0.028000
39.636000,Descend,17.231489,0.014955,-1.576502,1.648442,-0.006066,0.656863,17.362421,0.011820,0.116863,17.346426,0.010890,0.062131,17.794125,0.010107,0.061566,1.522782,-0.002663,-0.001923,0.114937,-0.004065,0.077993,-0.003065,0.115009,0.078054,0.088023,-0.001721,1.522782,-0.002663,1.610805,-0.004384,0.708938,1.576502,-1.000000,0,0,0.036000,0.036000,0.000000,0.000000,0.036000
39.652000,Descend,17.258944,0.015002,-1.565719,1.649677,-0.005944,0.660096,17.362421,0.011820,0.116863,17.346426,0.010890,0.062131,17.830671,0.010043,0.061520,1.522782,-0.002663,-0.001923,0.087482,-0.004112,0.047131,-0.003069,0.087579,0.047230,0.063333,-0.001724,1.522782,-0.002663,1.586115,-0.004388,0.744898,1.565719,-1.000000,0,0,0.052000,0.052000,0.000000,0.000000,0.052000
39.668000,Descend,17.258944,0.015002,-1.565719,1.649677,-0.005944,0.660096,17.362421,0.011820,0.116863,17.346426,0.010890,0.062131,17.855036,0.010001,0.061489,1.522782,-0.002663,-0.001923,0.087482,-0.004112,0.045099,-0.003017,0.087579,0.045200,0.061708,-0.001682,1.522782,-0.002663,1.584490,-0.004346,0.747267,1.565719,-1.000000,0,0,0.068000,0.068000,0.000000,0.000000,0.068000
39.668000,Descend,17.258944,0.015002,-1.565719,1.649677,-0.005944,0.660096,17.362421,0.011820,0.116863,17.346426,0.010890,0.062131,17.830671,0.010043,0.061520,1.522782,-0.002663,-0.001923,0.087482,-0.004112,0.047131,-0.003069,0.087579,0.047230,0.063333,-0.001724,1.522782,-0.002663,1.586115,-0.004388,0.744898,1.565719,-1.000000,0,0,0.068000,0.068000,0.000000,0.000000,0.068000
39.688000,Descend,17.299995,0.015061,-1.549504,1.651353,-0.005832,0.663868,17.362421,0.011820,0.116863,17.346426,0.010890,0.062131,17.891582,0.009937,0.061443,1.522782,-0.002663,-0.001923,0.046431,-0.004171,0.000402,-0.003037,0.046618,0.003063,0.025950,-0.001698,1.522782,-0.002663,1.548732,-0.004362,0.796426,1.549504,-1.000000,0,0,0.088000,0.088000,0.000000,0.000000,0.088000
39.700000,Descend,17.327343,0.015122,-1.538591,1.652222,-0.005708,0.669330,17.362421,0.011820,0.116863,17.346426,0.010890,0.062131,17.897673,0.009926,0.061435,1.522782,-0.002663,-0.001923,0.019083,-0.004232,-0.027775,-0.003130,0.019547,0.027951,0.003408,-0.001772,1.522782,-0.002663,1.526190,-0.004436,0.767391,1.538591,-1.000000,0,0,0.100000,0.100000,0.000000,0.000000,0.100000
39.708000,Descend,17.327343,0.015122,-1.538591,1.652222,-0.005708,0.669330,17.362421,0.011820,0.116863,17.346426,0.010890,0.062131,17.903765,0.009915,0.061427,1.522782,-0.002663,-0.001923,0.019083,-0.004232,-0.028292,-0.003117,0.019547,0.028463,0.002995,-0.001763,1.522782,-0.002663,1.525777,-0.004426,0.766793,1.538591,-1.000000,0,0,0.108000,0.108000,0.000000,0.000000,0.108000
39.728000,Descend,17.354641,0.015177,-1.527583,1.652910,-0.005580,0.677308,17.362421,0.011820,0.116863,17.346426,0.010890,0.062131,17.940311,0.009851,0.061381,1.522782,-0.002663,-0.001923,-0.008215,-0.004287,-0.058964,-0.003149,0.009266,0.059048,-0.021552,-0.001788,1.522782,-0.002663,1.501230,-0.004452,0.731111,1.527583,-1.000000,0,0,0.124000,0.124000,0.004000,0.000000,0.128000
39.736000,Descend,17.381910,0.015244,-1.516422,1.653529,-0.005436,0.686760,17.362421,0.011820,0.116863,17.346426,0.010890,0.062131,17.952494,0.009830,0.061366,1.522782,-0.002663,-0.001923,-0.035484,-0.004354,-0.087521,-0.003251,0.035750,0.087581,-0.044408,-0.001870,1.522782,-0.002663,1.478374,-0.004533,0.697822,1.516422,-1.000000,0,0,0.136000,0.136000,0.000000,0.000000,0.136000
39.752000,Descend,17.381910,0.015244,-1.516422,1.653529,-0.005436,0.686760,17.362421,0.011820,0.116863,17.346426,0.010890,0.062131,17.970766,0.009798,0.061343,1.522782,-0.002663,-0.001923,-0.035484,-0.004354,-0.089090,-0.003218,0.035750,0.089148,-0.045675,-0.001843,1.522782,-0.002663,1.477107,-0.004506,0.695994,1.516422,-1.000000,0,0,0.148000,0.148000,0.000000,0.000000,0.148000
39.768000,Descend,17.422747,0.015346,-1.499375,1.653999,-0.005228,0.703313,17.362421,0.011820,0.116863,17.346426,0.010890,0.062131,18.013405,0.009724,0.061289,1.522782,-0.002663,-0.001923,-0.076321,-0.004456,-0.133793,-0.003333,0.076451,0.133834,-0.081463,-0.001935,1.522782,-0.002663,1.441319,-0.004599,0.643860,1.499375,-1.000000,0,0,0.168000,0.168000,0.000000,0.000000,0.168000
39.768000,Descend,17.422747,0.015346,-1.499375,1.653999,-0.005228,0.703313,17.604273,0.014384,0.116938,17.600243,0.011595,0.062522,17.980057,0.011411,0.062149,1.519256,-0.000733,-0.001492,0.177496,-0.003751,0.143810,-0.002628,0.177536,0.143834,0.140621,-0.001371,1.519256,-0.000733,1.449818,-0.002104,0.632193,1.499375,-1.000000,0,0,0.000000,0.000000,0.000000,0.000000,0.000000
39.788000,Descend,17.463507,0.015457,-1.481943,1.653951,-0.004940,0.716814,17.604273,0.014384,0.116938,17.600243,0.011595,0.062522,18.040827,0.011382,0.062090,1.519256,-0.000733,-0.001492,0.136736,-0.003862,0.097673,-0.002642,0.136790,0.097709,0.103731,-0.001383,1.519256,-0.000733,1.619818,-0.002116,0.686006,1.481943,-1.000000,0,0,0.020000,0.020000,0.000000,0.000000,0.020000
39.800000,Descend,17.490665,0.015531,-1.470199,1.653711,-0.004842,0.721013,17.604273,0.014384,0.116938,17.600243,0.011595,0.062522,18.046904,0.011379,0.062084,1.519256,-0.000733,-0.001492,0.109577,-0.003936,0.070047,-0.002728,0.109648,0.070100,0.081638,-0.001451,1.519256,-0.000733,1.600894,-0.002185,0.718216,1.470199,-1.000000,0,0,0.032000,0.032000,0.000000,0.000000,0.032000
39.800000,Descend,17.490665,0.015531,-1.470199,1.653711,-0.004842,0.721013,17.653046,0.015082,0.116272,17.647789,0.012472,0.063218,18.027143,0.012669,0.062957,1.517414,0.000789,-0.001045,0.157124,-0.003059,0.123051,-0.001651,0.157153,0.123062,0.124042,-0.000590,1.517414,0.000789,1.609394,0.000199,0.656428,1.470199,-1.000000,0,0,0.000000,0.000000,0.000000,0.000000,0.000000
39.816000,Descend,17.517773,0.015602,-1.458424,1.653266,-0.004672,0.721643,17.653046,0.015082,0.116272,17.647789,0.012472,0.063218,18.075701,0.012694,0.062923,1.517414,0.000789,-0.001045,0.130016,-0.003130,0.091707,-0.001590,0.130054,0.091721,0.098982,-0.000541,1.517414,0.000789,1.616396,0.000248,0.692992,1.458424,-1.000000,0,0,0.016000,0.016000,0.000000,0.000000,0.016000
39.832000,Descend,17.544863,0.015658,-1.446643,1.652647,-0.004536,0.718992,17.653046,0.015082,0.116272,17.647789,0.012472,0.063218,18.099979,0.012707,0.062906,1.517414,0.000789,-0.001045,0.102926,-0.003186,0.062628,-0.001599,0.102976,0.062648,0.075728,-0.000548,1.517414,0.000789,1.593143,0.000241,0.726910,1.446643,-1.000000,0,0,0.032000,0.032000,0.000000,0.000000,0.032000
39.832000,Descend,17.544863,0.015658,-1.446643,1.652647,-0.004536,0.718992,17.702381,0.014826,0.117912,17.695778,0.013030,0.063986,18.074879,0.013439,0.063845,1.516406,0.001634,-0.000565,0.150915,-0.002628,0.116854,-0.001085,0.150938,0.116859,0.119110,-0.000137,1.516406,0.001634,1.601643,0.001497,0.663665,1.446643,-1.000000,0,0,0.000000,0.000000,0.000000,0.000000,0.000000
39.856000,Descend,17.585411,0.015732,-1.429049,1.651100,-0.004339,0.715001,17.702381,0.014826,0.117912,17.695778,0.013030,0.063986,18.147667,0.013517,0.063818,1.516406,0.001634,-0.000565,0.110367,-0.002702,0.070229,-0.000922,0.110400,0.070235,0.081827,-0.000007,1.516406,0.001634,1.598233,0.001627,0.718060,1.429049,-1.000000,0,0,0.024000,0.024000,0.000000,0.000000,0.024000
39.868000,Descend,17.585411,0.015732,-1.429049,1.651100,-0.004339,0.715001,17.702381,0.014826,0.117912,17.695778,0.013030,0.063986,18.147667,0.013517,0.063818,1.516406,0.001634,-0.000565,0.110367,-0.002702,0.070229,-0.000922,0.110400,0.070235,0.081836,-0.000007,1.516406,0.001634,1.598241,0.001627,0.718060,1.429049,-1.000000,0,0,0.036000,0.036000,0.000000,0.000000,0.036000
39.876000,Descend,17.612398,0.015776,-1.417360,1.649833,-0.004122,0.713072,17.702381,0.014826,0.117912,17.695778,0.013030,0.063986,18.153732,0.013524,0.063816,1.516406,0.001634,-0.000565,0.083380,-0.002746,0.043085,-0.001007,0.083425,0.043097,0.060121,-0.000075,1.516406,0.001634,1.576526,0.001559,0.749720,1.417360,-1.000000,0,0,0.044000,0.044000,0.000000,0.000000,0.044000
39.892000,Descend,17.612398,0.015776,-1.417360,1.649833,-0.004122,0.713072,17.702381,0.014826,0.117912,17.695778,0.013030,0.063986,18.190126,0.013563,0.063802,1.516406,0.001634,-0.000565,0.083380,-0.002746,0.039883,-0.000869,0.083425,0.039892,0.057559,0.000036,1.516406,0.001634,1.573964,0.001670,0.753459,1.417360,-1.000000,0,0,0.060000,0.060000,0.000000,0.000000,0.060000
39.900000,Descend,17.652784,0.015829,-1.399871,1.647610,-0.003852,0.710882,17.793179,0.015449,0.119672,17.795713,0.013696,0.064619,18.185463,0.014362,0.064576,1.510655,0.002582,-0.000166,0.142929,-0.002132,0.107595,-0.000472,0.142945,0.107596,0.111738,0.000353,1.510655,0.002582,1.622393,0.002935,0.674471,1.399871,-1.000000,0,0,0.000000,0.000000,0.000000,0.000000,0.000000
39.912000,Descend,17.652784,0.015829,-1.399871,1.647610,-0.003852,0.710882,17.793179,0.015449,0.119672,17.795713,0.013696,0.064619,18.209633,0.014403,0.064574,1.510655,0.002582,-0.000166,0.142929,-0.002132,0.105404,-0.000369,0.142945,0.105405,0.109997,0.000436,1.510655,0.002582,1.620652,0.003017,0.677028,1.399871,-1.000000,0,0,0.012000,0.012000,0.000000,0.000000,0.012000
39.928000,Descend,17.679634,0.015858,-1.388250,1.645981,-0.003686,0.710943,17.793179,0.015449,0.119672,17.795713,0.013696,0.064619,18.239845,0.014455,0.064570,1.510655,0.002582,-0.000166,0.116079,-0.002162,0.076292,-0.000319,0.116099,0.076293,0.086720,0.000476,1.510655,0.002582,1.597375,0.003057,0.710992,1.388250,-1.000000,0,0,0.028000,0.028000,0.000000,0.000000,0.028000
39.932000,Descend,17.719793,0.015878,-1.370779,1.643423,-0.003449,0.714769,17.837692,0.015787,0.118217,17.836340,0.014211,0.065548,18.225279,0.015074,0.065648,1.507512,0.003344,0.000388,0.116547,-0.001667,0.081482,0.000086,0.116559,0.081482,0.090875,0.000800,1.507512,0.003344,1.598387,0.004143,0.704938,1.370779,-1.000000,0,0,0.000000,0.000000,0.000000,0.000000,0.004000
39.952000,Descend,17.719793,0.015878,-1.370779,1.643423,-0.003449,0.714769,17.837692,0.015787,0.118217,17.836340,0.014211,0.065548,18.267488,0.015167,0.065659,1.507512,0.003344,0.000388,0.116547,-0.001667,0.077677,0.000276,0.116559,0.077677,0.087843,0.000952,1.507512,0.003344,1.595355,0.004295,0.709377,1.370779,-1.000000,0,0,0.016000,0.016000,0.000000,0.000000,0.020000
39.964000,Descend,17.746487,0.015891,-1.359097,1.641665,-0.003301,0.715909,17.837692,0.015787,0.118217,17.836340,0.014211,0.065548,18.291609,0.015221,0.065665,1.507512,0.003344,0.000388,0.089853,-0.001680,0.049339,0.000327,0.089869,0.049340,0.065173,0.000992,1.507512,0.003344,1.572685,0.004336,0.742436,1.359097,-1.000000,0,0,0.032000,0.032000,0.000000,0.000000,0.036000
39.976000,Descend,17.773067,0.015901,-1.347423,1.639856,-0.003187,0.715659,17.837692,0.015787,0.118217,17.836340,0.014211,0.065548,18.303669,0.015248,0.065668,1.507512,0.003344,0.000388,0.063272,-0.001690,0.022245,0.000335,0.063295,0.022248,0.043498,0.000999,1.507512,0.003344,1.551010,0.004343,0.774044,1.347423,-1.000000,0,0,0.044000,0.044000,0.000000,0.000000,0.048000
39.996000,Descend,17.825994,0.015937,-1.324057,1.636099,-0.002835,0.717879,17.837692,0.015787,0.118217,17.836340,0.014211,0.065548,18.345879,0.015341,0.065679,1.507512,0.003344,0.000388,0.010345,-0.001726,-0.033117,0.000362,0.010488,0.033119,-0.000792,0.001021,1.507512,0.003344,1.506720,0.004364,0.761361,1.324057,-1.000000,0,0,0.064000,0.064000,0.000000,0.000000,0.068000
40.000000,Descend,17.825994,0.015937,-1.324057,1.636099,-0.002835,0.717879,17.944393,0.017687,0.124663,17.943031,0.015175,0.066461,18.325085,0.016354,0.066691,1.504145,0.004641,0.000909,0.117037,-0.000762,0.083521,0.001137,0.117039,0.083529,0.092522,0.001640,1.504145,0.004641,1.540720,0.006282,0.702550,1.324057,-1.000000,0,0,0.000000,0.000000,0.000000,0.000000,0.000000
40.008000,Descend,17.825994,0.015937,-1.324057,1.636099,-0.002835,0.717879,17.944393,0.017687,0.124663,17.943031,0.015175,0.066461,18.343134,0.016410,0.066702,1.504145,0.004641,0.000909,0.117037,-0.000762,0.081938,0.001226,0.117039,0.081947,0.091262,0.001712,1.504145,0.004641,1.595407,0.006354,0.704395,1.324057,-1.000000,0,0,0.008000,0.008000,0.000000,0.000000,0.008000
40.032000,Descend,17.852350,0.015966,-1.312327,1.634308,-0.002600,0.720855,17.944393,0.017687,0.124663,17.943031,0.015175,0.066461,18.403299,0.016595,0.066739,1.504145,0.004641,0.000909,0.090681,-0.000791,0.050850,0.001425,0.090685,0.050870,0.066404,0.001871,1.504145,0.004641,1.570549,0.006513,0.740652,1.312327,-1.000000,0,0,0.032000,0.032000,0.000000,0.000000,0.032000
40.032000,Descend,17.878616,0.015999,-1.300497,1.632533,-0.002428,0.726039,17.944393,0.017687,0.124663,17.943031,0.015175,0.066461,18.367201,0.016484,0.066717,1.504145,0.004641,0.000909,0.064415,-0.000824,0.028210,0.001170,0.064420,0.028234,0.048292,0.001667,1.504145,0.004641,1.562049,0.006308,0.767060,1.300497,-1.000000,0,0,0.032000,0.032000,0.000000,0.000000,0.032000
40.052000,Descend,17.930885,0.016040,-1.276746,1.628937,-0.001970,0.732526,17.944393,0.017687,0.124663,17.943031,0.015175,0.066461,18.427366,0.016669,0.066753,1.504145,0.004641,0.000909,0.012146,-0.000865,-0.028036,0.001263,0.012177,0.028065,0.003295,0.001742,1.504145,0.004641,1.507440,0.006383,0.767258,1.276746,-1.000000,0,0,0.052000,0.052000,0.000000,0.000000,0.052000
40.064000,Descend,17.930885,0.016040,-1.276746,1.628937,-0.001970,0.732526,17.944393,0.017687,0.124663,17.943031,0.015175,0.066461,18.433382,0.016688,0.066757,1.504145,0.004641,0.000909,0.012146,-0.000865,-0.028536,0.001290,0.012177,0.028565,0.002895,0.001763,1.504145,0.004641,1.507040,0.006404,0.766674,1.276746,-1.000000,0,0,0.064000,0.064000,0.000000,0.000000,0.064000
40.076000,Descend,17.969990,0.016116,-1.258752,1.626353,-0.001597,0.734285,17.944393,0.017687,0.124663,17.943031,0.015175,0.066461,18.451431,0.016744,0.066768,1.504145,0.004641,0.000909,-0.026958,-0.000942,-0.068266,0.001167,0.026975,0.068276,-0.028897,0.001665,1.504145,0.004641,1.475248,0.006306,0.720345,1.258752,-1.000000,0,0,0.076000,0.076000,0.000000,0.000000,0.076000
40.092000,Descend,17.969990,0.016116,-1.258752,1.626353,-0.001597,0.734285,17.944393,0.017687,0.124663,17.943031,0.015175,0.066461,18.481516,0.016837,0.066786,1.504145,0.004641,0.000909,-0.026958,-0.000942,-0.070707,0.001292,0.026975,0.070719,-0.030861,0.001765,1.504145,0.004641,1.473283,0.006406,0.717494,1.258752,-1.000000,0,0,0.092000,0.092000,0.000000,0.000000,0.092000
40.096000,Descend,17.995985,0.016183,-1.246713,1.624593,-0.001414,0.737770,17.944393,0.017687,0.124663,17.943031,0.015175,0.066461,18.469482,0.016799,0.066779,1.504145,0.004641,0.000909,-0.052954,-0.001008,-0.095110,0.001112,0.052963,0.095116,-0.050387,0.001621,1.504145,0.004641,1.453757,0.006262,0.689031,1.246713,-1.000000,0,0,0.096000,0.096000,0.000000,0.000000,0.096000
40.108000,Descend,17.995985,0.016183,-1.246713,1.624593,-0.001414,0.737770,17.944393,0.017687,0.124663,17.943031,0.015175,0.066461,18.499565,0.016892,0.066797,1.504145,0.004641,0.000909,-0.052954,-0.001008,-0.097519,0.001233,0.052963,0.097527,-0.052326,0.001718,1.504145,0.004641,1.451818,0.006359,0.686219,1.246713,-1.000000,0,0,0.108000,0.108000,0.000000,0.000000,0.108000
40.128000,Descend,18.021935,0.016248,-1.234620,1.622809,-0.001174,0.742025,17.944393,0.017687,0.124663,17.943031,0.015175,0.066461,18.541681,0.017022,0.066822,1.504145,0.004641,0.000909,-0.078903,-0.001073,-0.126131,0.001242,0.078910,0.126137,-0.075241,0.001725,1.504145,0.004641,1.428904,0.006366,0.652840,1.234620,-1.000000,0,0,0.128000,0.128000,0.000000,0.000000,0.128000
40.132000,Descend,18.060759,0.016359,-1.216373,1.620087,-0.000731,0.743810,17.944393,0.017687,0.124663,17.943031,0.015175,0.066461,18.523632,0.016966,0.066811,1.504145,0.004641,0.000909,-0.117727,-0.001184,-0.162479,0.000890,0.117733,0.162482,-0.104326,0.001443,1.504145,0.004641,1.399818,0.006084,0.610438,1.216373,-1.000000,0,0,0.132000,0.132000,0.000000,0.000000,0.132000
40.156000,Descend,18.086592,0.016430,-1.204208,1.618187,-0.000386,0.741580,17.944393,0.017687,0.124663,17.943031,0.015175,0.066461,18.589813,0.017171,0.066851,1.504145,0.004641,0.000909,-0.143560,-0.001255,-0.192598,0.000907,0.143566,0.192600,-0.128468,0.001457,1.504145,0.004641,1.375677,0.006098,0.575299,1.204208,-1.000000,0,0,0.156000,0.156000,0.000000,0.000000,0.156000
40.164000,Descend,18.086592,0.016430,-1.204208,1.618187,-0.000386,0.741580,17.944393,0.017687,0.124663,17.943031,0.015175,0.066461,18.577780,0.017134,0.066844,1.504145,0.004641,0.000909,-0.143560,-0.001255,-0.191687,0.000867,0.143566,0.191689,-0.127754,0.001425,1.504145,0.004641,1.376391,0.006066,0.576363,1.204208,-1.000000,0,0,0.164000,0.164000,0.000000,0.000000,0.164000
40.172000,Descend,18.086592,0.016430,-1.204208,1.618187,-0.000386,0.741580,18.195910,0.018166,0.132625,18.189295,0.016573,0.068099,18.589182,0.018099,0.068570,1.503335,0.005736,0.001771,0.102703,0.000143,0.072153,0.001772,0.102703,0.072175,0.083324,0.002149,1.503335,0.005736,1.444391,0.007885,0.715796,1.204208,-1.000000,0,0,0.008000,0.008000,0.000000,0.000000,0.008000
40.188000,Descend,18.112385,0.016498,-1.192090,1.616280,-0.000094,0.736344,18.195910,0.018166,0.132625,18.189295,0.016573,0.068099,18.625261,0.018237,0.068613,1.503335,0.005736,0.001771,0.076910,0.000075,0.044155,0.001766,0.076910,0.044190,0.060926,0.002144,1.503335,0.005736,1.564260,0.007880,0.748444,1.192090,-1.000000,0,0,0.024000,0.024000,0.000000,0.000000,0.024000
40.196000,Descend,18.150974,0.016600,-1.174136,1.612983,0.000321,0.721622,18.195910,0.018166,0.132625,18.189295,0.016573,0.068099,18.625261,0.018237,0.068613,1.503335,0.005736,0.001771,0.038321,-0.000027,0.006521,0.001543,0.038321,0.006701,0.030818,0.001966,1.503335,0.005736,1.534153,0.007702,0.792182,1.174136,-1.000000,0,0,0.032000,0.032000,0.000000,0.000000,0.032000
40.204000,Descend,18.150974,0.016600,-1.174136,1.612983,0.000321,0.721622,18.195910,0.018166,0.132625,18.189295,0.016573,0.068099,18.637289,0.018282,0.068627,1.503335,0.005736,0.001771,0.038321,-0.000027,0.005646,0.001586,0.038321,0.005864,0.030118,0.002000,1.503335,0.005736,1.533453,0.007736,0.793158,1.174136,-1.000000,0,0,0.040000,0.040000,0.000000,0.000000,0.040000
40.220000,Descend,18.189550,0.016734,-1.156563,1.609327,0.000782,0.704494,18.195910,0.018166,0.132625,18.189295,0.016573,0.068099,18.673368,0.018420,0.068669,1.503335,0.005736,0.001771,-0.000256,-0.000161,-0.034386,0.001435,0.000302,0.034416,-0.001907,0.001879,1.503335,0.005736,1.501428,0.007615,0.759848,1.156563,-1.000000,0,0,0.056000,0.056000,0.000000,0.000000,0.056000
40.228000,Descend,18.189550,0.016734,-1.156563,1.609327,0.000782,0.704494,18.292393,0.019833,0.130570,18.285557,0.017727,0.069828,18.673441,0.019570,0.070525,1.503428,0.007144,0.002701,0.096006,0.000993,0.068684,0.002635,0.096012,0.068734,0.080554,0.002839,1.503428,0.007144,1.569428,0.009983,0.719810,1.156563,-1.000000,0,0,0.000000,0.000000,0.000000,0.000000,0.000000
40.240000,Descend,18.215145,0.016831,-1.145027,1.606700,0.000932,0.701738,18.292393,0.019833,0.130570,18.285557,0.017727,0.069828,18.697496,0.019684,0.070568,1.503428,0.007144,0.002701,0.070412,0.000896,0.042116,0.002598,0.070417,0.042196,0.059300,0.002809,1.503428,0.007144,1.562728,0.009954,0.750771,1.145027,-1.000000,0,0,0.012000,0.012000,0.000000,0.000000,0.012000
40.264000,Descend,18.253330,0.016997,-1.127756,1.602311,0.001486,0.708263,18.292393,0.019833,0.130570,18.285557,0.017727,0.069828,18.739592,0.019884,0.070644,1.503428,0.007144,0.002701,0.032227,0.000730,0.002363,0.002439,0.032235,0.003396,0.027497,0.002682,1.503428,0.007144,1.530926,0.009827,0.796038,1.127756,-1.000000,0,0,0.032000,0.032000,0.000000,0.004000,0.036000
40.264000,Descend,18.253330,0.016997,-1.127756,1.602311,0.001486,0.708263,18.292393,0.019833,0.130570,18.285557,0.017727,0.069828,18.721552,0.019799,0.070611,1.503428,0.007144,0.002701,0.032227,0.000730,0.003551,0.002371,0.032235,0.004270,0.028448,0.002628,1.503428,0.007144,1.531877,0.009772,0.795018,1.127756,-1.000000,0,0,0.036000,0.036000,0.000000,0.000000,0.036000
40.284000,Descend,18.266047,0.017062,-1.121960,1.600790,0.001644,0.710793,18.292393,0.019833,0.130570,18.285557,0.017727,0.069828,18.775675,0.020056,0.070709,1.503428,0.007144,0.002701,0.019510,0.000665,-0.012230,0.002458,0.019522,0.012475,0.015823,0.002698,1.503428,0.007144,1.519251,0.009842,0.785446,1.121960,-1.000000,0,0,0.056000,0.056000,0.000000,0.000000,0.056000
40.296000,Descend,18.304003,0.017287,-1.104572,1.595961,0.002110,0.719721,18.292393,0.019833,0.130570,18.285557,0.017727,0.069828,18.781689,0.020084,0.070720,1.503428,0.007144,0.002701,-0.018446,0.000440,-0.048981,0.002101,0.018451,0.049026,-0.013578,0.002412,1.503428,0.007144,1.489851,0.009556,0.742803,1.104572,-1.000000,0,0,0.068000,0.068000,0.000000,0.000000,0.068000
40.300000,Descend,18.304003,0.017287,-1.104572,1.595961,0.002110,0.719721,18.292393,0.019833,0.130570,18.285557,0.017727,0.069828,18.763647,0.019999,0.070687,1.503428,0.007144,0.002701,-0.018446,0.000440,-0.047871,0.002041,0.018451,0.047914,-0.012690,0.002364,1.503428,0.007144,1.490739,0.009508,0.744100,1.104572,-1.000000,0,0,0.068000,0.068000,0.000000,0.000000,0.068000
40.316000,Descend,18.341825,0.017514,-1.087016,1.591336,0.002548,0.732052,18.292393,0.019833,0.130570,18.285557,0.017727,0.069828,18.823784,0.020285,0.070795,1.503428,0.007144,0.002701,-0.056269,0.000213,-0.087740,0.001858,0.056269,0.087760,-0.044603,0.002218,1.503428,0.007144,1.458826,0.009362,0.697614,1.087016,-1.000000,0,0,0.088000,0.088000,0.000000,0.000000,0.088000
40.328000,Descend,18.341825,0.017514,-1.087016,1.591336,0.002548,0.732052,18.292393,0.019833,0.130570,18.285557,0.017727,0.069828,18.829798,0.020313,0.070806,1.503428,0.007144,0.002701,-0.056269,0.000213,-0.088091,0.001876,0.056269,0.088111,-0.044894,0.002232,1.503428,0.007144,1.458534,0.009377,0.697204,1.087016,-1.000000,0,0,0.100000,0.100000,0.000000,0.000000,0.100000
40.332000,Descend,18.341825,0.017514,-1.087016,1.591336,0.002548,0.732052,18.292393,0.019833,0.130570,18.285557,0.017727,0.069828,18.811756,0.020227,0.070774,1.503428,0.007144,0.002701,-0.056269,0.000213,-0.087036,0.001821,0.056269,0.087055,-0.044051,0.002188,1.503428,0.007144,1.459378,0.009332,0.698436,1.087016,-1.000000,0,0,0.100000,0.100000,0.004000,0.000000,0.104000
40.352000,Descend,18.392063,0.017819,-1.063256,1.585226,0.003083,0.743884,18.292393,0.019833,0.130570,18.285557,0.017727,0.069828,18.883921,0.020570,0.070903,1.503428,0.007144,0.002701,-0.106506,-0.000092,-0.139063,0.001524,0.106506,0.139071,-0.085706,0.001951,1.503428,0.007144,1.417723,0.009095,0.637750,1.063256,-1.000000,0,0,0.124000,0.124000,0.000000,0.000000,0.124000
40.360000,Descend,18.392063,0.017819,-1.063256,1.585226,0.003083,0.743884,18.292393,0.019833,0.130570,18.285557,0.017727,0.069828,18.871895,0.020513,0.070882,1.503428,0.007144,0.002701,-0.106506,-0.000092,-0.138407,0.001492,0.106506,0.138415,-0.085192,0.001925,1.503428,0.007144,1.418236,0.009069,0.638516,1.063256,-1.000000,0,0,0.132000,0.132000,0.000000,0.000000,0.132000
40.368000,Descend,18.392063,0.017819,-1.063256,1.585226,0.003083,0.743884,18.458202,0.021589,0.125197,18.475376,0.019541,0.070918,18.871277,0.021839,0.071747,1.488351,0.008641,0.003117,0.083313,0.001722,0.057543,0.003200,0.083331,0.057632,0.071572,0.003291,1.488351,0.008641,1.486236,0.011932,0.732763,1.063256,-1.000000,0,0,0.008000,0.008000,0.000000,0.000000,0.008000
40.384000,Descend,18.417107,0.017971,-1.051300,1.582192,0.003326,0.745289,18.458202,0.021589,0.125197,18.475376,0.019541,0.070918,18.906998,0.022047,0.071822,1.488351,0.008641,0.003117,0.058270,0.001570,0.031055,0.003111,0.058291,0.031211,0.050382,0.003220,1.488351,0.008641,1.538733,0.011860,0.763587,1.051300,-1.000000,0,0,0.024000,0.024000,0.000000,0.000000,0.024000
40.396000,Descend,18.454550,0.018208,-1.033373,1.577617,0.003707,0.742877,18.505432,0.022052,0.125274,18.517550,0.020415,0.071641,18.910971,0.022986,0.072564,1.479030,0.009663,0.003470,0.063000,0.002207,0.036776,0.003792,0.063038,0.036971,0.054959,0.003765,1.479030,0.009663,1.533989,0.013428,0.756868,1.033373,-1.000000,0,0,0.004000,0.004000,0.000000,0.000000,0.004000
40.408000,Descend,18.454550,0.018208,-1.033373,1.577617,0.003707,0.742877,18.505432,0.022052,0.125274,18.517550,0.020415,0.071641,18.928720,0.023102,0.072606,1.479030,0.009663,0.003470,0.063000,0.002207,0.035593,0.003863,0.063038,0.035802,0.054013,0.003822,1.479030,0.009663,1.533043,0.013485,0.758231,1.033373,-1.000000,0,0,0.016000,0.016000,0.000000,0.000000,0.016000
40.424000,Descend,18.491848,0.018451,-1.015542,1.572954,0.004222,0.738010,18.505432,0.022052,0.125274,18.517550,0.020415,0.071641,18.958300,0.023295,0.072675,1.479030,0.009663,0.003470,0.025702,0.001964,-0.002289,0.003585,0.025776,0.004254,0.023707,0.003600,1.479030,0.009663,1.502737,0.013263,0.795037,1.015542,-1.000000,0,0,0.032000,0.032000,0.000000,0.000000,0.032000
40.428000,Descend,18.491848,0.018451,-1.015542,1.572954,0.004222,0.738010,18.505432,0.022052,0.125274,18.517550,0.020415,0.071641,18.946468,0.023218,0.072648,1.479030,0.009663,0.003470,0.025702,0.001964,-0.001537,0.003542,0.025776,0.003861,0.024308,0.003565,1.479030,0.009663,1.503338,0.013228,0.795495,1.015542,-1.000000,0,0,0.036000,0.036000,0.000000,0.000000,0.036000
40.444000,Descend,18.516651,0.018620,-1.003664,1.569933,0.004472,0.738630,18.505432,0.022052,0.125274,18.517550,0.020415,0.071641,18.976049,0.023411,0.072717,1.479030,0.009663,0.003470,0.000898,0.001795,-0.027281,0.003404,0.002007,0.027492,0.003713,0.003455,1.479030,0.009663,1.482744,0.013118,0.767926,1.003664,-1.000000,0,0,0.048000,0.048000,0.000000,0.004000,0.052000
40.460000,Descend,18.553778,0.018848,-0.985791,1.565610,0.004736,0.742580,18.505432,0.022052,0.125274,18.517550,0.020415,0.071641,19.017462,0.023682,0.072814,1.479030,0.009663,0.003470,-0.036228,0.001568,-0.065493,0.003233,0.036262,0.065572,-0.026869,0.003317,1.479030,0.009663,1.452161,0.012981,0.723499,0.985791,-1.000000,0,0,0.068000,0.068000,0.000000,0.000000,0.068000
40.464000,Descend,18.553778,0.018848,-0.985791,1.565610,0.004736,0.742580,18.505432,0.022052,0.125274,18.517550,0.020415,0.071641,18.999714,0.023566,0.072773,1.479030,0.009663,0.003470,-0.036228,0.001568,-0.064453,0.003174,0.036262,0.064531,-0.026040,0.003270,1.479030,0.009663,1.452990,0.012933,0.724714,0.985791,-1.000000,0,0,0.072000,0.072000,0.000000,0.000000,0.072000
40.484000,Descend,18.578459,0.018994,-0.973815,1.562696,0.004886,0.747121,18.505432,0.022052,0.125274,18.517550,0.020415,0.071641,19.052958,0.023913,0.072897,1.479030,0.009663,0.003470,-0.060909,0.001422,-0.091198,0.003151,0.060926,0.091252,-0.047454,0.003252,1.479030,0.009663,1.431576,0.012916,0.693539,0.973815,-1.000000,0,0,0.092000,0.092000,0.000000,0.000000,0.092000
40.492000,Descend,18.603113,0.019091,-0.961796,1.559921,0.005076,0.752383,18.505432,0.022052,0.125274,18.517550,0.020415,0.071641,19.047043,0.023875,0.072884,1.479030,0.009663,0.003470,-0.085564,0.001325,-0.114521,0.002967,0.085574,0.114559,-0.066122,0.003105,1.479030,0.009663,1.412908,0.012768,0.666347,0.961796,-1.000000,0,0,0.100000,0.100000,0.000000,0.000000,0.100000
40.500000,Descend,18.603113,0.019091,-0.961796,1.559921,0.005076,0.752383,18.505432,0.022052,0.125274,18.517550,0.020415,0.071641,19.058874,0.023952,0.072911,1.479030,0.009663,0.003470,-0.085564,0.001325,-0.115170,0.003004,0.085574,0.115209,-0.066650,0.003134,1.479030,0.009663,1.412380,0.012797,0.665590,0.961796,-1.000000,0,0,0.108000,0.108000,0.000000,0.000000,0.108000
40.520000,Descend,18.640013,0.019216,-0.943673,1.555890,0.005257,0.755680,18.505432,0.022052,0.125274,18.517550,0.020415,0.071641,19.106203,0.024261,0.073022,1.479030,0.009663,0.003470,-0.122463,0.001199,-0.153053,0.002952,0.122469,0.153082,-0.096987,0.003093,1.479030,0.009663,1.382043,0.012757,0.621405,0.943673,-1.000000,0,0,0.128000,0.128000,0.000000,0.000000,0.128000
40.528000,Descend,18.640013,0.019216,-0.943673,1.555890,0.005257,0.755680,18.714582,0.024084,0.136712,18.711945,0.022410,0.073684,19.099052,0.025264,0.074826,1.477510,0.010895,0.004357,0.071932,0.003193,0.051397,0.004671,0.072003,0.051609,0.066577,0.004468,1.477510,0.010895,1.450043,0.015363,0.739789,0.943673,-1.000000,0,0,0.000000,0.000000,0.000000,0.000000,0.004000
40.536000,Descend,18.640013,0.019216,-0.943673,1.555890,0.005257,0.755680,18.714582,0.024084,0.136712,18.711945,0.022410,0.073684,19.110872,0.025352,0.074860,1.477510,0.010895,0.004357,0.071932,0.003193,0.050770,0.004716,0.072003,0.050988,0.066079,0.004504,1.477510,0.010895,1.518043,0.015399,0.740514,0.943673,-1.000000,0,0,0.008000,0.008000,0.000000,0.000000,0.012000
40.556000,Descend,18.701283,0.019357,-0.913621,1.549261,0.005504,0.747187,18.714582,0.024084,0.136712,18.711945,0.022410,0.073684,19.152243,0.025657,0.074982,1.477510,0.010895,0.004357,0.010662,0.003053,-0.010719,0.004660,0.011091,0.011688,0.016888,0.004459,1.477510,0.010895,1.494398,0.015354,0.786364,0.913621,-1.000000,0,0,0.028000,0.028000,0.000000,0.000000,0.032000
40.560000,Descend,18.701283,0.019357,-0.913621,1.549261,0.005504,0.747187,18.714582,0.024084,0.136712,18.711945,0.022410,0.073684,19.146332,0.025613,0.074965,1.477510,0.010895,0.004357,0.010662,0.003053,-0.010433,0.004638,0.011091,0.011418,0.017117,0.004442,1.477510,0.010895,1.494627,0.015337,0.786679,0.913621,-1.000000,0,0,0.032000,0.032000,0.000000,0.000000,0.036000
40.576000,Descend,18.725714,0.019409,-0.901762,1.546671,0.005591,0.739849,18.714582,0.024084,0.136712,18.711945,0.022410,0.073684,19.181793,0.025875,0.075070,1.477510,0.010895,0.004357,-0.013769,0.003001,-0.035763,0.004688,0.014092,0.036069,-0.003147,0.004481,1.477510,0.010895,1.474364,0.015377,0.757920,0.901762,-1.000000,0,0,0.048000,0.048000,0.000000,0.000000,0.052000
40.592000,Descend,18.762241,0.019456,-0.884183,1.542641,0.005754,0.734992,18.714582,0.024084,0.136712,18.711945,0.022410,0.073684,19.205433,0.026049,0.075139,1.477510,0.010895,0.004357,-0.050297,0.002954,-0.072050,0.004671,0.050383,0.072201,-0.032188,0.004468,1.477510,0.010895,1.445322,0.015363,0.715765,0.884183,-1.000000,0,0,0.064000,0.064000,0.000000,0.000000,0.068000
40.592000,Descend,18.762241,0.019456,-0.884183,1.542641,0.005754,0.734992,18.714582,0.024084,0.136712,18.711945,0.022410,0.073684,19.181793,0.025875,0.075070,1.477510,0.010895,0.004357,-0.050297,0.002954,-0.071009,0.004589,0.050383,0.071157,-0.031356,0.004402,1.477510,0.010895,1.446155,0.015297,0.716984,0.884183,-1.000000,0,0,0.064000,0.064000,0.000000,0.000000,0.068000
40.608000,Descend,18.762241,0.019456,-0.884183,1.542641,0.005754,0.734992,18.714582,0.024084,0.136712,18.711945,0.022410,0.073684,19.229073,0.026223,0.075209,1.477510,0.010895,0.004357,-0.050297,0.002954,-0.073093,0.004753,0.050383,0.073248,-0.033035,0.004534,1.477510,0.010895,1.444475,0.015429,0.714544,0.884183,-1.000000,0,0,0.080000,0.080000,0.000000,0.000000,0.084000
40.624000,Descend,18.798668,0.019511,-0.866670,1.538691,0.005881,0.738009,18.714582,0.024084,0.136712,18.711945,0.022410,0.073684,19.252714,0.026398,0.075279,1.477510,0.010895,0.004357,-0.086723,0.002899,-0.109114,0.004735,0.086772,0.109216,-0.061869,0.004519,1.477510,0.010895,1.415641,0.015414,0.672581,0.866670,-1.000000,0,0,0.096000,0.096000,0.000000,0.000000,0.100000
40.624000,Descend,18.798668,0.019511,-0.866670,1.538691,0.005881,0.738009,18.855446,0.024025,0.133770,18.857496,0.023718,0.075335,19.225952,0.026528,0.076593,1.473821,0.011242,0.005031,0.058828,0.004207,0.042612,0.005548,0.058979,0.042972,0.059512,0.005169,1.473821,0.011242,1.424141,0.016412,0.749866,0.866670,-1.000000,0,0,0.000000,0.000000,0.000000,0.000000,0.000000
40.640000,Descend,18.822899,0.019550,-0.854960,1.536086,0.006026,0.741308,18.855446,0.024025,0.133770,18.857496,0.023718,0.075335,19.273113,0.026888,0.076754,1.473821,0.011242,0.005031,0.034597,0.004168,0.017038,0.005639,0.034848,0.017947,0.039053,0.005242,1.473821,0.011242,1.512873,0.016485,0.779062,0.854960,-1.000000,0,0,0.016000,0.016000,0.000000,0.000000,0.016000
40.652000,Descend,18.847107,0.019601,-0.843273,1.533479,0.006222,0.742529,18.855446,0.024025,0.133770,18.857496,0.023718,0.075335,19.284904,0.026978,0.076794,1.473821,0.011242,0.005031,0.010389,0.004117,-0.006912,0.005573,0.011175,0.008879,0.019892,0.005189,1.473821,0.011242,1.493713,0.016432,0.789641,0.843273,-1.000000,0,0,0.028000,0.028000,0.000000,0.000000,0.028000
40.660000,Descend,18.847107,0.019601,-0.843273,1.533479,0.006222,0.742529,18.888046,0.024324,0.128165,18.904242,0.024254,0.075745,19.281715,0.027213,0.077075,1.463077,0.011471,0.005158,0.057135,0.004653,0.038971,0.006007,0.057324,0.039431,0.056599,0.005537,1.463077,0.011471,1.519676,0.017008,0.753997,0.843273,-1.000000,0,0,0.000000,0.000000,0.000000,0.000000,0.000000
40.680000,Descend,18.883341,0.019684,-0.825737,1.529721,0.006479,0.744162,18.888046,0.024324,0.128165,18.904242,0.024254,0.075745,19.316830,0.027489,0.077199,1.463077,0.011471,0.005158,0.020901,0.004570,0.002108,0.005978,0.021395,0.006339,0.027108,0.005514,1.463077,0.011471,1.490185,0.016985,0.792605,0.825737,-1.000000,0,0,0.016000,0.016000,0.000000,0.000000,0.016000
40.692000,Descend,18.907442,0.019744,-0.814036,1.527099,0.006632,0.747652,18.888046,0.024324,0.128165,18.904242,0.024254,0.075745,19.340239,0.027672,0.077282,1.463077,0.011471,0.005158,-0.003201,0.004510,-0.022280,0.005952,0.005530,0.023061,0.007598,0.005493,1.463077,0.011471,1.470675,0.016964,0.773095,0.814036,-1.000000,0,0,0.032000,0.032000,0.000000,0.000000,0.032000
40.692000,Descend,18.907442,0.019744,-0.814036,1.527099,0.006632,0.747652,18.888046,0.024324,0.128165,18.904242,0.024254,0.075745,19.316830,0.027489,0.077199,1.463077,0.011471,0.005158,-0.003201,0.004510,-0.021254,0.005875,0.005530,0.022051,0.008419,0.005431,1.463077,0.011471,1.471496,0.016902,0.774274,0.814036,-1.000000,0,0,0.032000,0.032000,0.000000,0.000000,0.032000
40.712000,Descend,18.907442,0.019744,-0.814036,1.527099,0.006632,0.747652,18.888046,0.024324,0.128165,18.904242,0.024254,0.075745,19.375353,0.027948,0.077405,1.463077,0.011471,0.005158,-0.003201,0.004510,-0.023815,0.006068,0.005530,0.024576,0.006370,0.005586,1.463077,0.011471,1.469447,0.017057,0.771328,0.814036,-1.000000,0,0,0.052000,0.052000,0.000000,0.000000,0.052000
40.724000,Descend,18.943491,0.019833,-0.796410,1.523354,0.006942,0.753905,18.888046,0.024324,0.128165,18.904242,0.024254,0.075745,19.381205,0.027994,0.077426,1.463077,0.011471,0.005158,-0.039249,0.004421,-0.058899,0.005897,0.039498,0.059193,-0.021704,0.005449,1.463077,0.011471,1.441373,0.016920,0.730941,0.796410,-1.000000,0,0,0.064000,0.064000,0.000000,0.000000,0.064000
40.724000,Descend,18.943491,0.019833,-0.796410,1.523354,0.006942,0.753905,18.888046,0.024324,0.128165,18.904242,0.024254,0.075745,19.363647,0.027856,0.077364,1.463077,0.011471,0.005158,-0.039249,0.004421,-0.058176,0.005843,0.039498,0.058469,-0.021127,0.005405,1.463077,0.011471,1.441951,0.016876,0.731787,0.796410,-1.000000,0,0,0.064000,0.064000,0.000000,0.000000,0.064000
40.740000,Descend,18.979439,0.019929,-0.778632,1.519800,0.007224,0.761549,18.888046,0.024324,0.128165,18.904242,0.024254,0.075745,19.410467,0.028223,0.077529,1.463077,0.011471,0.005158,-0.075197,0.004325,-0.094822,0.005795,0.075322,0.094999,-0.050458,0.005367,1.463077,0.011471,1.412619,0.016838,0.689168,0.778632,-1.000000,0,0,0.080000,0.080000,0.000000,0.000000,0.080000
40.756000,Descend,19.003342,0.020008,-0.766704,1.517516,0.007393,0.766031,18.888046,0.024324,0.128165,18.904242,0.024254,0.075745,19.433876,0.028406,0.077612,1.463077,0.011471,0.005158,-0.099100,0.004246,-0.118807,0.005722,0.099191,0.118945,-0.069665,0.005309,1.463077,0.011471,1.393412,0.016780,0.661231,0.766704,-1.000000,0,0,0.096000,0.096000,0.000000,0.000000,0.096000
40.756000,Descend,19.003342,0.020008,-0.766704,1.517516,0.007393,0.766031,18.888046,0.024324,0.128165,18.904242,0.024254,0.075745,19.410467,0.028223,0.077529,1.463077,0.011471,0.005158,-0.099100,0.004246,-0.117935,0.005657,0.099191,0.118071,-0.068969,0.005257,1.463077,0.011471,1.394108,0.016727,0.662251,0.766704,-1.000000,0,0,0.096000,0.096000,0.000000,0.000000,0.096000
40.756000,Descend,19.003342,0.020008,-0.766704,1.517516,0.007393,0.766031,18.888046,0.024324,0.128165,18.904242,0.024254,0.075745,19.410467,0.028223,0.077529,1.463077,0.011471,0.005158,-0.099100,0.004246,-0.117935,0.005657,0.099191,0.118071,-0.068970,0.005257,1.463077,0.011471,1.394107,0.016727,0.662251,0.766704,-1.000000,0,0,0.096000,0.096000,0.000000,0.000000,0.096000
40.776000,Descend,19.027214,0.020090,-0.754706,1.515311,0.007521,0.768173,18.888046,0.024324,0.128165,18.904242,0.024254,0.075745,19.468988,0.028682,0.077735,1.463077,0.011471,0.005158,-0.122972,0.004164,-0.143135,0.005689,0.123043,0.143248,-0.089159,0.005282,1.463077,0.011471,1.373918,0.016753,0.632877,0.754706,-1.000000,0,0,0.116000,0.116000,0.000000,0.000000,0.116000
40.792000,Descend,19.062960,0.020255,-0.736724,1.512081,0.007922,0.763699,18.888046,0.024324,0.128165,18.904242,0.024254,0.075745,19.486546,0.028819,0.077797,1.463077,0.011471,0.005158,-0.158718,0.003999,-0.178223,0.005411,0.158768,0.178305,-0.117257,0.005060,1.463077,0.011471,1.345820,0.016531,0.591978,0.736724,-1.000000,0,0,0.132000,0.132000,0.000000,0.000000,0.132000
40.792000,Descend,19.062960,0.020255,-0.736724,1.512081,0.007922,0.763699,19.097902,0.025578,0.137862,19.096619,0.025785,0.077367,19.462074,0.028660,0.078786,1.461825,0.011503,0.005673,0.033659,0.005529,0.021095,0.006425,0.034110,0.022052,0.042197,0.005871,1.461825,0.011503,1.354320,0.017374,0.774273,0.736724,-1.000000,0,0,0.000000,0.000000,0.000000,0.000000,0.000000
40.816000,Descend,19.062960,0.020255,-0.736724,1.512081,0.007922,0.763699,19.097902,0.025578,0.137862,19.096619,0.025785,0.077367,19.520548,0.029121,0.079012,1.461825,0.011503,0.005673,0.033659,0.005529,0.019085,0.006568,0.034110,0.020184,0.040589,0.005986,1.461825,0.011503,1.502414,0.017489,0.776453,0.736724,-1.000000,0,0,0.020000,0.020000,0.000000,0.004000,0.024000
40.824000,Descend,19.086739,0.020373,-0.724835,1.509969,0.008199,0.756346,19.097902,0.025578,0.137862,19.096619,0.025785,0.077367,19.526396,0.029167,0.079035,1.461825,0.011503,0.005673,0.009880,0.005412,-0.004274,0.006383,0.011265,0.007682,0.021901,0.005838,1.461825,0.011503,1.483726,0.017341,0.791037,0.724835,-1.000000,0,0,0.032000,0.032000,0.000000,0.000000,0.032000
40.824000,Descend,19.086739,0.020373,-0.724835,1.509969,0.008199,0.756346,19.097902,0.025578,0.137862,19.096619,0.025785,0.077367,19.508854,0.029028,0.078967,1.461825,0.011503,0.005673,0.009880,0.005412,-0.003696,0.006344,0.011265,0.007342,0.022363,0.005806,1.461825,0.011503,1.484189,0.017310,0.791434,0.724835,-1.000000,0,0,0.032000,0.032000,0.000000,0.000000,0.032000
40.848000,Descend,19.110476,0.020496,-0.713085,1.507855,0.008456,0.746431,19.097902,0.025578,0.137862,19.096619,0.025785,0.077367,19.567326,0.029489,0.079194,1.461825,0.011503,0.005673,-0.013857,0.005289,-0.028679,0.006270,0.014832,0.029356,0.002378,0.005747,1.461825,0.011503,1.464203,0.017251,0.765751,0.713085,-1.000000,0,0,0.052000,0.052000,0.000000,0.000000,0.052000
40.856000,Descend,19.146036,0.020688,-0.695662,1.504563,0.008753,0.740602,19.097902,0.025578,0.137862,19.096619,0.025785,0.077367,19.573174,0.029535,0.079217,1.461825,0.011503,0.005673,-0.049417,0.005096,-0.063351,0.005993,0.049680,0.063634,-0.025368,0.005526,1.461825,0.011503,1.436458,0.017029,0.725761,0.695662,-1.000000,0,0,0.064000,0.064000,0.000000,0.000000,0.064000
40.856000,Descend,19.146036,0.020688,-0.695662,1.504563,0.008753,0.740602,19.180597,0.025286,0.127547,19.187166,0.026241,0.077989,19.551390,0.028991,0.079442,1.456894,0.011003,0.005814,0.041130,0.005553,0.029213,0.006115,0.041503,0.029846,0.048683,0.005623,1.456894,0.011003,1.444958,0.016626,0.765180,0.695662,-1.000000,0,0,0.000000,0.000000,0.000000,0.000000,0.000000
40.872000,Descend,19.146036,0.020688,-0.695662,1.504563,0.008753,0.740602,19.180597,0.025286,0.127547,19.187166,0.026241,0.077989,19.586355,0.029256,0.079582,1.456894,0.011003,0.005814,0.041130,0.005553,0.028069,0.006169,0.041503,0.028738,0.047768,0.005666,1.456894,0.011003,1.504662,0.016669,0.766472,0.695662,-1.000000,0,0,0.012000,0.012000,0.004000,0.000000,0.016000
40.888000,Descend,19.169710,0.020821,-0.684119,1.502367,0.009081,0.742055,19.180597,0.025286,0.127547,19.187166,0.026241,0.077989,19.627148,0.029564,0.079745,1.456894,0.011003,0.005814,0.017456,0.005419,0.003723,0.006000,0.018278,0.007061,0.028292,0.005531,1.456894,0.011003,1.485185,0.016534,0.791762,0.684119,-1.000000,0,0,0.032000,0.032000,0.000000,0.000000,0.032000
40.888000,Descend,19.169710,0.020821,-0.684119,1.502367,0.009081,0.742055,19.180597,0.025286,0.127547,19.187166,0.026241,0.077989,19.598011,0.029344,0.079628,1.456894,0.011003,0.005814,0.017456,0.005419,0.004633,0.005961,0.018278,0.007550,0.029019,0.005500,1.456894,0.011003,1.485913,0.016503,0.791192,0.684119,-1.000000,0,0,0.032000,0.032000,0.000000,0.000000,0.032000
40.896000,Descend,19.205177,0.021038,-0.666695,1.498927,0.009493,0.748786,19.180597,0.025286,0.127547,19.187166,0.026241,0.077989,19.621321,0.029520,0.079721,1.456894,0.011003,0.005814,-0.018011,0.005202,-0.030537,0.005652,0.018747,0.031055,0.000884,0.005253,1.456894,0.011003,1.457778,0.016256,0.763769,0.666695,-1.000000,0,0,0.040000,0.040000,0.000000,0.000000,0.040000
40.912000,Descend,19.240585,0.021264,-0.649091,1.495481,0.009781,0.756042,19.180597,0.025286,0.127547,19.187166,0.026241,0.077989,19.656286,0.029784,0.079861,1.456894,0.011003,0.005814,-0.053419,0.004977,-0.065844,0.005370,0.053650,0.066062,-0.027372,0.005027,1.456894,0.011003,1.429521,0.016030,0.722927,0.649091,-1.000000,0,0,0.056000,0.056000,0.000000,0.000000,0.056000
40.924000,Descend,19.240585,0.021264,-0.649091,1.495481,0.009781,0.756042,19.180597,0.025286,0.127547,19.187166,0.026241,0.077989,19.667942,0.029872,0.079908,1.456894,0.011003,0.005814,-0.053419,0.004977,-0.066153,0.005380,0.053650,0.066371,-0.027627,0.005035,1.456894,0.011003,1.429266,0.016038,0.722567,0.649091,-1.000000,0,0,0.068000,0.068000,0.000000,0.000000,0.068000
40.932000,Descend,19.240585,0.021264,-0.649091,1.495481,0.009781,0.756042,19.180597,0.025286,0.127547,19.187166,0.026241,0.077989,19.673769,0.029916,0.079931,1.456894,0.011003,0.005814,-0.053419,0.004977,-0.066307,0.005385,0.053650,0.066525,-0.027756,0.005039,1.456894,0.011003,1.429137,0.016042,0.722387,0.649091,-1.000000,0,0,0.076000,0.076000,0.000000,0.000000,0.076000
40.952000,Descend,19.264156,0.021419,-0.637251,1.493243,0.010069,0.760801,19.180597,0.025286,0.127547,19.187166,0.026241,0.077989,19.720390,0.030268,0.080117,1.456894,0.011003,0.005814,-0.076990,0.004822,-0.090294,0.005164,0.077141,0.090441,-0.046964,0.004862,1.456894,0.011003,1.409930,0.015866,0.694485,0.637251,-1.000000,0,0,0.096000,0.096000,0.000000,0.000000,0.096000
40.956000,Descend,19.299496,0.021647,-0.619323,1.489915,0.010456,0.766237,19.180597,0.025286,0.127547,19.187166,0.026241,0.077989,19.702908,0.030136,0.080047,1.456894,0.011003,0.005814,-0.112329,0.004594,-0.124018,0.004787,0.112423,0.124110,-0.073948,0.004561,1.456894,0.011003,1.382946,0.015564,0.655205,0.619323,-1.000000,0,0,0.100000,0.100000,0.000000,0.000000,0.100000
40.956000,Descend,19.299496,0.021647,-0.619323,1.489915,0.010456,0.766237,19.180597,0.025286,0.127547,19.187166,0.026241,0.077989,19.697079,0.030092,0.080024,1.456894,0.011003,0.005814,-0.112329,0.004594,-0.123888,0.004785,0.112423,0.123980,-0.073845,0.004559,1.456894,0.011003,1.383048,0.015562,0.655356,0.619323,-1.000000,0,0,0.100000,0.100000,0.000000,0.000000,0.100000
40.980000,Descend,19.323027,0.021790,-0.607293,1.487840,0.010586,0.766542,19.180597,0.025286,0.127547,19.187166,0.026241,0.077989,19.767010,0.030620,0.080303,1.456894,0.011003,0.005814,-0.135860,0.004450,-0.148176,0.004616,0.135933,0.148248,-0.093312,0.004424,1.456894,0.011003,1.363582,0.015427,0.627044,0.607293,-1.000000,0,0,0.124000,0.124000,0.000000,0.000000,0.124000
40.988000,Descend,19.323027,0.021790,-0.607293,1.487840,0.010586,0.766542,19.180597,0.025286,0.127547,19.187166,0.026241,0.077989,19.755354,0.030532,0.080256,1.456894,0.011003,0.005814,-0.135860,0.004450,-0.147930,0.004613,0.135933,0.148002,-0.093127,0.004421,1.456894,0.011003,1.363767,0.015425,0.627331,0.607293,-1.000000,0,0,0.132000,0.132000,0.000000,0.000000,0.132000
40.988000,Descend,19.323027,0.021790,-0.607293,1.487840,0.010586,0.766542,19.180597,0.025286,0.127547,19.187166,0.026241,0.077989,19.743700,0.030444,0.080210,1.456894,0.011003,0.005814,-0.135860,0.004450,-0.147682,0.004610,0.135933,0.147754,-0.092930,0.004419,1.456894,0.011003,1.363964,0.015422,0.627620,0.607293,-1.000000,0,0,0.132000,0.132000,0.000000,0.000000,0.132000
41.000000,Descend,19.370123,0.022079,-0.583130,1.483866,0.011039,0.760858,19.180597,0.025286,0.127547,19.187166,0.026241,0.077989,19.778666,0.030708,0.080349,1.456894,0.011003,0.005814,-0.182957,0.004162,-0.193907,0.004147,0.183004,0.193951,-0.129933,0.004049,1.456894,0.011003,1.326961,0.015052,0.573724,0.583130,-1.000000,0,0,0.144000,0.144000,0.000000,0.000000,0.144000
41.012000,Descend,19.393581,0.022211,-0.571175,1.481920,0.011255,0.753245,19.180597,0.025286,0.127547,19.187166,0.026241,0.077989,19.796148,0.030840,0.080419,1.456894,0.011003,0.005814,-0.206415,0.004030,-0.216875,0.003925,0.206455,0.216911,-0.148333,0.003871,1.456894,0.011003,1.308561,0.014874,0.546938,0.571175,-1.000000,0,0,0.156000,0.156000,0.000000,0.000000,0.156000
41.020000,Descend,19.393581,0.022211,-0.571175,1.481920,0.011255,0.753245,19.180597,0.025286,0.127547,19.187166,0.026241,0.077989,19.801975,0.030884,0.080442,1.456894,0.011003,0.005814,-0.206415,0.004030,-0.216976,0.003924,0.206455,0.217012,-0.148431,0.003870,1.456894,0.011003,1.308462,0.014873,0.546820,0.571175,-1.000000,0,0,0.164000,0.164000,0.000000,0.000000,0.164000
41.028000,Descend,19.393581,0.022211,-0.571175,1.481920,0.011255,0.753245,19.180597,0.025286,0.127547,19.187166,0.026241,0.077989,19.790319,0.030796,0.080396,1.456894,0.011003,0.005814,-0.206415,0.004030,-0.216776,0.003926,0.206455,0.216811,-0.148273,0.003872,1.456894,0.011003,1.308620,0.014875,0.547053,0.571175,-1.000000,0,0,0.164000,0.164000,0.000000,0.000000,0.164000
41.048000,Descend,19.417009,0.022337,-0.559318,1.479980,0.011441,0.743777,19.180597,0.025286,0.127547,19.187166,0.026241,0.077989,19.871906,0.031412,0.080722,1.456894,0.011003,0.005814,-0.229843,0.003904,-0.240694,0.003698,0.229876,0.240722,-0.167475,0.003690,1.456894,0.011003,1.289418,0.014693,0.519157,0.559318,-1.000000,0,0,0.192000,0.192000,0.000000,0.000000,0.192000
41.056000,Descend,19.452103,0.022515,-0.541803,1.477007,0.011723,0.725126,19.180597,0.025286,0.127547,19.187166,0.026241,0.077989,19.854424,0.031280,0.080652,1.456894,0.011003,0.005814,-0.264936,0.003726,-0.274149,0.003396,0.264963,0.274170,-0.194261,0.003448,1.456894,0.011003,1.262633,0.014451,0.480135,0.541803,-1.000000,0,0,0.200000,0.200000,0.000000,0.000000,0.200000
41.068000,Descend,19.452103,0.022515,-0.541803,1.477007,0.011723,0.725126,19.180597,0.025286,0.127547,19.187166,0.026241,0.077989,19.877733,0.031456,0.080745,1.456894,0.011003,0.005814,-0.264936,0.003726,-0.274471,0.003384,0.264963,0.274492,-0.194552,0.003439,1.456894,0.011003,1.262342,0.014442,0.479759,0.541803,-1.000000,0,0,0.212000,0.212000,0.000000,0.000000,0.212000
41.088000,Descend,19.487143,0.022682,-0.524783,1.473846,0.011949,0.700121,19.180597,0.025286,0.127547,19.187166,0.026241,0.077989,19.918528,0.031764,0.080908,1.456894,0.011003,0.005814,-0.299976,0.003559,-0.308485,0.003084,0.299997,0.308500,-0.221825,0.003198,1.456894,0.011003,1.235069,0.014202,0.000000,0.524783,-1.000000,0,0,0.232000,0.232000,0.000000,0.000000,0.232000
41.088000,Descend,19.487143,0.022682,-0.524783,1.473846,0.011949,0.700121,19.180597,0.025286,0.127547,19.187166,0.026241,0.077989,19.889389,0.031544,0.080791,1.456894,0.011003,0.005814,-0.299976,0.003559,-0.308147,0.003103,0.299997,0.308163,-0.221558,0.003214,1.456894,0.011003,1.235336,0.014217,0.000000,0.524783,-1.000000,0,0,0.232000,0.232000,0.000000,0.000000,0.232000
41.088000,Descend,19.487143,0.022682,-0.524783,1.473846,0.011949,0.700121,19.180597,0.025286,0.127547,19.187166,0.026241,0.077989,19.889389,0.031544,0.080791,1.456894,0.011003,0.005814,-0.299976,0.003559,-0.308147,0.003103,0.299997,0.308163,-0.221561,0.003214,1.456894,0.011003,1.235333,0.014217,0.000000,0.524783,-1.000000,0,0,0.232000,0.232000,0.000000,0.000000,0.232000
41.100000,Descend,19.510485,0.022786,-0.513757,1.471610,0.012136,0.681239,19.180597,0.025286,0.127547,19.187166,0.026241,0.077989,19.924355,0.031808,0.080931,1.456894,0.011003,0.005814,-0.323318,0.003454,-0.330765,0.002881,0.323337,0.330777,-0.239694,0.003036,1.456894,0.011003,1.217199,0.014039,0.000000,0.513757,-1.000000,0,0,0.244000,0.244000,0.000000,0.000000,0.244000
41.120000,Descend,19.545465,0.022923,-0.497823,1.468022,0.012385,0.648708,19.180597,0.025286,0.127547,19.187166,0.026241,0.077989,19.965147,0.032116,0.081094,1.456894,0.011003,0.005814,-0.358299,0.003317,-0.364243,0.002579,0.358315,0.364252,-0.266549,0.002795,1.456894,0.011003,1.190344,0.013798,0.500000,0.497823,-1.000000,0,0,0.264000,0.264000,0.000000,0.000000,0.264000
41.120000,Descend,19.545465,0.022923,-0.497823,1.468022,0.012385,0.648708,19.180597,0.025286,0.127547,19.187166,0.026241,0.077989,19.936010,0.031896,0.080977,1.456894,0.011003,0.005814,-0.358299,0.003317,-0.364019,0.002607,0.358315,0.364029,-0.266374,0.002817,1.456894,0.011003,1.190519,0.013820,0.500000,0.497823,-1.000000,0,0,0.264000,0.264000,0.000000,0.000000,0.264000
41.120000,Descend,19.545465,0.022923,-0.497823,1.468022,0.012385,0.648708,19.180597,0.025286,0.127547,19.187166,0.026241,0.077989,19.936010,0.031896,0.080977,1.456894,0.011003,0.005814,-0.358299,0.003317,-0.364019,0.002607,0.358315,0.364029,-0.266378,0.002817,1.456894,0.011003,1.190516,0.013820,0.500000,0.497823,-1.000000,0,0,0.264000,0.264000,0.000000,0.000000,0.264000
41.140000,Descend,19.568748,0.023011,-0.487849,1.465345,0.012572,0.597325,19.180597,0.025286,0.127547,19.187166,0.026241,0.077989,19.994286,0.032336,0.081210,1.456894,0.011003,0.005814,-0.381582,0.003229,-0.386265,0.002360,0.381596,0.386272,-0.284252,0.002619,1.456894,0.011003,1.172642,0.013622,0.500000,0.487849,-1.000000,0,0,0.284000,0.284000,0.000000,0.000000,0.284000
41.152000,Descend,19.603724,0.023099,-0.474850,1.460734,0.012806,0.501232,19.180597,0.025286,0.127547,19.187166,0.026241,0.077989,20.000113,0.032380,0.081233,1.456894,0.011003,0.005814,-0.416557,0.003141,-0.418701,0.002135,0.416569,0.418707,-0.310251,0.002439,1.456894,0.011003,1.146643,0.013442,0.500000,0.474850,-1.000000,0,0,0.296000,0.296000,0.000000,0.000000,0.296000
41.152000,Descend,19.603724,0.023099,-0.474850,1.460734,0.012806,0.501232,19.180597,0.025286,0.127547,19.187166,0.026241,0.077989,19.982630,0.032248,0.081163,1.456894,0.011003,0.005814,-0.416557,0.003141,-0.418653,0.002157,0.416569,0.418659,-0.310217,0.002457,1.456894,0.011003,1.146677,0.013460,0.500000,0.474850,-1.000000,0,0,0.296000,0.296000,0.000000,0.000000,0.296000
41.168000,Descend,19.603724,0.023099,-0.474850,1.460734,0.012806,0.501232,19.180597,0.025286,0.127547,19.187166,0.026241,0.077989,20.029251,0.032600,0.081349,1.456894,0.011003,0.005814,-0.416557,0.003141,-0.418777,0.002099,0.416569,0.418783,-0.310383,0.002410,1.456894,0.011003,1.146510,0.013414,0.500000,0.474850,-1.000000,0,0,0.312000,0.312000,0.000000,0.000000,0.312000
41.188000,Descend,19.615387,0.023124,-0.471055,1.459138,0.012799,0.479116,19.180597,0.025286,0.127547,19.187166,0.026241,0.077989,20.064217,0.032865,0.081489,1.456894,0.011003,0.005814,-0.428221,0.003116,-0.429571,0.002035,0.428232,0.429576,-0.319104,0.002359,1.456894,0.011003,1.137790,0.013362,0.500000,0.471055,-1.000000,0,0,0.332000,0.332000,0.000000,0.000000,0.332000
41.188000,Descend,19.615387,0.023124,-0.471055,1.459138,0.012799,0.479116,19.180597,0.025286,0.127547,19.187166,0.026241,0.077989,20.035078,0.032644,0.081373,1.456894,0.011003,0.005814,-0.428221,0.003116,-0.429527,0.002071,0.428232,0.429532,-0.319073,0.002388,1.456894,0.011003,1.137820,0.013391,0.500000,0.471055,-1.000000,0,0,0.332000,0.332000,0.000000,0.000000,0.332000
41.204000,Descend,19.650251,0.023217,-0.460397,1.453982,0.012959,0.443065,19.180597,0.025286,0.127547,19.187166,0.026241,0.077989,20.081699,0.032997,0.081559,1.456894,0.011003,0.005814,-0.463085,0.003024,-0.461296,0.001823,0.463095,0.461300,-0.344562,0.002189,1.456894,0.011003,1.112332,0.013192,0.500000,0.460397,-1.000000,0,0,0.348000,0.348000,0.000000,0.000000,0.348000
41.216000,Descend,19.685036,0.023282,-0.450599,1.448436,0.013109,0.432699,19.180597,0.025286,0.127547,19.187166,0.026241,0.077989,20.093353,0.033085,0.081605,1.456894,0.011003,0.005814,-0.497869,0.002959,-0.492609,0.001649,0.497878,0.492612,-0.369672,0.002051,1.456894,0.011003,1.087222,0.013054,0.500000,0.450599,-1.000000,0,0,0.360000,0.360000,0.000000,0.000000,0.360000
41.220000,Descend,19.685036,0.023282,-0.450599,1.448436,0.013109,0.432699,19.180597,0.025286,0.127547,19.187166,0.026241,0.077989,20.087526,0.033041,0.081582,1.456894,0.011003,0.005814,-0.497869,0.002959,-0.492643,0.001658,0.497878,0.492646,-0.369719,0.002057,1.456894,0.011003,1.087175,0.013060,0.500000,0.450599,-1.000000,0,0,0.364000,0.364000,0.000000,0.000000,0.364000
41.220000,Descend,19.685036,0.023282,-0.450599,1.448436,0.013109,0.432699,19.716597,0.027236,0.117105,19.717299,0.028798,0.081072,20.081421,0.030895,0.082658,1.456487,0.008386,0.006346,0.032263,0.005516,0.034277,0.004336,0.032731,0.034550,0.051817,0.004200,1.456487,0.008386,1.095675,0.012585,0.500000,0.450599,-1.000000,0,0,0.000000,0.000000,0.000000,0.000000,0.000000
41.240000,Descend,19.708145,0.023311,-0.444247,1.444467,0.013164,0.433158,19.716597,0.027236,0.117105,19.717299,0.028798,0.081072,20.139679,0.031230,0.082912,1.456487,0.008386,0.006346,0.009153,0.005487,0.012638,0.004102,0.010672,0.013287,0.034506,0.004013,1.456487,0.008386,1.265675,0.012398,0.500000,0.444247,-1.000000,0,0,0.020000,0.020000,0.000000,0.000000,0.020000
41.248000,Descend,19.731194,0.023323,-0.437954,1.440180,0.013224,0.437150,19.716597,0.027236,0.117105,19.717299,0.028798,0.081072,20.133854,0.031196,0.082887,1.456487,0.008386,0.006346,-0.013895,0.005475,-0.009232,0.004091,0.014935,0.010098,0.017011,0.004004,1.456487,0.008386,1.333675,0.012390,0.500000,0.437954,-1.000000,0,0,0.028000,0.028000,0.000000,0.000000,0.028000
41.252000,Descend,19.731194,0.023323,-0.437954,1.440180,0.013224,0.437150,19.762600,0.026772,0.113920,19.763784,0.028163,0.081841,20.133652,0.029862,0.083532,1.456169,0.006686,0.006659,0.032591,0.004840,0.036652,0.003180,0.032948,0.036789,0.053717,0.003275,1.456169,0.006686,1.367675,0.009961,0.500000,0.437954,-1.000000,0,0,0.000000,0.000000,0.000000,0.000000,0.000000
41.260000,Descend,19.731194,0.023323,-0.437954,1.440180,0.013224,0.437150,19.762600,0.026772,0.113920,19.763784,0.028163,0.081841,20.151125,0.029942,0.083612,1.456169,0.006686,0.006659,0.032591,0.004840,0.036844,0.003101,0.032948,0.036975,0.053871,0.003212,1.456169,0.006686,1.435675,0.009898,0.500000,0.437954,-1.000000,0,0,0.008000,0.008000,0.000000,0.000000,0.008000
41.276000,Descend,19.765629,0.023315,-0.428410,1.433267,0.013308,0.445553,19.762600,0.026772,0.113920,19.763784,0.028163,0.081841,20.186073,0.030102,0.083772,1.456169,0.006686,0.006659,-0.001844,0.004848,0.004797,0.002927,0.005187,0.005620,0.028233,0.003073,1.456169,0.006686,1.484403,0.009760,0.500000,0.428410,-1.000000,0,0,0.024000,0.024000,0.000000,0.000000,0.024000
41.284000,Descend,19.765629,0.023315,-0.428410,1.433267,0.013308,0.445553,19.762600,0.026772,0.113920,19.763784,0.028163,0.081841,20.186073,0.030102,0.083772,1.456169,0.006686,0.006659,-0.001844,0.004848,0.004797,0.002927,0.005187,0.005620,0.028233,0.003073,1.456169,0.006686,1.484403,0.009760,0.500000,0.428410,-1.000000,0,0,0.032000,0.032000,0.000000,0.000000,0.032000
41.296000,Descend,19.788504,0.023267,-0.422051,1.428369,0.013232,0.451430,19.762600,0.026772,0.113920,19.763784,0.028163,0.081841,20.209372,0.030209,0.083878,1.456169,0.006686,0.006659,-0.024719,0.004897,-0.016212,0.002894,0.025200,0.016469,0.011426,0.003046,1.456169,0.006686,1.467595,0.009733,0.500000,0.422051,-1.000000,0,0,0.044000,0.044000,0.000000,0.000000,0.044000
41.316000,Descend,19.788504,0.023267,-0.422051,1.428369,0.013232,0.451430,19.762600,0.026772,0.113920,19.763784,0.028163,0.081841,20.250145,0.030397,0.084065,1.456169,0.006686,0.006659,-0.024719,0.004897,-0.015434,0.002710,0.025200,0.015670,0.012048,0.002899,1.456169,0.006686,1.468218,0.009586,0.500000,0.422051,-1.000000,0,0,0.064000,0.064000,0.000000,0.000000,0.064000
41.320000,Descend,19.811298,0.023181,-0.415614,1.423226,0.013100,0.457037,19.762600,0.026772,0.113920,19.763784,0.028163,0.081841,20.232672,0.030316,0.083985,1.456169,0.006686,0.006659,-0.047514,0.004982,-0.036905,0.002917,0.047774,0.037020,-0.005128,0.003065,1.456169,0.006686,1.451041,0.009751,0.500000,0.415614,-1.000000,0,0,0.068000,0.068000,0.000000,0.000000,0.068000
41.336000,Descend,19.845341,0.023004,-0.405798,1.415329,0.012955,0.465364,19.762600,0.026772,0.113920,19.763784,0.028163,0.081841,20.273443,0.030504,0.084171,1.456169,0.006686,0.006659,-0.081556,0.005159,-0.067263,0.002965,0.081719,0.067328,-0.029425,0.003103,1.456169,0.006686,1.426744,0.009789,0.500000,0.405798,-1.000000,0,0,0.084000,0.084000,0.000000,0.000000,0.084000
41.352000,Descend,19.856655,0.022934,-0.402475,1.412708,0.012894,0.468050,19.762600,0.026772,0.113920,19.763784,0.028163,0.081841,20.296741,0.030610,0.084278,1.456169,0.006686,0.006659,-0.092871,0.005229,-0.076965,0.002957,0.093018,0.077022,-0.037200,0.003097,1.456169,0.006686,1.418970,0.009784,0.500000,0.402475,-1.000000,0,0,0.100000,0.100000,0.000000,0.000000,0.100000
41.352000,Descend,19.856655,0.022934,-0.402475,1.412708,0.012894,0.468050,19.762600,0.026772,0.113920,19.763784,0.028163,0.081841,20.273443,0.030504,0.084171,1.456169,0.006686,0.006659,-0.092871,0.005229,-0.077660,0.003057,0.093018,0.077720,-0.037756,0.003177,1.456169,0.006686,1.418414,0.009863,0.500000,0.402475,-1.000000,0,0,0.100000,0.100000,0.000000,0.000000,0.100000
41.376000,Descend,19.890461,0.022740,-0.392331,1.404860,0.012699,0.475299,19.762600,0.026772,0.113920,19.763784,0.028163,0.081841,20.331690,0.030771,0.084438,1.456169,0.006686,0.006659,-0.126677,0.005423,-0.106667,0.003078,0.126793,0.106711,-0.060983,0.003193,1.456169,0.006686,1.395187,0.009880,0.500000,0.392331,-1.000000,0,0,0.120000,0.120000,0.000000,0.000000,0.120000
41.384000,Descend,19.890461,0.022740,-0.392331,1.404860,0.012699,0.475299,19.762600,0.026772,0.113920,19.763784,0.028163,0.081841,20.337515,0.030798,0.084464,1.456169,0.006686,0.006659,-0.126677,0.005423,-0.106461,0.003054,0.126793,0.106504,-0.060831,0.003174,1.456169,0.006686,1.395339,0.009861,0.500000,0.392331,-1.000000,0,0,0.132000,0.132000,0.000000,0.000000,0.132000
41.400000,Descend,19.935160,0.022843,-0.377676,1.395479,0.012556,0.484079,19.762600,0.026772,0.113920,19.763784,0.028163,0.081841,20.366638,0.030931,0.084598,1.456169,0.006686,0.006659,-0.171375,0.005321,-0.146250,0.002891,0.171458,0.146278,-0.092685,0.003044,1.456169,0.006686,1.363484,0.009730,0.500000,0.377676,-1.000000,0,0,0.148000,0.148000,0.000000,0.000000,0.148000
41.416000,Descend,19.968575,0.022681,-0.367039,1.389266,0.012287,0.489458,19.762600,0.026772,0.113920,19.763784,0.028163,0.081841,20.389936,0.031038,0.084704,1.456169,0.006686,0.006659,-0.204790,0.005482,-0.176022,0.003074,0.204863,0.176048,-0.116531,0.003190,1.456169,0.006686,1.339638,0.009877,0.500000,0.367039,-1.000000,0,0,0.164000,0.164000,0.000000,0.000000,0.164000
41.416000,Descend,19.968575,0.022681,-0.367039,1.389266,0.012287,0.489458,19.762600,0.026772,0.113920,19.763784,0.028163,0.081841,20.366638,0.030931,0.084598,1.456169,0.006686,0.006659,-0.204790,0.005482,-0.177092,0.003163,0.204863,0.177120,-0.117389,0.003262,1.456169,0.006686,1.338781,0.009948,0.500000,0.367039,-1.000000,0,0,0.164000,0.164000,0.000000,0.000000,0.164000
41.440000,Descend,19.990734,0.022604,-0.359780,1.385422,0.012088,0.492590,19.762600,0.026772,0.113920,19.763784,0.028163,0.081841,20.424885,0.031199,0.084864,1.456169,0.006686,0.006659,-0.226950,0.005559,-0.194830,0.003107,0.227018,0.194855,-0.131618,0.003217,1.456169,0.006686,1.324551,0.009903,0.500000,0.359780,-1.000000,0,0,0.184000,0.184000,0.000000,0.004000,0.188000
41.452000,Descend,20.023830,0.022486,-0.348678,1.380266,0.011824,0.496613,19.762600,0.026772,0.113920,19.763784,0.028163,0.081841,20.442360,0.031279,0.084944,1.456169,0.006686,0.006659,-0.260046,0.005677,-0.224674,0.003283,0.260108,0.224698,-0.155530,0.003358,1.456169,0.006686,1.300640,0.010044,0.500000,0.348678,-1.000000,0,0,0.200000,0.200000,0.000000,0.000000,0.200000
41.452000,Descend,20.023830,0.022486,-0.348678,1.380266,0.011824,0.496613,19.762600,0.026772,0.113920,19.763784,0.028163,0.081841,20.419060,0.031172,0.084837,1.456169,0.006686,0.006659,-0.260046,0.005677,-0.225891,0.003365,0.260108,0.225916,-0.156506,0.003423,1.456169,0.006686,1.299664,0.010110,0.500000,0.348678,-1.000000,0,0,0.200000,0.200000,0.000000,0.000000,0.200000
41.472000,Descend,20.023830,0.022486,-0.348678,1.380266,0.011824,0.496613,19.762600,0.026772,0.113920,19.763784,0.028163,0.081841,20.477308,0.031440,0.085104,1.456169,0.006686,0.006659,-0.260046,0.005677,-0.222853,0.003160,0.260108,0.222875,-0.154119,0.003259,1.456169,0.006686,1.302050,0.009945,0.500000,0.348678,-1.000000,0,0,0.220000,0.220000,0.000000,0.000000,0.220000
41.484000,Descend,20.045813,0.022413,-0.341173,1.377243,0.011718,0.498922,19.762600,0.026772,0.113920,19.763784,0.028163,0.081841,20.483131,0.031466,0.085130,1.456169,0.006686,0.006659,-0.282028,0.005750,-0.243040,0.003264,0.282087,0.243062,-0.170298,0.003343,1.456169,0.006686,1.285871,0.010029,0.500000,0.341173,-1.000000,0,0,0.232000,0.232000,0.000000,0.000000,0.232000
41.484000,Descend,20.045813,0.022413,-0.341173,1.377243,0.011718,0.498922,19.762600,0.026772,0.113920,19.763784,0.028163,0.081841,20.465658,0.031386,0.085050,1.456169,0.006686,0.006659,-0.282028,0.005750,-0.243986,0.003325,0.282087,0.244009,-0.171058,0.003391,1.456169,0.006686,1.285112,0.010077,0.500000,0.341173,-1.000000,0,0,0.232000,0.232000,0.000000,0.000000,0.232000
41.500000,Descend,20.067728,0.022345,-0.333591,1.374464,0.011534,0.501007,19.762600,0.026772,0.113920,19.763784,0.028163,0.081841,20.512255,0.031600,0.085263,1.456169,0.006686,0.006659,-0.303944,0.005819,-0.261948,0.003327,0.303999,0.261969,-0.185469,0.003393,1.456169,0.006686,1.270700,0.010079,0.500000,0.333591,-1.000000,0,0,0.248000,0.248000,0.000000,0.000000,0.248000
41.516000,Descend,20.100498,0.022258,-0.322118,1.370712,0.011237,0.503770,19.762600,0.026772,0.113920,19.763784,0.028163,0.081841,20.535555,0.031707,0.085370,1.456169,0.006686,0.006659,-0.336714,0.005905,-0.291420,0.003493,0.336766,0.291441,-0.209093,0.003526,1.456169,0.006686,1.247076,0.010212,0.500000,0.322118,-1.000000,0,0,0.264000,0.264000,0.000000,0.000000,0.264000
41.524000,Descend,20.100498,0.022258,-0.322118,1.370712,0.011237,0.503770,19.762600,0.026772,0.113920,19.763784,0.028163,0.081841,20.512255,0.031600,0.085263,1.456169,0.006686,0.006659,-0.336714,0.005905,-0.292789,0.003566,0.336766,0.292811,-0.210192,0.003584,1.456169,0.006686,1.245977,0.010270,0.500000,0.322118,-1.000000,0,0,0.264000,0.264000,0.008000,0.000000,0.272000
41.540000,Descend,20.133148,0.022192,-0.310564,1.367435,0.011037,0.506181,19.762600,0.026772,0.113920,19.763784,0.028163,0.081841,20.582151,0.031921,0.085583,1.456169,0.006686,0.006659,-0.369364,0.005971,-0.319494,0.003526,0.369412,0.319514,-0.231632,0.003552,1.456169,0.006686,1.224537,0.010238,0.500000,0.310564,-1.000000,0,0,0.288000,0.288000,0.000000,0.000000,0.288000
41.548000,Descend,20.133148,0.022192,-0.310564,1.367435,0.011037,0.506181,19.762600,0.026772,0.113920,19.763784,0.028163,0.081841,20.570501,0.031868,0.085530,1.456169,0.006686,0.006659,-0.369364,0.005971,-0.320206,0.003561,0.369412,0.320226,-0.232227,0.003580,1.456169,0.006686,1.223942,0.010266,0.500000,0.310564,-1.000000,0,0,0.296000,0.296000,0.000000,0.000000,0.296000
41.548000,Descend,20.133148,0.022192,-0.310564,1.367435,0.011037,0.506181,19.762600,0.026772,0.113920,19.763784,0.028163,0.081841,20.558853,0.031814,0.085477,1.456169,0.006686,0.006659,-0.369364,0.005971,-0.320915,0.003596,0.369412,0.320935,-0.232798,0.003608,1.456169,0.006686,1.223371,0.010294,0.500000,0.310564,-1.000000,0,0,0.296000,0.296000,0.000000,0.000000,0.296000
41.548000,Descend,20.133148,0.022192,-0.310564,1.367435,0.011037,0.506181,19.762600,0.026772,0.113920,19.763784,0.028163,0.081841,20.558853,0.031814,0.085477,1.456169,0.006686,0.006659,-0.369364,0.005971,-0.320915,0.003596,0.369412,0.320935,-0.232801,0.003608,1.456169,0.006686,1.223368,0.010294,0.500000,0.310564,-1.000000,0,0,0.296000,0.296000,0.000000,0.000000,0.296000
41.572000,Descend,20.175856,0.022010,-0.295694,1.363407,0.010580,0.502624,19.762600,0.026772,0.113920,19.763784,0.028163,0.081841,20.628750,0.032135,0.085796,1.456169,0.006686,0.006659,-0.412071,0.006153,-0.356970,0.003840,0.412117,0.356990,-0.261731,0.003803,1.456169,0.006686,1.194439,0.010490,0.500000,0.295694,-1.000000,0,0,0.320000,0.320000,0.000000,0.000000,0.320000
41.584000,Descend,20.175856,0.022010,-0.295694,1.363407,0.010580,0.502624,19.762600,0.026772,0.113920,19.763784,0.028163,0.081841,20.628750,0.032135,0.085796,1.456169,0.006686,0.006659,-0.412071,0.006153,-0.356970,0.003840,0.412117,0.356990,-0.261773,0.003803,1.456169,0.006686,1.194396,0.010490,0.500000,0.295694,-1.000000,0,0,0.332000,0.332000,0.000000,0.000000,0.332000
41.592000,Descend,20.197180,0.021971,-0.288215,1.361398,0.010476,0.501437,19.762600,0.026772,0.113920,19.763784,0.028163,0.081841,20.634573,0.032162,0.085823,1.456169,0.006686,0.006659,-0.433395,0.006193,-0.376722,0.003927,0.433440,0.376743,-0.277606,0.003872,1.456169,0.006686,1.178564,0.010559,0.500000,0.288215,-1.000000,0,0,0.340000,0.340000,0.000000,0.000000,0.340000
41.616000,Descend,20.218481,0.021938,-0.280698,1.359436,0.010368,0.500676,19.762600,0.026772,0.113920,19.763784,0.028163,0.081841,20.681171,0.032376,0.086036,1.456169,0.006686,0.006659,-0.454697,0.006225,-0.393755,0.003906,0.454739,0.393774,-0.291310,0.003856,1.456169,0.006686,1.164859,0.010542,0.500000,0.280698,-1.000000,0,0,0.360000,0.360000,0.000000,0.004000,0.364000
41.616000,Descend,20.218481,0.021938,-0.280698,1.359436,0.010368,0.500676,19.762600,0.026772,0.113920,19.763784,0.028163,0.081841,20.663696,0.032295,0.085956,1.456169,0.006686,0.006659,-0.454697,0.006225,-0.394917,0.003950,0.454739,0.394936,-0.292255,0.003891,1.456169,0.006686,1.163914,0.010577,0.500000,0.280698,-1.000000,0,0,0.364000,0.364000,0.000000,0.000000,0.364000
41.624000,Descend,20.218481,0.021938,-0.280698,1.359436,0.010368,0.500676,19.762600,0.026772,0.113920,19.763784,0.028163,0.081841,20.657873,0.032269,0.085929,1.456169,0.006686,0.006659,-0.454697,0.006225,-0.395302,0.003965,0.454739,0.395322,-0.292568,0.003903,1.456169,0.006686,1.163602,0.010589,0.500000,0.280698,-1.000000,0,0,0.364000,0.364000,0.004000,0.000000,0.368000
41.640000,Descend,20.250416,0.021918,-0.269421,1.356448,0.010226,0.500372,19.762600,0.026772,0.113920,19.763784,0.028163,0.081841,20.727768,0.032590,0.086249,1.456169,0.006686,0.006659,-0.486631,0.006246,-0.420616,0.003902,0.486671,0.420634,-0.312920,0.003853,1.456169,0.006686,1.143249,0.010540,0.500000,0.269421,-1.000000,0,0,0.388000,0.388000,0.000000,0.000000,0.388000
41.648000,Descend,20.250416,0.021918,-0.269421,1.356448,0.010226,0.500372,19.762600,0.026772,0.113920,19.763784,0.028163,0.081841,20.716120,0.032536,0.086196,1.456169,0.006686,0.006659,-0.486631,0.006246,-0.421413,0.003931,0.486671,0.421432,-0.313592,0.003876,1.456169,0.006686,1.142578,0.010562,0.500000,0.269421,-1.000000,0,0,0.396000,0.396000,0.000000,0.000000,0.396000
41.648000,Descend,20.250416,0.021918,-0.269421,1.356448,0.010226,0.500372,19.762600,0.026772,0.113920,19.763784,0.028163,0.081841,20.704470,0.032483,0.086142,1.456169,0.006686,0.006659,-0.486631,0.006246,-0.422211,0.003959,0.486671,0.422229,-0.314234,0.003898,1.456169,0.006686,1.141936,0.010585,0.500000,0.269421,-1.000000,0,0,0.396000,0.396000,0.000000,0.000000,0.396000
41.664000,Descend,20.282320,0.021933,-0.258222,1.353265,0.010183,0.500407,19.762600,0.026772,0.113920,19.763784,0.028163,0.081841,20.739418,0.032643,0.086302,1.456169,0.006686,0.006659,-0.518536,0.006230,-0.449589,0.003888,0.518573,0.449606,-0.336190,0.003842,1.456169,0.006686,1.119979,0.010528,0.500000,0.258222,-1.000000,0,0,0.408000,0.408000,0.000000,0.004000,0.412000
41.680000,Descend,20.292944,0.021942,-0.254490,1.352165,0.010156,0.500554,19.762600,0.026772,0.113920,19.763784,0.028163,0.081841,20.780191,0.032830,0.086489,1.456169,0.006686,0.006659,-0.529160,0.006222,-0.456564,0.003800,0.529196,0.456580,-0.341861,0.003771,1.456169,0.006686,1.114308,0.010457,0.500000,0.254490,-1.000000,0,0,0.428000,0.428000,0.000000,0.000000,0.428000
41.680000,Descend,20.292944,0.021942,-0.254490,1.352165,0.010156,0.500554,20.368286,0.021709,0.098606,20.379622,0.025150,0.081984,20.740400,0.024236,0.083258,1.443115,-0.003659,0.005095,0.086678,0.003209,0.109415,-0.000245,0.086737,0.109415,0.110923,0.000535,1.443115,-0.003659,1.122808,0.001957,0.500000,0.254490,-1.000000,0,0,0.000000,0.000000,0.000000,0.000000,0.000000
41.692000,Descend,20.292944,0.021942,-0.254490,1.352165,0.010156,0.500554,20.368286,0.021709,0.098606,20.379622,0.025150,0.081984,20.775036,0.024148,0.083380,1.443115,-0.003659,0.005095,0.086678,0.003209,0.111599,-0.000577,0.086737,0.111600,0.112683,0.000270,1.443115,-0.003659,1.224808,-0.003390,0.500000,0.254490,-1.000000,0,0,0.012000,0.012000,0.000000,0.000000,0.012000
41.712000,Descend,20.362144,0.022127,-0.229757,1.343862,0.010110,0.503231,20.368286,0.021709,0.098606,20.379622,0.025150,0.081984,20.815443,0.024045,0.083523,1.443115,-0.003659,0.005095,0.017477,0.003024,0.047453,-0.001134,0.017737,0.047466,0.061367,-0.000176,1.443115,-0.003659,1.394808,-0.003836,0.500000,0.229757,-1.000000,0,0,0.032000,0.032000,0.000000,0.000000,0.032000
41.716000,Descend,20.362144,0.022127,-0.229757,1.343862,0.010110,0.503231,20.368286,0.021709,0.098606,20.379622,0.025150,0.081984,20.798124,0.024089,0.083462,1.443115,-0.003659,0.005095,0.017477,0.003024,0.046261,-0.000969,0.017737,0.046271,0.060413,-0.000044,1.443115,-0.003659,1.428808,-0.003704,0.500000,0.229757,-1.000000,0,0,0.036000,0.036000,0.000000,0.000000,0.036000
41.724000,Descend,20.362144,0.022127,-0.229757,1.343862,0.010110,0.503231,20.368286,0.021709,0.098606,20.379622,0.025150,0.081984,20.815443,0.024045,0.083523,1.443115,-0.003659,0.005095,0.017477,0.003024,0.047453,-0.001134,0.017737,0.047466,0.061367,-0.000176,1.443115,-0.003659,1.496808,-0.003836,0.500000,0.229757,-1.000000,0,0,0.044000,0.044000,0.000000,0.000000,0.044000
41.744000,Descend,20.393892,0.022203,-0.218514,1.339298,0.010089,0.503884,20.368286,0.021709,0.098606,20.379622,0.025150,0.081984,20.861622,0.023928,0.083686,1.443115,-0.003659,0.005095,-0.014271,0.002947,0.020405,-0.001645,0.014572,0.020471,0.039728,-0.000585,1.443115,-0.003659,1.482843,-0.004244,0.500000,0.218514,-1.000000,0,0,0.064000,0.064000,0.000000,0.000000,0.064000
41.748000,Descend,20.393892,0.022203,-0.218514,1.339298,0.010089,0.503884,20.477083,0.021471,0.101744,20.480684,0.023005,0.080270,20.848606,0.021236,0.081259,1.448513,-0.006965,0.003897,0.086792,0.000801,0.114532,-0.003530,0.086796,0.114587,0.115035,-0.002093,1.448513,-0.006965,1.516843,-0.009058,0.500000,0.218514,-1.000000,0,0,0.000000,0.000000,0.000000,0.000000,0.000000
41.760000,Descend,20.404467,0.022236,-0.214752,1.337687,0.010075,0.504098,20.477083,0.021471,0.101744,20.480684,0.023005,0.080270,20.877577,0.021096,0.081337,1.448513,-0.006965,0.003897,0.076218,0.000769,0.106585,-0.003900,0.076222,0.106656,0.108689,-0.002389,1.448513,-0.006965,1.557202,-0.009354,0.500000,0.214752,-1.000000,0,0,0.012000,0.012000,0.000000,0.000000,0.012000
41.776000,Descend,20.436117,0.022338,-0.203460,1.332659,0.010068,0.504068,20.477083,0.021471,0.101744,20.480684,0.023005,0.080270,20.906548,0.020957,0.081415,1.448513,-0.006965,0.003897,0.044567,0.000667,0.078629,-0.004341,0.044572,0.078748,0.086337,-0.002741,1.448513,-0.006965,1.534850,-0.009706,0.500000,0.203460,-1.000000,0,0,0.028000,0.028000,0.000000,0.000000,0.028000
41.780000,Descend,20.436117,0.022338,-0.203460,1.332659,0.010068,0.504068,20.512098,0.021296,0.094459,20.524569,0.021952,0.078090,20.891371,0.019818,0.078738,1.444102,-0.008401,0.002553,0.088451,-0.000386,0.116758,-0.005077,0.088452,0.116869,0.116845,-0.003330,1.444102,-0.008401,1.560948,-0.011731,0.500000,0.203460,-1.000000,0,0,0.000000,0.000000,0.000000,0.000000,0.000000
41.792000,Descend,20.436117,0.022338,-0.203460,1.332659,0.010068,0.504068,20.512098,0.021296,0.094459,20.524569,0.021952,0.078090,20.920252,0.019650,0.078789,1.444102,-0.008401,0.002553,0.088451,-0.000386,0.118986,-0.005446,0.088452,0.119111,0.118642,-0.003626,1.444102,-0.008401,1.562744,-0.012027,0.500000,0.203460,-1.000000,0,0,0.012000,0.012000,0.000000,0.000000,0.012000
41.812000,Descend,20.467735,0.022467,-0.192101,1.327621,0.010075,0.504375,20.512098,0.021296,0.094459,20.524569,0.021952,0.078090,20.960688,0.019415,0.078861,1.444102,-0.008401,0.002553,0.056833,-0.000515,0.092010,-0.006095,0.056836,0.092212,0.097080,-0.004145,1.444102,-0.008401,1.541182,-0.012546,0.500000,0.192101,-1.000000,0,0,0.032000,0.032000,0.000000,0.000000,0.032000
41.820000,Descend,20.488775,0.022546,-0.184511,1.324489,0.010022,0.504549,20.512098,0.021296,0.094459,20.524569,0.021952,0.078090,20.954910,0.019448,0.078850,1.444102,-0.008401,0.002553,0.035793,-0.000594,0.071438,-0.006084,0.035798,0.071696,0.080627,-0.004136,1.444102,-0.008401,1.524730,-0.012537,0.500000,0.184511,-1.000000,0,0,0.040000,0.040000,0.000000,0.000000,0.040000
41.836000,Descend,20.509792,0.022617,-0.176903,1.321632,0.009913,0.504739,20.512098,0.021296,0.094459,20.524569,0.021952,0.078090,20.989569,0.019247,0.078912,1.444102,-0.008401,0.002553,0.014776,-0.000665,0.054211,-0.006562,0.014791,0.054606,0.066854,-0.004519,1.444102,-0.008401,1.510957,-0.012919,0.500000,0.176903,-1.000000,0,0,0.056000,0.056000,0.000000,0.000000,0.056000
41.848000,Descend,20.509792,0.022617,-0.176903,1.321632,0.009913,0.504739,20.512098,0.021296,0.094459,20.524569,0.021952,0.078090,21.001122,0.019179,0.078932,1.444102,-0.008401,0.002553,0.014776,-0.000665,0.055191,-0.006709,0.014791,0.055597,0.067645,-0.004636,1.444102,-0.008401,1.511748,-0.013037,0.500000,0.176903,-1.000000,0,0,0.068000,0.068000,0.000000,0.000000,0.068000
41.856000,Descend,20.541384,0.022668,-0.165695,1.318226,0.009654,0.504732,20.612255,0.021142,0.095798,20.622139,0.020961,0.076235,21.005934,0.018531,0.076597,1.442839,-0.009138,0.001361,0.080755,-0.001707,0.113901,-0.006706,0.080773,0.114098,0.114623,-0.004633,1.442839,-0.009138,1.557461,-0.013771,0.500000,0.165695,-1.000000,0,0,0.008000,0.008000,0.000000,0.000000,0.008000
41.876000,Descend,20.572945,0.022714,-0.154400,1.315981,0.009406,0.504850,20.612255,0.021142,0.095798,20.622139,0.020961,0.076235,21.052105,0.018238,0.076641,1.442839,-0.009138,0.001361,0.049194,-0.001753,0.086998,-0.007279,0.049226,0.087302,0.093117,-0.005092,1.442839,-0.009138,1.535956,-0.014230,0.500000,0.154400,-1.000000,0,0,0.028000,0.028000,0.000000,0.000000,0.028000
41.880000,Descend,20.572945,0.022714,-0.154400,1.315981,0.009406,0.504850,20.612255,0.021142,0.095798,20.622139,0.020961,0.076235,21.034790,0.018348,0.076624,1.442839,-0.009138,0.001361,0.049194,-0.001753,0.085474,-0.007056,0.049226,0.085765,0.091902,-0.004914,1.442839,-0.009138,1.534740,-0.014052,0.500000,0.154400,-1.000000,0,0,0.032000,0.032000,0.000000,0.000000,0.032000
41.900000,Descend,20.593952,0.022752,-0.146786,1.315164,0.009175,0.505277,20.612255,0.021142,0.095798,20.622139,0.020961,0.076235,21.086733,0.018019,0.076673,1.442839,-0.009138,0.001361,0.028187,-0.001791,0.069298,-0.007688,0.028244,0.069723,0.078975,-0.005419,1.442839,-0.009138,1.521813,-0.014557,0.500000,0.146786,-1.000000,0,0,0.052000,0.052000,0.000000,0.000000,0.052000
41.912000,Descend,20.625462,0.022811,-0.135276,1.314942,0.008760,0.506138,20.612255,0.021142,0.095798,20.622139,0.020961,0.076235,21.092505,0.017982,0.076679,1.442839,-0.009138,0.001361,-0.003323,-0.001850,0.038372,-0.007685,0.003803,0.039134,0.054234,-0.005417,1.442839,-0.009138,1.497072,-0.014554,0.500000,0.135276,-1.000000,0,0,0.064000,0.064000,0.000000,0.000000,0.064000
41.912000,Descend,20.625462,0.022811,-0.135276,1.314942,0.008760,0.506138,20.719322,0.020482,0.094769,20.718163,0.020099,0.074710,21.080706,0.017686,0.074811,1.450174,-0.009650,0.000407,0.092701,-0.002712,0.126509,-0.007315,0.092741,0.126720,0.124745,-0.005121,1.450174,-0.009650,1.505572,-0.014771,0.500000,0.135276,-1.000000,0,0,0.000000,0.000000,0.000000,0.000000,0.000000
41.932000,Descend,20.625462,0.022811,-0.135276,1.314942,0.008760,0.506138,20.719322,0.020482,0.094769,20.718163,0.020099,0.074710,21.138714,0.017300,0.074828,1.450174,-0.009650,0.000407,0.092701,-0.002712,0.131920,-0.008051,0.092741,0.132165,0.129100,-0.005710,1.450174,-0.009650,1.579274,-0.015360,0.500000,0.135276,-1.000000,0,0,0.020000,0.020000,0.000000,0.000000,0.020000
41.944000,Descend,20.646471,0.022844,-0.127557,1.315417,0.008507,0.506914,20.719322,0.020482,0.094769,20.718163,0.020099,0.074710,21.144514,0.017262,0.074829,1.450174,-0.009650,0.000407,0.071692,-0.002745,0.111311,-0.008083,0.071744,0.111604,0.112626,-0.005735,1.450174,-0.009650,1.562800,-0.015385,0.500000,0.127557,-1.000000,0,0,0.032000,0.032000,0.000000,0.000000,0.032000
41.944000,Descend,20.646471,0.022844,-0.127557,1.315417,0.008507,0.506914,20.758474,0.020118,0.089296,20.765347,0.019601,0.072796,21.128387,0.017101,0.072612,1.452165,-0.010002,-0.000738,0.118876,-0.003243,0.153063,-0.007870,0.118920,0.153265,0.146029,-0.005565,1.452165,-0.010002,1.571300,-0.015566,0.500000,0.127557,-1.000000,0,0,0.000000,0.000000,0.000000,0.000000,0.000000
41.968000,Descend,20.667498,0.022866,-0.119805,1.316464,0.008124,0.507584,20.758474,0.020118,0.089296,20.765347,0.019601,0.072796,21.198092,0.016621,0.072577,1.452165,-0.010002,-0.000738,0.097849,-0.003265,0.138288,-0.008667,0.097903,0.138560,0.134243,-0.006202,1.452165,-0.010002,1.586408,-0.016204,0.500000,0.119805,-1.000000,0,0,0.024000,0.024000,0.000000,0.000000,0.024000
41.980000,Descend,20.699146,0.022894,-0.108127,1.318913,0.007582,0.508603,20.758474,0.020118,0.089296,20.765347,0.019601,0.072796,21.198092,0.016621,0.072577,1.452165,-0.010002,-0.000738,0.066200,-0.003293,0.105909,-0.008533,0.066282,0.106253,0.108352,-0.006095,1.452165,-0.010002,1.560517,-0.016097,0.500000,0.108127,-1.000000,0,0,0.036000,0.036000,0.000000,0.000000,0.036000
41.980000,Descend,20.699146,0.022894,-0.108127,1.318913,0.007582,0.508603,20.758474,0.020118,0.089296,20.765347,0.019601,0.072796,21.180666,0.016741,0.072585,1.452165,-0.010002,-0.000738,0.066200,-0.003293,0.104311,-0.008322,0.066282,0.104642,0.107075,-0.005926,1.452165,-0.010002,1.559240,-0.015928,0.500000,0.108127,-1.000000,0,0,0.036000,0.036000,0.000000,0.000000,0.036000
42.008000,Descend,20.709717,0.022903,-0.104221,1.319897,0.007376,0.508932,20.758474,0.020118,0.089296,20.765347,0.019601,0.072796,21.261988,0.016180,0.072544,1.452165,-0.010002,-0.000738,0.055630,-0.003302,0.100866,-0.009245,0.055728,0.101289,0.104347,-0.006665,1.452165,-0.010002,1.556512,-0.016667,0.500000,0.104221,-1.000000,0,0,0.064000,0.064000,0.000000,0.000000,0.064000
42.012000,Descend,20.741524,0.022896,-0.092492,1.323611,0.006799,0.509590,20.758474,0.020118,0.089296,20.765347,0.019601,0.072796,21.232944,0.016380,0.072559,1.452165,-0.010002,-0.000738,0.023823,-0.003295,0.065218,-0.008705,0.024050,0.065796,0.075831,-0.006233,1.452165,-0.010002,1.527996,-0.016234,0.500000,0.092492,-1.000000,0,0,0.068000,0.068000,0.000000,0.000000,0.068000
42.028000,Descend,20.741524,0.022896,-0.092492,1.323611,0.006799,0.509590,20.758474,0.020118,0.089296,20.765347,0.019601,0.072796,21.273603,0.016100,0.072538,1.452165,-0.010002,-0.000738,0.023823,-0.003295,0.068815,-0.009175,0.024050,0.069424,0.078720,-0.006609,1.452165,-0.010002,1.530885,-0.016611,0.500000,0.092492,-1.000000,0,0,0.084000,0.084000,0.000000,0.000000,0.084000
42.044000,Descend,20.784054,0.022904,-0.076634,1.329839,0.006023,0.510578,20.758474,0.020118,0.089296,20.765347,0.019601,0.072796,21.296839,0.015940,0.072526,1.452165,-0.010002,-0.000738,-0.018707,-0.003303,0.026064,-0.009168,0.018997,0.027629,0.044519,-0.006603,1.452165,-0.010002,1.496684,-0.016605,0.500000,0.076634,-1.000000,0,0,0.100000,0.100000,0.000000,0.000000,0.100000
42.044000,Descend,20.784054,0.022904,-0.076634,1.329839,0.006023,0.510578,20.758474,0.020118,0.089296,20.765347,0.019601,0.072796,21.273603,0.016100,0.072538,1.452165,-0.010002,-0.000738,-0.018707,-0.003303,0.024107,-0.008911,0.018997,0.025701,0.042953,-0.006398,1.452165,-0.010002,1.495118,-0.016400,0.500000,0.076634,-1.000000,0,0,0.100000,0.100000,0.000000,0.000000,0.100000
42.060000,Descend,20.816170,0.022823,-0.064801,1.335343,0.005295,0.511077,20.758474,0.020118,0.089296,20.765347,0.019601,0.072796,21.320074,0.015780,0.072515,1.452165,-0.010002,-0.000738,-0.050823,-0.003222,-0.006197,-0.009065,0.050925,0.010981,0.018710,-0.006521,1.452165,-0.010002,1.470875,-0.016523,0.500000,0.064801,-1.000000,0,0,0.116000,0.116000,0.000000,0.000000,0.116000
42.076000,Descend,20.837715,0.022698,-0.056881,1.339395,0.004715,0.511437,20.758474,0.020118,0.089296,20.765347,0.019601,0.072796,21.343307,0.015620,0.072503,1.452165,-0.010002,-0.000738,-0.072369,-0.003097,-0.027487,-0.008954,0.072435,0.028908,0.001678,-0.006432,1.452165,-0.010002,1.453843,-0.016434,0.500000,0.056881,-1.000000,1,0,0.132000,0.132000,0.000000,0.000000,0.132000
42.076000,Descend,20.837715,0.022698,-0.056881,1.339395,0.004715,0.511437,20.758474,0.020118,0.089296,20.765347,0.019601,0.072796,21.320074,0.015780,0.072515,1.452165,-0.010002,-0.000738,-0.072369,-0.003097,-0.029289,-0.008719,0.072435,0.030559,0.000236,-0.006244,1.452165,-0.010002,1.452402,-0.016245,0.500000,0.056881,-1.000000,1,0,0.132000,0.132000,0.000000,0.000000,0.132000
42.092000,Descend,20.859314,0.022574,-0.048943,1.343751,0.004212,0.511999,20.758474,0.020118,0.089296,20.765347,0.019601,0.072796,21.366543,0.015460,0.072491,1.452165,-0.010002,-0.000738,-0.093967,-0.002973,-0.049084,-0.008857,0.094014,0.049876,-0.015599,-0.006355,1.452165,-0.010002,1.436566,-0.016356,0.500000,0.048943,-1.000000,0,0,0.148000,0.148000,0.000000,0.000000,0.148000
42.108000,Descend,20.859314,0.022574,-0.048943,1.343751,0.004212,0.511999,20.758474,0.020118,0.089296,20.765347,0.019601,0.072796,21.389778,0.015300,0.072479,1.452165,-0.010002,-0.000738,-0.093967,-0.002973,-0.047348,-0.009085,0.094014,0.048212,-0.014211,-0.006537,1.452165,-0.010002,1.437954,-0.016538,0.500000,0.048943,-1.000000,0,0,0.164000,0.164000,0.000000,0.000000,0.164000
42.112000,Descend,20.891930,0.022294,-0.036970,1.350425,0.003236,0.512855,20.758474,0.020118,0.089296,20.765347,0.019601,0.072796,21.378160,0.015380,0.072485,1.452165,-0.010002,-0.000738,-0.126583,-0.002693,-0.083649,-0.008279,0.126612,0.084057,-0.043255,-0.005892,1.452165,-0.010002,1.408911,-0.015893,0.500000,0.036970,-1.000000,0,0,0.168000,0.168000,0.000000,0.000000,0.168000
42.128000,Descend,20.891930,0.022294,-0.036970,1.350425,0.003236,0.512855,20.758474,0.020118,0.089296,20.765347,0.019601,0.072796,21.418821,0.015100,0.072464,1.452165,-0.010002,-0.000738,-0.126583,-0.002693,-0.080799,-0.008649,0.126612,0.081261,-0.040988,-0.006188,1.452165,-0.010002,1.411177,-0.016190,0.500000,0.036970,-1.000000,0,0,0.184000,0.184000,0.000000,0.000000,0.184000
42.144000,Descend,20.913773,0.022084,-0.028949,1.354984,0.002737,0.513393,20.758474,0.020118,0.089296,20.765347,0.019601,0.072796,21.442055,0.014940,0.072453,1.452165,-0.010002,-0.000738,-0.148426,-0.002483,-0.103140,-0.008419,0.148447,0.103483,-0.058877,-0.006004,1.452165,-0.010002,1.393288,-0.016006,0.500000,0.028949,-1.000000,0,0,0.200000,0.200000,0.000000,0.000000,0.200000
42.144000,Descend,20.913773,0.022084,-0.028949,1.354984,0.002737,0.513393,20.758474,0.020118,0.089296,20.765347,0.019601,0.072796,21.418821,0.015100,0.072464,1.452165,-0.010002,-0.000738,-0.148426,-0.002483,-0.104694,-0.008216,0.148447,0.105016,-0.060122,-0.005841,1.452165,-0.010002,1.392044,-0.015843,0.500000,0.028949,-1.000000,0,0,0.200000,0.200000,0.000000,0.000000,0.200000
42.164000,Descend,20.946688,0.021736,-0.016861,1.362078,0.001732,0.514186,20.758474,0.020118,0.089296,20.765347,0.019601,0.072796,21.476908,0.014700,0.072435,1.452165,-0.010002,-0.000738,-0.181341,-0.002135,-0.137197,-0.007885,0.181354,0.137424,-0.086152,-0.005577,1.452165,-0.010002,1.366014,-0.015578,0.500000,0.016861,-1.000000,0,0,0.220000,0.220000,0.000000,0.000000,0.220000
42.176000,Descend,20.979925,0.021235,-0.004732,1.368980,0.000680,0.514717,20.758474,0.020118,0.089296,20.765347,0.019601,0.072796,21.482716,0.014660,0.072432,1.452165,-0.010002,-0.000738,-0.214579,-0.001634,-0.173485,-0.006911,0.214585,0.173622,-0.115202,-0.004798,1.452165,-0.010002,1.336963,-0.014799,0.500000,0.004732,-1.000000,0,0,0.232000,0.232000,0.000000,0.000000,0.232000
42.176000,Descend,20.979925,0.021235,-0.004732,1.368980,0.000680,0.514717,20.758474,0.020118,0.089296,20.765347,0.019601,0.072796,21.465290,0.014780,0.072441,1.452165,-0.010002,-0.000738,-0.214579,-0.001634,-0.174482,-0.006783,0.214585,0.174614,-0.116002,-0.004695,1.452165,-0.010002,1.336163,-0.014697,0.500000,0.004732,-1.000000,0,0,0.232000,0.232000,0.000000,0.000000,0.232000
42.200000,Descend,21.002151,0.020878,0.003404,1.373409,-0.000128,0.515088,20.758474,0.020118,0.089296,20.765347,0.019601,0.072796,21.534994,0.014300,0.072405,1.452165,-0.010002,-0.000738,-0.236805,-0.001277,-0.195065,-0.006510,0.236808,0.195173,-0.132515,-0.004477,1.452165,-0.010002,1.319651,-0.014478,0.500000,0.003404,-1.000000,0,0,0.256000,0.256000,0.000000,0.000000,0.256000
42.208000,Descend,21.002151,0.020878,0.003404,1.373409,-0.000128,0.515088,20.758474,0.020118,0.089296,20.765347,0.019601,0.072796,21.523376,0.014380,0.072411,1.452165,-0.010002,-0.000738,-0.236805,-0.001277,-0.195694,-0.006431,0.236808,0.195800,-0.133034,-0.004414,1.452165,-0.010002,1.319131,-0.014415,0.500000,0.003404,-1.000000,0,0,0.264000,0.264000,0.000000,0.000000,0.264000
42.216000,Descend,21.035553,0.020334,0.015692,1.379643,-0.001098,0.515577,20.758474,0.020118,0.089296,20.765347,0.019601,0.072796,21.534994,0.014300,0.072405,1.452165,-0.010002,-0.000738,-0.270206,-0.000733,-0.231770,-0.005452,0.270207,0.231834,-0.161913,-0.003630,1.452165,-0.010002,1.290252,-0.013632,0.500000,0.015692,-1.000000,0,0,0.272000,0.272000,0.000000,0.000000,0.272000
42.232000,Descend,21.035553,0.020334,0.015692,1.379643,-0.001098,0.515577,20.758474,0.020118,0.089296,20.765347,0.019601,0.072796,21.569845,0.014060,0.072388,1.452165,-0.010002,-0.000738,-0.270206,-0.000733,-0.230030,-0.005666,0.270207,0.230100,-0.160558,-0.003801,1.452165,-0.010002,1.291607,-0.013803,0.500000,0.015692,-1.000000,0,0,0.288000,0.288000,0.000000,0.000000,0.288000
42.244000,Descend,21.057877,0.019937,0.023946,1.383385,-0.001790,0.515917,20.758474,0.020118,0.089296,20.765347,0.019601,0.072796,21.581463,0.013980,0.072382,1.452165,-0.010002,-0.000738,-0.292530,-0.000336,-0.253876,-0.004951,0.292530,0.253924,-0.179665,-0.003229,1.452165,-0.010002,1.272500,-0.013231,0.500000,0.023946,-1.000000,0,0,0.300000,0.300000,0.000000,0.000000,0.300000
42.256000,Descend,21.080233,0.019553,0.032206,1.386803,-0.002488,0.516257,20.758474,0.020118,0.089296,20.765347,0.019601,0.072796,21.598888,0.013860,0.072373,1.452165,-0.010002,-0.000738,-0.314886,0.000048,-0.277369,-0.004265,0.314886,0.277401,-0.198493,-0.002681,1.452165,-0.010002,1.253673,-0.012683,0.500000,0.032206,-1.000000,0,0,0.312000,0.312000,0.000000,0.000000,0.312000
42.276000,Descend,21.113810,0.018954,0.044697,1.391345,-0.003393,0.516630,20.758474,0.020118,0.089296,20.765347,0.019601,0.072796,21.627934,0.013660,0.072358,1.452165,-0.010002,-0.000738,-0.348463,0.000647,-0.312334,-0.003278,0.348464,0.312351,-0.226515,-0.001891,1.452165,-0.010002,1.225650,-0.011893,0.500000,0.044697,-1.000000,0,0,0.328000,0.328000,0.004000,0.000000,0.332000
42.276000,Descend,21.113810,0.018954,0.044697,1.391345,-0.003393,0.516630,20.758474,0.020118,0.089296,20.765347,0.019601,0.072796,21.616316,0.013740,0.072364,1.452165,-0.010002,-0.000738,-0.348463,0.000647,-0.312822,-0.003225,0.348464,0.312839,-0.226918,-0.001849,1.452165,-0.010002,1.225247,-0.011851,0.500000,0.044697,-1.000000,0,0,0.332000,0.332000,0.000000,0.000000,0.332000
42.288000,Descend,21.113810,0.018954,0.044697,1.391345,-0.003393,0.516630,20.758474,0.020118,0.089296,20.765347,0.019601,0.072796,21.645359,0.013540,0.072349,1.452165,-0.010002,-0.000738,-0.348463,0.000647,-0.311605,-0.003358,0.348464,0.311624,-0.225982,-0.001955,1.452165,-0.010002,1.226183,-0.011957,0.500000,0.044697,-1.000000,0,0,0.344000,0.344000,0.000000,0.000000,0.344000
42.304000,Descend,21.144306,0.018396,0.050000,1.197896,-0.001537,0.063228,20.758474,0.020118,0.089296,20.765347,0.019601,0.072796,21.674402,0.013340,0.072334,1.452165,-0.010002,-0.000738,-0.378960,0.001205,-0.219788,-0.004094,0.378962,0.219826,-0.152563,-0.002544,1.452165,-0.010002,1.299602,-0.012545,0.500000,0.050000,-1.000000,0,0,0.360000,0.360000,0.000000,0.000000,0.360000
42.308000,Descend,21.144306,0.018396,0.050000,1.197896,-0.001537,0.063228,20.758474,0.020118,0.089296,20.765347,0.019601,0.072796,21.662785,0.013420,0.072340,1.452165,-0.010002,-0.000738,-0.378960,0.001205,-0.221821,-0.004026,0.378962,0.221857,-0.154198,-0.002490,1.452165,-0.010002,1.297967,-0.012491,0.500000,0.050000,-1.000000,0,0,0.364000,0.364000,0.000000,0.000000,0.364000
42.320000,Descend,21.163675,0.018048,0.051156,1.210802,-0.001897,0.070554,20.758474,0.020118,0.089296,20.765347,0.019601,0.072796,21.691828,0.013220,0.072326,1.452165,-0.010002,-0.000738,-0.398329,0.001553,-0.244339,-0.003618,0.398332,0.244366,-0.172242,-0.002163,1.452165,-0.010002,1.279923,-0.012165,0.500000,0.051156,-1.000000,0,0,0.376000,0.376000,0.000000,0.000000,0.376000
42.340000,Descend,21.192820,0.017509,0.052784,1.236460,-0.001241,0.101777,20.758474,0.020118,0.089296,20.765347,0.019601,0.072796,21.732489,0.012940,0.072305,1.452165,-0.010002,-0.000738,-0.427473,0.002092,-0.283813,-0.003742,0.427478,0.283838,-0.203879,-0.002263,1.452165,-0.010002,1.248287,-0.012264,0.500000,0.052784,-1.000000,0,0,0.396000,0.396000,0.000000,0.000000,0.396000
42.340000,Descend,21.192820,0.017509,0.052784,1.236460,-0.001241,0.101777,20.758474,0.020118,0.089296,20.765347,0.019601,0.072796,21.703445,0.013140,0.072320,1.452165,-0.010002,-0.000738,-0.427473,0.002092,-0.288128,-0.003567,0.427478,0.288150,-0.207333,-0.002123,1.452165,-0.010002,1.244832,-0.012124,0.500000,0.052784,-1.000000,0,0,0.396000,0.396000,0.000000,0.000000,0.396000
42.364000,Descend,21.212275,0.017159,0.053973,1.235119,-0.001462,0.108235,20.758474,0.020118,0.089296,20.765347,0.019601,0.072796,21.773149,0.012660,0.072284,1.452165,-0.010002,-0.000738,-0.446928,0.002442,-0.296297,-0.003485,0.446935,0.296318,-0.213939,-0.002057,1.452165,-0.010002,1.238226,-0.012058,0.500000,0.053973,-1.000000,0,0,0.420000,0.420000,0.000000,0.000000,0.420000
42.376000,Descend,21.231556,0.016802,0.055087,1.231537,-0.001635,0.115048,20.758474,0.020118,0.089296,20.765347,0.019601,0.072796,21.773149,0.012660,0.072284,1.452165,-0.010002,-0.000738,-0.466209,0.002799,-0.313093,-0.003007,0.466218,0.313108,-0.227414,-0.001675,1.452165,-0.010002,1.224751,-0.011676,0.500000,0.055087,-1.000000,0,0,0.432000,0.432000,0.000000,0.000000,0.432000
42.376000,Descend,21.231556,0.016802,0.055087,1.231537,-0.001635,0.115048,20.758474,0.020118,0.089296,20.765347,0.019601,0.072796,21.755724,0.012780,0.072293,1.452165,-0.010002,-0.000738,-0.466209,0.002799,-0.315741,-0.002907,0.466218,0.315754,-0.229535,-0.001594,1.452165,-0.010002,1.222630,-0.011596,0.500000,0.055087,-1.000000,0,0,0.432000,0.432000,0.000000,0.000000,0.432000
42.396000,Descend,21.259928,0.016220,0.056034,1.173009,-0.006522,-0.032401,20.758474,0.020118,0.089296,20.765347,0.019601,0.072796,21.813810,0.012380,0.072264,1.452165,-0.010002,-0.000738,-0.494581,0.003381,-0.293030,0.000869,0.494593,0.293031,-0.211425,0.001426,1.452165,-0.010002,1.240740,-0.008575,0.500000,0.056034,-1.000000,1,0,0.452000,0.452000,0.000000,0.000000,0.452000
42.408000,Descend,21.259928,0.016220,0.056034,1.173009,-0.006522,-0.032401,20.758474,0.020118,0.089296,20.765347,0.019601,0.072796,21.819618,0.012340,0.072261,1.452165,-0.010002,-0.000738,-0.494581,0.003381,-0.291914,0.000855,0.494593,0.291915,-0.210567,0.001415,1.452165,-0.010002,1.241598,-0.008586,0.500000,0.056034,-1.000000,0,0,0.464000,0.464000,0.000000,0.000000,0.464000
42.408000,Descend,21.259928,0.016220,0.056034,1.173009,-0.006522,-0.032401,20.758474,0.020118,0.089296,20.765347,0.019601,0.072796,21.802193,0.012460,0.072270,1.452165,-0.010002,-0.000738,-0.494581,0.003381,-0.295263,0.000897,0.494593,0.295265,-0.213250,0.001449,1.452165,-0.010002,1.238916,-0.008553,0.500000,0.056034,-1.000000,0,0,0.464000,0.464000,0.000000,0.000000,0.464000
42.432000,Descend,21.287123,0.015839,0.053637,1.180836,0.014514,-0.034006,20.758474,0.020118,0.089296,20.765347,0.019601,0.072796,21.854471,0.012100,0.072243,1.452165,-0.010002,-0.000738,-0.521776,0.003762,-0.318279,-0.014625,0.521790,0.318615,-0.231739,-0.010969,1.452165,-0.010002,1.220426,-0.020970,0.500000,0.053637,-1.000000,0,0,0.488000,0.488000,0.000000,0.000000,0.488000
42.440000,Descend,21.305096,0.015691,0.051822,1.175608,0.013396,-0.034569,20.758474,0.020118,0.089296,20.765347,0.019601,0.072796,21.854471,0.012100,0.072243,1.452165,-0.010002,-0.000738,-0.539749,0.003910,-0.332331,-0.013638,0.539763,0.332610,-0.243007,-0.010180,1.452165,-0.010002,1.209159,-0.020181,0.500000,0.051822,-1.000000,0,0,0.496000,0.496000,0.000000,0.000000,0.496000
42.452000,Descend,21.305096,0.015691,0.051822,1.175608,0.013396,-0.034569,20.758474,0.020118,0.089296,20.765347,0.019601,0.072796,21.854471,0.012100,0.072243,1.452165,-0.010002,-0.000738,-0.539749,0.003910,-0.332331,-0.013638,0.539763,0.332610,-0.243046,-0.010180,1.452165,-0.010002,1.209119,-0.020181,0.500000,0.051822,-1.000000,0,0,0.508000,0.508000,0.000000,0.000000,0.508000
42.464000,Descend,21.323023,0.015528,0.050075,1.171816,0.010271,-0.035176,20.758474,0.020118,0.089296,20.765347,0.019601,0.072796,21.854471,0.012100,0.072243,1.452165,-0.010002,-0.000738,-0.557676,0.004073,-0.347414,-0.011132,0.557691,0.347592,-0.255155,-0.008174,1.452165,-0.010002,1.197010,-0.018176,0.500000,0.050075,-1.000000,0,0,0.520000,0.520000,0.000000,0.000000,0.520000
42.472000,Descend,21.349857,0.014954,0.047407,1.171361,-0.005180,-0.036030,20.758474,0.020118,0.089296,20.765347,0.019601,0.072796,21.854471,0.012100,0.072243,1.452165,-0.010002,-0.000738,-0.584511,0.004647,-0.373907,0.001031,0.584529,0.373908,-0.276379,0.001556,1.452165,-0.010002,1.175786,-0.008445,0.500000,0.047407,-1.000000,0,0,0.528000,0.528000,0.000000,0.000000,0.528000
42.484000,Descend,21.349857,0.014954,0.047407,1.171361,-0.005180,-0.036030,20.758474,0.020118,0.089296,20.765347,0.019601,0.072796,21.854471,0.012100,0.072243,1.452165,-0.010002,-0.000738,-0.584511,0.004647,-0.373907,0.001031,0.584529,0.373908,-0.276424,0.001556,1.452165,-0.010002,1.175741,-0.008445,0.500000,0.047407,-1.000000,0,0,0.540000,0.540000,0.000000,0.000000,0.540000
42.508000,Descend,21.367722,0.014493,0.045628,1.171722,-0.005497,-0.036581,20.758474,0.020118,0.089296,20.765347,0.019601,0.072796,21.854471,0.012100,0.072243,1.452165,-0.010002,-0.000738,-0.602375,0.005108,-0.392042,0.001729,0.602397,0.392046,-0.291026,0.002115,1.452165,-0.010002,1.161139,-0.007887,0.500000,0.045628,-1.000000,0,0,0.564000,0.564000,0.000000,0.000000,0.564000
42.508000,Descend,21.367722,0.014493,0.045628,1.171722,-0.005497,-0.036581,20.758474,0.020118,0.089296,20.765347,0.019601,0.072796,21.854471,0.012100,0.072243,1.452165,-0.010002,-0.000738,-0.602375,0.005108,-0.392042,0.001729,0.602397,0.392046,-0.291030,0.002115,1.452165,-0.010002,1.161135,-0.007887,0.500000,0.045628,-1.000000,0,0,0.564000,0.564000,0.000000,0.000000,0.564000
42.528000,Descend,21.394497,0.013793,0.042961,1.172517,-0.005992,-0.037390,20.758474,0.020118,0.089296,20.765347,0.019601,0.072796,21.854471,0.012100,0.072243,1.452165,-0.010002,-0.000738,-0.629150,0.005808,-0.419413,0.002801,0.629177,0.419422,-0.312994,0.002972,1.452165,-0.010002,1.139172,-0.007029,0.500000,0.042961,-1.000000,0,0,0.580000,0.580000,0.000000,0.000000,0.580000
42.540000,Descend,21.412304,0.013286,0.041124,1.173010,-0.006325,-0.037971,20.758474,0.020118,0.089296,20.765347,0.019601,0.072796,21.854471,0.012100,0.072243,1.452165,-0.010002,-0.000738,-0.646957,0.006315,-0.437590,0.003558,0.646988,0.437604,-0.327605,0.003578,1.452165,-0.010002,1.124560,-0.006424,0.500000,0.041124,-1.000000,0,0,0.596000,0.596000,0.000000,0.000000,0.596000
42.540000,Descend,21.412304,0.013286,0.041124,1.173010,-0.006325,-0.037971,20.758474,0.020118,0.089296,20.765347,0.019601,0.072796,21.854471,0.012100,0.072243,1.452165,-0.010002,-0.000738,-0.646957,0.006315,-0.437590,0.003558,0.646988,0.437604,-0.327610,0.003578,1.452165,-0.010002,1.124556,-0.006424,0.500000,0.041124,-1.000000,0,0,0.596000,0.596000,0.000000,0.000000,0.596000
42.556000,Descend,21.439085,0.012515,0.038479,1.173631,-0.006876,-0.038773,20.758474,0.020118,0.089296,20.765347,0.019601,0.072796,21.854471,0.012100,0.072243,1.452165,-0.010002,-0.000738,-0.673738,0.007086,-0.464836,0.004741,0.673776,0.464860,-0.349481,0.004524,1.452165,-0.010002,1.102684,-0.005477,0.500000,0.038479,-1.000000,0,0,0.612000,0.612000,0.000000,0.000000,0.612000
42.572000,Descend,21.456985,0.011975,0.036796,1.173992,-0.007330,-0.039246,20.758474,0.020118,0.089296,20.765347,0.019601,0.072796,21.854471,0.012100,0.072243,1.452165,-0.010002,-0.000738,-0.691639,0.007626,-0.483009,0.005622,0.691681,0.483042,-0.364097,0.005229,1.452165,-0.010002,1.088068,-0.004773,0.500000,0.036796,-1.000000,0,0,0.628000,0.628000,0.000000,0.000000,0.628000
42.572000,Descend,21.456985,0.011975,0.036796,1.173992,-0.007330,-0.039246,20.758474,0.020118,0.089296,20.765347,0.019601,0.072796,21.854471,0.012100,0.072243,1.452165,-0.010002,-0.000738,-0.691639,0.007626,-0.483009,0.005622,0.691681,0.483042,-0.364102,0.005229,1.452165,-0.010002,1.088063,-0.004773,0.500000,0.036796,-1.000000,0,0,0.628000,0.628000,0.000000,0.000000,0.628000
42.596000,Descend,21.474926,0.011430,0.035179,1.174047,-0.007727,-0.039495,20.758474,0.020118,0.089296,20.765347,0.019601,0.072796,21.854471,0.012100,0.072243,1.452165,-0.010002,-0.000738,-0.709579,0.008171,-0.500990,0.006464,0.709626,0.501032,-0.378607,0.005903,1.452165,-0.010002,1.073559,-0.004099,0.500000,0.035179,-1.000000,0,0,0.652000,0.652000,0.000000,0.000000,0.652000
42.604000,Descend,21.474926,0.011430,0.035179,1.174047,-0.007727,-0.039495,20.758474,0.020118,0.089296,20.765347,0.019601,0.072796,21.854471,0.012100,0.072243,1.452165,-0.010002,-0.000738,-0.709579,0.008171,-0.500990,0.006464,0.709626,0.501032,-0.378647,0.005903,1.452165,-0.010002,1.073519,-0.004099,0.500000,0.035179,-1.000000,0,0,0.660000,0.660000,0.000000,0.000000,0.660000
42.612000,Descend,21.492903,0.010880,0.033627,1.174090,-0.008127,-0.039827,20.758474,0.020118,0.089296,20.765347,0.019601,0.072796,21.854471,0.012100,0.072243,1.452165,-0.010002,-0.000738,-0.727556,0.008721,-0.518999,0.007315,0.727609,0.519051,-0.393095,0.006583,1.452165,-0.010002,1.059070,-0.003418,0.500000,0.033627,-1.000000,0,0,0.668000,0.668000,0.000000,0.000000,0.668000
42.632000,Descend,21.492903,0.010880,0.033627,1.174090,-0.008127,-0.039827,20.758474,0.020118,0.089296,20.765347,0.019601,0.072796,21.854471,0.012100,0.072243,1.452165,-0.010002,-0.000738,-0.727556,0.008721,-0.518999,0.007315,0.727609,0.519051,-0.393199,0.006583,1.452165,-0.010002,1.058966,-0.003418,0.500000,0.033627,-1.000000,0,0,0.688000,0.688000,0.000000,0.000000,0.688000
42.640000,Descend,21.519905,0.010096,0.031425,1.173814,-0.008843,-0.040329,20.758474,0.020118,0.089296,20.765347,0.019601,0.072796,21.854471,0.012100,0.072243,1.452165,-0.010002,-0.000738,-0.754559,0.009505,-0.545794,0.008636,0.754618,0.545862,-0.414679,0.007640,1.452165,-0.010002,1.037487,-0.002362,0.500000,0.031425,-1.000000,0,0,0.696000,0.696000,0.000000,0.000000,0.696000
42.656000,Descend,21.537930,0.009593,0.030020,1.173389,-0.009229,-0.040632,20.758474,0.020118,0.089296,20.765347,0.019601,0.072796,21.854471,0.012100,0.072243,1.452165,-0.010002,-0.000738,-0.772583,0.010008,-0.563501,0.009429,0.772648,0.563580,-0.428935,0.008274,1.452165,-0.010002,1.023230,-0.001727,0.500000,0.030020,-1.000000,0,0,0.712000,0.712000,0.000000,0.000000,0.712000
42.672000,Descend,21.564997,0.008897,0.028065,1.172919,-0.009651,-0.040800,20.758474,0.020118,0.089296,20.765347,0.019601,0.072796,21.854471,0.012100,0.072243,1.452165,-0.010002,-0.000738,-0.799650,0.010704,-0.590216,0.010441,0.799722,0.590308,-0.450401,0.009084,1.452165,-0.010002,1.001764,-0.000918,0.500000,0.028065,-1.000000,0,0,0.728000,0.728000,0.000000,0.000000,0.728000
42.672000,Descend,21.564997,0.008897,0.028065,1.172919,-0.009651,-0.040800,20.758474,0.020118,0.089296,20.765347,0.019601,0.072796,21.854471,0.012100,0.072243,1.452165,-0.010002,-0.000738,-0.799650,0.010704,-0.590216,0.010441,0.799722,0.590308,-0.450407,0.009084,1.452165,-0.010002,1.001759,-0.000918,0.500000,0.028065,-1.000000,0,0,0.728000,0.728000,0.000000,0.000000,0.728000
42.684000,Descend,21.564997,0.008897,0.028065,1.172919,-0.009651,-0.040800,20.758474,0.020118,0.089296,20.765347,0.019601,0.072796,21.854471,0.012100,0.072243,1.452165,-0.010002,-0.000738,-0.799650,0.010704,-0.590216,0.010441,0.799722,0.590308,-0.450478,0.009084,1.452165,-0.010002,1.001688,-0.000918,0.500000,0.028065,-1.000000,0,0,0.740000,0.740000,0.000000,0.000000,0.740000
42.704000,Descend,21.592073,0.008270,0.026274,1.172156,-0.010148,-0.041039,20.758474,0.020118,0.089296,20.765347,0.019601,0.072796,21.854471,0.012100,0.072243,1.452165,-0.010002,-0.000738,-0.826727,0.011331,-0.616720,0.011441,0.826805,0.616826,-0.471804,0.009884,1.452165,-0.010002,0.980361,-0.000118,0.500000,0.026274,-1.000000,0,0,0.760000,0.760000,0.000000,0.000000,0.760000
42.704000,Descend,21.592073,0.008270,0.026274,1.172156,-0.010148,-0.041039,20.758474,0.020118,0.089296,20.765347,0.019601,0.072796,21.854471,0.012100,0.072243,1.452165,-0.010002,-0.000738,-0.826727,0.011331,-0.616720,0.011441,0.826805,0.616826,-0.471811,0.009884,1.452165,-0.010002,0.980355,-0.000118,0.500000,0.026274,-1.000000,0,0,0.760000,0.760000,0.000000,0.000000,0.760000
42.724000,Descend,21.610130,0.007878,0.025144,1.171512,-0.010422,-0.041154,20.758474,0.020118,0.089296,20.765347,0.019601,0.072796,21.854471,0.012100,0.072243,1.452165,-0.010002,-0.000738,-0.844784,0.011723,-0.634293,0.012038,0.844865,0.634407,-0.485995,0.010362,1.452165,-0.010002,0.966170,0.000360,0.500000,0.025144,-1.000000,1,0,0.780000,0.780000,0.000000,0.000000,0.780000
42.736000,Descend,21.628193,0.007514,0.024087,1.170746,-0.010697,-0.041248,20.758474,0.020118,0.089296,20.765347,0.019601,0.072796,21.854471,0.012100,0.072243,1.452165,-0.010002,-0.000738,-0.862846,0.012087,-0.651781,0.012609,0.862931,0.651903,-0.500064,0.010818,1.452165,-0.010002,0.952101,0.000817,0.500000,0.024087,-1.000000,0,0,0.792000,0.792000,0.000000,0.000000,0.792000
42.736000,Descend,21.628193,0.007514,0.024087,1.170746,-0.010697,-0.041248,20.758474,0.020118,0.089296,20.765347,0.019601,0.072796,21.854471,0.012100,0.072243,1.452165,-0.010002,-0.000738,-0.862846,0.012087,-0.651781,0.012609,0.862931,0.651903,-0.500071,0.010818,1.452165,-0.010002,0.952094,0.000817,0.500000,0.024087,-1.000000,0,0,0.792000,0.792000,0.000000,0.000000,0.792000
42.756000,Descend,21.646275,0.007165,0.023099,1.169864,-0.010859,-0.041309,20.758474,0.020118,0.089296,20.765347,0.019601,0.072796,21.854471,0.012100,0.072243,1.452165,-0.010002,-0.000738,-0.880928,0.012436,-0.669201,0.013080,0.881016,0.669329,-0.514114,0.011195,1.452165,-0.010002,0.938051,0.001193,0.500000,0.023099,-1.000000,0,0,0.808000,0.808000,0.004000,0.000000,0.812000
42.772000,Descend,21.646275,0.007165,0.023099,1.169864,-0.010859,-0.041309,20.758474,0.020118,0.089296,20.765347,0.019601,0.072796,21.854471,0.012100,0.072243,1.452165,-0.010002,-0.000738,-0.880928,0.012436,-0.669201,0.013080,0.881016,0.669329,-0.514248,0.011195,1.452165,-0.010002,0.937917,0.001193,0.500000,0.023099,-1.000000,0,0,0.828000,0.828000,0.000000,0.000000,0.828000
42.780000,Descend,21.673410,0.006692,0.021751,1.168343,-0.011159,-0.041339,20.758474,0.020118,0.089296,20.765347,0.019601,0.072796,21.854471,0.012100,0.072243,1.452165,-0.010002,-0.000738,-0.908064,0.012909,-0.695196,0.013777,0.908156,0.695333,-0.535100,0.011753,1.452165,-0.010002,0.917066,0.001751,0.500000,0.021751,-1.000000,0,0,0.836000,0.836000,0.000000,0.000000,0.836000
42.796000,Descend,21.691507,0.006394,0.020903,1.167222,-0.011332,-0.041312,20.758474,0.020118,0.089296,20.765347,0.019601,0.072796,21.854471,0.012100,0.072243,1.452165,-0.010002,-0.000738,-0.926161,0.013207,-0.712454,0.014204,0.926255,0.712595,-0.549020,0.012095,1.452165,-0.010002,0.903146,0.002093,0.500000,0.020903,-1.000000,0,0,0.852000,0.852000,0.000000,0.000000,0.852000
42.804000,Descend,21.691507,0.006394,0.020903,1.167222,-0.011332,-0.041312,20.758474,0.020118,0.089296,20.765347,0.019601,0.072796,21.854471,0.012100,0.072243,1.452165,-0.010002,-0.000738,-0.926161,0.013207,-0.712454,0.014204,0.926255,0.712595,-0.549077,0.012095,1.452165,-0.010002,0.903089,0.002093,0.500000,0.020903,-1.000000,0,0,0.860000,0.860000,0.000000,0.000000,0.860000
42.816000,Descend,21.718634,0.006005,0.019812,1.165235,-0.011574,-0.041285,20.758474,0.020118,0.089296,20.765347,0.019601,0.072796,21.854471,0.012100,0.072243,1.452165,-0.010002,-0.000738,-0.953287,0.013596,-0.738089,0.014775,0.953384,0.738236,-0.569644,0.012551,1.452165,-0.010002,0.882522,0.002550,0.500000,0.019812,-1.000000,0,0,0.868000,0.868000,0.004000,0.000000,0.872000
42.828000,Descend,21.718634,0.006005,0.019812,1.165235,-0.011574,-0.041285,20.758474,0.020118,0.089296,20.765347,0.019601,0.072796,21.854471,0.012100,0.072243,1.452165,-0.010002,-0.000738,-0.953287,0.013596,-0.738089,0.014775,0.953384,0.738236,-0.569762,0.012551,1.452165,-0.010002,0.882404,0.002550,0.500000,0.019812,-1.000000,0,0,0.884000,0.884000,0.000000,0.000000,0.884000
42.836000,Descend,21.745741,0.005692,0.018848,1.163061,-0.011769,-0.041128,20.758474,0.020118,0.089296,20.765347,0.019601,0.072796,21.854471,0.012100,0.072243,1.452165,-0.010002,-0.000738,-0.980394,0.013909,-0.763565,0.015234,0.980493,0.763717,-0.590204,0.012918,1.452165,-0.010002,0.861961,0.002917,0.500000,0.018848,-1.000000,0,0,0.892000,0.892000,0.000000,0.000000,0.892000
42.848000,Descend,21.745741,0.005692,0.018848,1.163061,-0.011769,-0.041128,20.758474,0.020118,0.089296,20.765347,0.019601,0.072796,21.854471,0.012100,0.072243,1.452165,-0.010002,-0.000738,-0.980394,0.013909,-0.763565,0.015234,0.980493,0.763717,-0.590296,0.012918,1.452165,-0.010002,0.861870,0.002917,0.500000,0.018848,-1.000000,0,0,0.904000,0.904000,0.000000,0.000000,0.904000
42.868000,Descend,21.777681,0.005368,0.017756,1.160361,-0.011847,-0.040897,20.758474,0.020118,0.089296,20.765347,0.019601,0.072796,21.854471,0.012100,0.072243,1.452165,-0.010002,-0.000738,-1.012335,0.014233,-0.793480,0.015616,1.012435,0.793634,-0.614386,0.013224,1.452165,-0.010002,0.837779,0.003223,0.500000,0.017756,-1.000000,0,0,0.924000,0.924000,0.000000,0.000000,0.924000
42.868000,Descend,21.777681,0.005368,0.017756,1.160361,-0.011847,-0.040897,20.758474,0.020118,0.089296,20.765347,0.019601,0.072796,21.854471,0.012100,0.072243,1.452165,-0.010002,-0.000738,-1.012335,0.014233,-0.793480,0.015616,1.012435,0.793634,-0.614394,0.013224,1.452165,-0.010002,0.837771,0.003223,0.500000,0.017756,-1.000000,0,0,0.924000,0.924000,0.000000,0.000000,0.924000
42.884000,Descend,21.795647,0.005252,0.017263,1.158383,-0.011923,-0.040751,20.758474,0.020118,0.089296,20.765347,0.019601,0.072796,21.854471,0.012100,0.072243,1.452165,-0.010002,-0.000738,-1.030300,0.014349,-0.809963,0.015789,1.030400,0.810117,-0.627710,0.013363,1.452165,-0.010002,0.824455,0.003361,0.500000,0.017263,-1.000000,0,0,0.940000,0.940000,0.000000,0.000000,0.940000
42.904000,Descend,21.822571,0.005072,0.016567,1.155314,-0.011980,-0.040522,20.758474,0.020118,0.089296,20.765347,0.019601,0.072796,21.854471,0.012100,0.072243,1.452165,-0.010002,-0.000738,-1.057224,0.014529,-0.834585,0.016012,1.057324,0.834739,-0.647575,0.013541,1.452165,-0.010002,0.804590,0.003539,0.500000,0.016567,-1.000000,0,0,0.960000,0.960000,0.000000,0.000000,0.960000
42.904000,Descend,21.822571,0.005072,0.016567,1.155314,-0.011980,-0.040522,20.758474,0.020118,0.089296,20.765347,0.019601,0.072796,21.854471,0.012100,0.072243,1.452165,-0.010002,-0.000738,-1.057224,0.014529,-0.834585,0.016012,1.057324,0.834739,-0.647583,0.013541,1.452165,-0.010002,0.804582,0.003539,0.500000,0.016567,-1.000000,0,0,0.960000,0.960000,0.000000,0.000000,0.960000
42.924000,Descend,21.840460,0.004973,0.016159,1.153021,-0.012080,-0.040299,20.758474,0.020118,0.089296,20.765347,0.019601,0.072796,21.854471,0.012100,0.072243,1.452165,-0.010002,-0.000738,-1.075113,0.014628,-0.850754,0.016187,1.075213,0.850908,-0.660654,0.013681,1.452165,-0.010002,0.791511,0.003679,0.500000,0.016159,-1.000000,0,0,0.976000,0.976000,0.004000,0.000000,0.980000
42.936000,Descend,21.867210,0.004867,0.015635,1.149195,-0.012051,-0.039958,20.758474,0.020118,0.089296,20.765347,0.019601,0.072796,21.854471,0.012100,0.072243,1.452165,-0.010002,-0.000738,-1.101864,0.014734,-0.874636,0.016271,1.101962,0.874787,-0.679900,0.013748,1.452165,-0.010002,0.772266,0.003747,0.500000,0.015635,-1.000000,0,0,0.992000,0.992000,0.000000,0.000000,0.992000
42.936000,Descend,21.867210,0.004867,0.015635,1.149195,-0.012051,-0.039958,20.758474,0.020118,0.089296,20.765347,0.019601,0.072796,21.854471,0.012100,0.072243,1.452165,-0.010002,-0.000738,-1.101864,0.014734,-0.874636,0.016271,1.101962,0.874787,-0.679908,0.013748,1.452165,-0.010002,0.772257,0.003747,0.500000,0.015635,-1.000000,0,0,0.992000,0.992000,0.000000,0.000000,0.992000
42.956000,Descend,21.893864,0.004789,0.015190,1.145166,-0.011965,-0.039548,20.758474,0.020118,0.089296,20.765347,0.019601,0.072796,21.854471,0.012100,0.072243,1.452165,-0.010002,-0.000738,-1.128517,0.014812,-0.898268,0.016285,1.128614,0.898415,-0.698994,0.013759,1.452165,-0.010002,0.753172,0.003757,0.500000,0.015190,-1.000000,0,0,1.012000,1.012000,0.000000,0.000000,1.012000
42.968000,Descend,21.893864,0.004789,0.015190,1.145166,-0.011965,-0.039548,20.758474,0.020118,0.089296,20.765347,0.019601,0.072796,21.854471,0.012100,0.072243,1.452165,-0.010002,-0.000738,-1.128517,0.014812,-0.898268,0.016285,1.128614,0.898415,-0.699101,0.013759,1.452165,-0.010002,0.753064,0.003757,0.500000,0.015190,-1.000000,0,0,1.024000,1.024000,0.000000,0.000000,1.024000
42.968000,Descend,21.893864,0.004789,0.015190,1.145166,-0.011965,-0.039548,20.758474,0.020118,0.089296,20.765347,0.019601,0.072796,21.854471,0.012100,0.072243,1.452165,-0.010002,-0.000738,-1.128517,0.014812,-0.898268,0.016285,1.128614,0.898415,-0.699110,0.013759,1.452165,-0.010002,0.753055,0.003757,0.500000,0.015190,-1.000000,0,0,1.024000,1.024000,0.000000,0.000000,1.024000
42.968000,Descend,21.893864,0.004789,0.015190,1.145166,-0.011965,-0.039548,20.758474,0.020118,0.089296,20.765347,0.019601,0.072796,21.854471,0.012100,0.072243,1.452165,-0.010002,-0.000738,-1.128517,0.014812,-0.898268,0.016285,1.128614,0.898415,-0.699119,0.013759,1.452165,-0.010002,0.753046,0.003757,0.500000,0.015190,-1.000000,0,0,1.024000,1.024000,0.000000,0.000000,1.024000
42.988000,Descend,21.911552,0.004759,0.014943,1.142190,-0.011978,-0.039324,20.758474,0.020118,0.089296,20.765347,0.019601,0.072796,21.854471,0.012100,0.072243,1.452165,-0.010002,-0.000738,-1.146206,0.014842,-0.913725,0.016324,1.146302,0.913871,-0.711668,0.013791,1.452165,-0.010002,0.740497,0.003789,0.500000,0.014943,-1.000000,0,0,1.044000,1.044000,0.000000,0.000000,1.044000
43.000000,Descend,21.929213,0.004724,0.014685,1.138992,-0.011940,-0.039041,20.758474,0.020118,0.089296,20.765347,0.019601,0.072796,21.854471,0.012100,0.072243,1.452165,-0.010002,-0.000738,-1.163866,0.014877,-0.928986,0.016331,1.163961,0.929129,-0.723988,0.013796,1.452165,-0.010002,0.728177,0.003794,0.500000,0.014685,-1.000000,0,0,1.056000,1.056000,0.000000,0.000000,1.056000
43.000000,Descend,21.929213,0.004724,0.014685,1.138992,-0.011940,-0.039041,20.758474,0.020118,0.089296,20.765347,0.019601,0.072796,21.854471,0.012100,0.072243,1.452165,-0.010002,-0.000738,-1.163866,0.014877,-0.928986,0.016331,1.163961,0.929129,-0.723997,0.013796,1.452165,-0.010002,0.728168,0.003794,0.500000,0.014685,-1.000000,0,0,1.056000,1.056000,0.000000,0.000000,1.056000
43.024000,Descend,21.955355,0.004751,0.014521,1.133913,-0.011921,-0.038659,20.758474,0.020118,0.089296,20.765347,0.019601,0.072796,21.854471,0.012100,0.072243,1.452165,-0.010002,-0.000738,-1.190008,0.014850,-0.951319,0.016290,1.190101,0.951458,-0.742092,0.013763,1.452165,-0.010002,0.710073,0.003762,0.500000,0.014521,-1.000000,0,0,1.080000,1.080000,0.000000,0.000000,1.080000
43.036000,Descend,21.972706,0.004775,0.014452,1.130352,-0.011908,-0.038410,20.758474,0.020118,0.089296,20.765347,0.019601,0.072796,21.854471,0.012100,0.072243,1.452165,-0.010002,-0.000738,-1.207359,0.014826,-0.966000,0.016256,1.207450,0.966136,-0.753953,0.013736,1.452165,-0.010002,0.698213,0.003735,0.500000,0.014452,-1.000000,1,0,1.092000,1.092000,0.000000,0.000000,1.092000
43.036000,Descend,21.972706,0.004775,0.014452,1.130352,-0.011908,-0.038410,20.758474,0.020118,0.089296,20.765347,0.019601,0.072796,21.854471,0.012100,0.072243,1.452165,-0.010002,-0.000738,-1.207359,0.014826,-0.966000,0.016256,1.207450,0.966136,-0.753962,0.013736,1.452165,-0.010002,0.698203,0.003735,0.500000,0.014452,-1.000000,1,0,1.092000,1.092000,0.000000,0.000000,1.092000
43.056000,Descend,21.998648,0.004820,0.014358,1.124911,-0.011906,-0.038094,20.758474,0.020118,0.089296,20.765347,0.019601,0.072796,21.854471,0.012100,0.072243,1.452165,-0.010002,-0.000738,-1.233301,0.014781,-0.987860,0.016209,1.233390,0.987993,-0.771648,0.013699,1.452165,-0.010002,0.680517,0.003697,0.500000,0.014358,-1.000000,0,0,1.112000,1.112000,0.000000,0.000000,1.112000
43.068000,Descend,21.998648,0.004820,0.014358,1.124911,-0.011906,-0.038094,20.758474,0.020118,0.089296,20.765347,0.019601,0.072796,21.854471,0.012100,0.072243,1.452165,-0.010002,-0.000738,-1.233301,0.014781,-0.987860,0.016209,1.233390,0.987993,-0.771766,0.013699,1.452165,-0.010002,0.680399,0.003697,0.500000,0.014358,-1.000000,0,0,1.124000,1.124000,0.000000,0.000000,1.124000
43.084000,Descend,22.015902,0.004845,0.014284,1.121099,-0.011885,-0.037829,20.758474,0.020118,0.089296,20.765347,0.019601,0.072796,21.854471,0.012100,0.072243,1.452165,-0.010002,-0.000738,-1.250555,0.014756,-1.002254,0.016168,1.250642,1.002385,-0.783443,0.013666,1.452165,-0.010002,0.668723,0.003664,0.500000,0.014284,-1.000000,0,0,1.140000,1.140000,0.000000,0.000000,1.140000
43.096000,Descend,22.041607,0.004887,0.014217,1.115066,-0.011828,-0.037340,20.758474,0.020118,0.089296,20.765347,0.019601,0.072796,21.854471,0.012100,0.072243,1.452165,-0.010002,-0.000738,-1.276260,0.014714,-1.023436,0.016084,1.276345,1.023562,-0.800510,0.013599,1.452165,-0.010002,0.651655,0.003597,0.500000,0.014217,-1.000000,0,0,1.152000,1.152000,0.000000,0.000000,1.152000
43.108000,Descend,22.041607,0.004887,0.014217,1.115066,-0.011828,-0.037340,20.758474,0.020118,0.089296,20.765347,0.019601,0.072796,21.854471,0.012100,0.072243,1.452165,-0.010002,-0.000738,-1.276260,0.014714,-1.023436,0.016084,1.276345,1.023562,-0.800633,0.013599,1.452165,-0.010002,0.651532,0.003597,0.500000,0.014217,-1.000000,0,0,1.164000,1.164000,0.000000,0.000000,1.164000
43.124000,Descend,22.058704,0.004901,0.014153,1.109581,-0.012072,-0.035263,20.758474,0.020118,0.089296,20.765347,0.019601,0.072796,21.854471,0.012100,0.072243,1.452165,-0.010002,-0.000738,-1.293358,0.014700,-1.036419,0.016253,1.293441,1.036546,-0.811186,0.013733,1.452165,-0.010002,0.640980,0.003732,0.500000,0.014153,-1.000000,0,0,1.180000,1.180000,0.000000,0.000000,1.180000
43.132000,Descend,22.083981,0.004904,0.014296,1.093217,-0.013883,-0.023712,20.758474,0.020118,0.089296,20.765347,0.019601,0.072796,21.854471,0.012100,0.072243,1.452165,-0.010002,-0.000738,-1.318634,0.014697,-1.049421,0.017608,1.318716,1.049569,-0.821672,0.014818,1.452165,-0.010002,0.630494,0.004816,0.500000,0.014296,-1.000000,0,0,1.188000,1.188000,0.000000,0.000000,1.188000
43.152000,Descend,22.083981,0.004904,0.014296,1.093217,-0.013883,-0.023712,20.758474,0.020118,0.089296,20.765347,0.019601,0.072796,21.854471,0.012100,0.072243,1.452165,-0.010002,-0.000738,-1.318634,0.014697,-1.049421,0.017608,1.318716,1.049569,-0.821881,0.014818,1.452165,-0.010002,0.630284,0.004816,0.500000,0.014296,-1.000000,0,0,1.208000,1.208000,0.000000,0.000000,1.208000
43.168000,Descend,22.108805,0.004817,0.014569,1.073436,-0.016420,-0.015947,20.758474,0.020118,0.089296,20.765347,0.019601,0.072796,21.854471,0.012100,0.072243,1.452165,-0.010002,-0.000738,-1.343458,0.014784,-1.059410,0.019598,1.343539,1.059591,-0.830042,0.016409,1.452165,-0.010002,0.622123,0.006408,0.500000,0.014569,-1.000000,0,0,1.224000,1.224000,0.000000,0.000000,1.224000
43.168000,Descend,22.108805,0.004817,0.014569,1.073436,-0.016420,-0.015947,20.758474,0.020118,0.089296,20.765347,0.019601,0.072796,21.854471,0.012100,0.072243,1.452165,-0.010002,-0.000738,-1.343458,0.014784,-1.059410,0.019598,1.343539,1.059591,-0.830053,0.016409,1.452165,-0.010002,0.622113,0.006408,0.500000,0.014569,-1.000000,0,0,1.224000,1.224000,0.000000,0.000000,1.224000
43.184000,Descend,22.124998,0.004738,0.015362,1.047124,-0.015845,0.047076,20.758474,0.020118,0.089296,20.765347,0.019601,0.072796,21.854471,0.012100,0.072243,1.452165,-0.010002,-0.000738,-1.359652,0.014863,-1.055870,0.019246,1.359733,1.056045,-0.827389,0.016128,1.452165,-0.010002,0.624776,0.006126,0.500000,0.015362,-1.000000,0,0,1.240000,1.240000,0.000000,0.000000,1.240000
43.200000,Descend,22.140612,0.004675,0.017174,1.019874,-0.016666,0.107319,20.758474,0.020118,0.089296,20.765347,0.019601,0.072796,21.854471,0.012100,0.072243,1.452165,-0.010002,-0.000738,-1.375265,0.014926,-1.051046,0.019924,1.375346,1.051235,-0.823699,0.016671,1.452165,-0.010002,0.628467,0.006669,0.500000,0.017174,-1.000000,0,0,1.256000,1.256000,0.000000,0.000000,1.256000
43.200000,Descend,22.140612,0.004675,0.017174,1.019874,-0.016666,0.107319,20.758474,0.020118,0.089296,20.765347,0.019601,0.072796,21.854471,0.012100,0.072243,1.452165,-0.010002,-0.000738,-1.375265,0.014926,-1.051046,0.019924,1.375346,1.051235,-0.823709,0.016671,1.452165,-0.010002,0.628456,0.006669,0.500000,0.017174,-1.000000,0,0,1.256000,1.256000,0.000000,0.000000,1.256000
43.200000,Descend,22.140612,0.004675,0.017174,1.019874,-0.016666,0.107319,20.758474,0.020118,0.089296,20.765347,0.019601,0.072796,21.854471,0.012100,0.072243,1.452165,-0.010002,-0.000738,-1.375265,0.014926,-1.051046,0.019924,1.375346,1.051235,-0.823720,0.016671,1.452165,-0.010002,0.628446,0.006669,0.500000,0.017174,-1.000000,0,0,1.256000,1.256000,0.000000,0.000000,1.256000
43.220000,Descend,22.155830,0.004595,0.019889,0.991269,-0.016577,0.162880,20.758474,0.020118,0.089296,20.765347,0.019601,0.072796,21.854471,0.012100,0.072243,1.452165,-0.010002,-0.000738,-1.390484,0.015006,-1.044811,0.019937,1.390565,1.045001,-0.818941,0.016681,1.452165,-0.010002,0.633225,0.006679,0.500000,0.019889,-1.000000,0,0,1.276000,1.276000,0.000000,0.000000,1.276000
43.232000,Descend,22.176504,0.004507,0.023839,0.684049,-0.020122,-0.228892,20.758474,0.020118,0.089296,20.765347,0.019601,0.072796,21.854471,0.012100,0.072243,1.452165,-0.010002,-0.000738,-1.411158,0.015094,-0.835070,0.022685,1.411238,0.835378,-0.651247,0.018879,1.452165,-0.010002,0.735225,0.008877,0.500000,0.023839,-1.000000,0,0,1.288000,1.288000,0.000000,0.000000,1.288000
43.232000,Descend,22.176504,0.004507,0.023839,0.684049,-0.020122,-0.228892,20.758474,0.020118,0.089296,20.765347,0.019601,0.072796,21.854471,0.012100,0.072243,1.452165,-0.010002,-0.000738,-1.411158,0.015094,-0.835070,0.022685,1.411238,0.835378,-0.651256,0.018879,1.452165,-0.010002,0.743725,0.008877,0.500000,0.023839,-1.000000,0,0,1.288000,1.288000,0.000000,0.000000,1.288000
43.252000,Descend,22.191290,0.004333,0.020491,0.683798,-0.019900,-0.150038,20.758474,0.020118,0.089296,20.765347,0.019601,0.072796,21.854471,0.012100,0.072243,1.452165,-0.010002,-0.000738,-1.425943,0.015268,-0.849667,0.022692,1.426025,0.849970,-0.663103,0.018885,1.452165,-0.010002,0.789062,0.008883,0.500000,0.020491,-1.000000,0,0,1.308000,1.308000,0.000000,0.000000,1.308000
43.264000,Descend,22.191290,0.004333,0.020491,0.683798,-0.019900,-0.150038,20.758474,0.020118,0.089296,20.765347,0.019601,0.072796,21.854471,0.012100,0.072243,1.452165,-0.010002,-0.000738,-1.425943,0.015268,-0.849667,0.022692,1.426025,0.849970,-0.663205,0.018885,1.452165,-0.010002,0.788960,0.008883,0.500000,0.020491,-1.000000,0,0,1.320000,1.320000,0.000000,0.000000,1.320000
43.264000,Descend,22.191290,0.004333,0.020491,0.683798,-0.019900,-0.150038,20.758474,0.020118,0.089296,20.765347,0.019601,0.072796,21.854471,0.012100,0.072243,1.452165,-0.010002,-0.000738,-1.425943,0.015268,-0.849667,0.022692,1.426025,0.849970,-0.663214,0.018885,1.452165,-0.010002,0.788952,0.008883,0.500000,0.020491,-1.000000,0,0,1.320000,1.320000,0.000000,0.000000,1.320000
43.288000,Descend,22.201044,0.004215,0.019238,0.670805,-0.019732,-0.116819,20.758474,0.020118,0.089296,20.765347,0.019601,0.072796,21.854471,0.012100,0.072243,1.452165,-0.010002,-0.000738,-1.435698,0.015386,-0.849676,0.022684,1.435780,0.849979,-0.663425,0.018878,1.452165,-0.010002,0.788740,0.008877,0.500000,0.019238,-1.000000,0,0,1.344000,1.344000,0.000000,0.000000,1.344000
43.300000,Descend,22.214083,0.004041,0.017785,0.632428,-0.019850,-0.092850,20.758474,0.020118,0.089296,20.765347,0.019601,0.072796,21.854471,0.012100,0.072243,1.452165,-0.010002,-0.000738,-1.448736,0.015560,-0.833933,0.022946,1.448820,0.834249,-0.650931,0.019088,1.452165,-0.010002,0.801234,0.009086,0.500000,0.017785,-1.000000,0,0,1.356000,1.356000,0.000000,0.000000,1.356000
43.308000,Descend,22.214083,0.004041,0.017785,0.632428,-0.019850,-0.092850,20.758474,0.020118,0.089296,20.765347,0.019601,0.072796,21.854471,0.012100,0.072243,1.452165,-0.010002,-0.000738,-1.448736,0.015560,-0.833933,0.022946,1.448820,0.834249,-0.650998,0.019088,1.452165,-0.010002,0.801168,0.009086,0.500000,0.017785,-1.000000,0,0,1.364000,1.364000,0.000000,0.000000,1.364000
43.324000,Descend,22.221989,0.003935,0.017012,0.603304,-0.019922,-0.082381,20.758474,0.020118,0.089296,20.765347,0.019601,0.072796,21.854471,0.012100,0.072243,1.452165,-0.010002,-0.000738,-1.456642,0.015666,-0.819996,0.023107,1.456726,0.820321,-0.639946,0.019217,1.452165,-0.010002,0.812219,0.009215,0.500000,0.017012,-1.000000,0,0,1.376000,1.376000,0.000000,0.004000,1.380000
43.332000,Descend,22.229176,0.003842,0.016306,0.573133,-0.020118,-0.074496,20.758474,0.020118,0.089296,20.765347,0.019601,0.072796,21.854471,0.012100,0.072243,1.452165,-0.010002,-0.000738,-1.463829,0.015759,-0.804554,0.023347,1.463914,0.804893,-0.627689,0.019408,1.452165,-0.010002,0.824476,0.009407,0.500000,0.016306,-1.000000,0,0,1.388000,1.388000,0.000000,0.000000,1.388000
43.340000,Descend,22.229176,0.003842,0.016306,0.573133,-0.020118,-0.074496,20.758474,0.020118,0.089296,20.765347,0.019601,0.072796,21.854471,0.012100,0.072243,1.452165,-0.010002,-0.000738,-1.463829,0.015759,-0.804554,0.023347,1.463914,0.804893,-0.627754,0.019408,1.452165,-0.010002,0.824412,0.009407,0.500000,0.016306,-1.000000,1,0,1.396000,1.396000,0.000000,0.000000,1.396000
43.364000,Descend,22.238590,0.003717,0.015239,0.526977,-0.020396,-0.066081,20.758474,0.020118,0.089296,20.765347,0.019601,0.072796,21.854471,0.012100,0.072243,1.452165,-0.010002,-0.000738,-1.473244,0.015884,-0.779352,0.023680,1.473329,0.779712,-0.607748,0.019675,1.452165,-0.010002,0.844417,0.009674,0.500000,0.015239,-1.000000,0,0,1.416000,1.416000,0.000000,0.000000,1.416000
43.364000,Descend,22.238590,0.003717,0.015239,0.526977,-0.020396,-0.066081,20.758474,0.020118,0.089296,20.765347,0.019601,0.072796,21.854471,0.012100,0.072243,1.452165,-0.010002,-0.000738,-1.473244,0.015884,-0.779352,0.023680,1.473329,0.779712,-0.607779,0.019675,1.452165,-0.010002,0.844386,0.009674,0.500000,0.015239,-1.000000,0,0,1.420000,1.420000,0.000000,0.000000,1.420000
43.380000,Descend,22.244179,0.003625,0.014550,0.495779,-0.020618,-0.062475,20.758474,0.020118,0.089296,20.765347,0.019601,0.072796,21.854471,0.012100,0.072243,1.452165,-0.010002,-0.000738,-1.478832,0.015976,-0.761541,0.023938,1.478919,0.761918,-0.593652,0.019882,1.452165,-0.010002,0.858513,0.009880,0.500000,0.014550,-1.000000,0,0,1.436000,1.436000,0.000000,0.000000,1.436000
43.396000,Descend,22.251629,0.003476,0.013769,0.448629,-0.021031,-0.059698,20.758474,0.020118,0.089296,20.765347,0.019601,0.072796,21.854471,0.012100,0.072243,1.452165,-0.010002,-0.000738,-1.486282,0.016125,-0.733629,0.024397,1.486370,0.734035,-0.571440,0.020249,1.452165,-0.010002,0.880725,0.010247,0.500000,0.013769,-1.000000,0,0,1.452000,1.452000,0.000000,0.000000,1.452000
43.404000,Descend,22.251629,0.003476,0.013769,0.448629,-0.021031,-0.059698,20.758474,0.020118,0.089296,20.765347,0.019601,0.072796,21.854471,0.012100,0.072243,1.452165,-0.010002,-0.000738,-1.486282,0.016125,-0.733629,0.024397,1.486370,0.734035,-0.571499,0.020249,1.452165,-0.010002,0.880666,0.010247,0.500000,0.013769,-1.000000,0,0,1.460000,1.460000,0.000000,0.000000,1.460000
43.424000,Descend,22.256029,0.003363,0.013317,0.416988,-0.021356,-0.059200,20.758474,0.020118,0.089296,20.765347,0.019601,0.072796,21.854471,0.012100,0.072243,1.452165,-0.010002,-0.000738,-1.490683,0.016238,-0.714298,0.024754,1.490771,0.714727,-0.556148,0.020534,1.452165,-0.010002,0.896017,0.010533,0.500000,0.013317,-1.000000,0,0,1.476000,1.476000,0.004000,0.000000,1.480000
43.432000,Descend,22.261438,0.003231,0.012769,0.369273,-0.021789,-0.059995,20.758474,0.020118,0.089296,20.765347,0.019601,0.072796,21.854471,0.012100,0.072243,1.452165,-0.010002,-0.000738,-1.496092,0.016370,-0.683922,0.025211,1.496181,0.684386,-0.531929,0.020900,1.452165,-0.010002,0.920236,0.010898,0.500000,0.012769,-1.000000,0,0,1.488000,1.488000,0.000000,0.000000,1.488000
43.440000,Descend,22.261438,0.003231,0.012769,0.369273,-0.021789,-0.059995,20.758474,0.020118,0.089296,20.765347,0.019601,0.072796,21.854471,0.012100,0.072243,1.452165,-0.010002,-0.000738,-1.496092,0.016370,-0.683922,0.025211,1.496181,0.684386,-0.531957,0.020900,1.452165,-0.010002,0.920209,0.010898,0.500000,0.012769,-1.000000,0,0,1.492000,1.492000,0.000000,0.004000,1.496000
43.456000,Descend,22.264387,0.003142,0.012393,0.337218,-0.022132,-0.061630,20.758474,0.020118,0.089296,20.765347,0.019601,0.072796,21.854471,0.012100,0.072243,1.452165,-0.010002,-0.000738,-1.499041,0.016459,-0.662828,0.025557,1.499131,0.663321,-0.515215,0.021177,1.452165,-0.010002,0.936951,0.011175,0.500000,0.012393,-1.000000,0,0,1.512000,1.512000,0.000000,0.000000,1.512000
43.464000,Descend,22.264387,0.003142,0.012393,0.337218,-0.022132,-0.061630,20.758474,0.020118,0.089296,20.765347,0.019601,0.072796,21.854471,0.012100,0.072243,1.452165,-0.010002,-0.000738,-1.499041,0.016459,-0.662828,0.025557,1.499131,0.663321,-0.515268,0.021177,1.452165,-0.010002,0.936898,0.011175,0.500000,0.012393,-1.000000,0,0,1.520000,1.520000,0.000000,0.000000,1.520000
43.480000,Descend,22.266783,0.003052,0.012001,0.305186,-0.022463,-0.063795,20.758474,0.020118,0.089296,20.765347,0.019601,0.072796,21.854471,0.012100,0.072243,1.452165,-0.010002,-0.000738,-1.501436,0.016549,-0.641201,0.025895,1.501527,0.641724,-0.498068,0.021447,1.452165,-0.010002,0.954097,0.011446,0.500000,0.012001,-1.000000,0,0,1.536000,1.536000,0.000000,0.000000,1.536000
43.496000,Descend,22.268629,0.002971,0.011571,0.273109,-0.022806,-0.066677,20.758474,0.020118,0.089296,20.765347,0.019601,0.072796,21.854471,0.012100,0.072243,1.452165,-0.010002,-0.000738,-1.503283,0.016630,-0.618990,0.026234,1.503374,0.619546,-0.480398,0.021718,1.452165,-0.010002,0.971767,0.011716,0.500000,0.011571,-1.000000,0,0,1.552000,1.552000,0.000000,0.000000,1.552000
43.496000,Descend,22.268629,0.002971,0.011571,0.273109,-0.022806,-0.066677,20.758474,0.020118,0.089296,20.765347,0.019601,0.072796,21.854471,0.012100,0.072243,1.452165,-0.010002,-0.000738,-1.503283,0.016630,-0.618990,0.026234,1.503374,0.619546,-0.480405,0.021718,1.452165,-0.010002,0.971761,0.011716,0.500000,0.011571,-1.000000,0,0,1.552000,1.552000,0.000000,0.000000,1.552000
43.520000,Descend,22.270416,0.002865,0.010806,0.225240,-0.023368,-0.072251,20.758474,0.020118,0.089296,20.765347,0.019601,0.072796,21.854471,0.012100,0.072243,1.452165,-0.010002,-0.000738,-1.505070,0.016736,-0.584875,0.026761,1.505163,0.585487,-0.453253,0.022140,1.452165,-0.010002,0.998912,0.012138,0.500000,0.010806,-1.000000,0,0,1.576000,1.576000,0.000000,0.000000,1.576000
43.528000,Descend,22.270416,0.002865,0.010806,0.225240,-0.023368,-0.072251,20.758474,0.020118,0.089296,20.765347,0.019601,0.072796,21.854471,0.012100,0.072243,1.452165,-0.010002,-0.000738,-1.505070,0.016736,-0.584875,0.026761,1.505163,0.585487,-0.453300,0.022140,1.452165,-0.010002,0.998865,0.012138,0.500000,0.010806,-1.000000,0,0,1.584000,1.584000,0.000000,0.000000,1.584000
43.528000,Descend,22.270416,0.002865,0.010806,0.225240,-0.023368,-0.072251,20.758474,0.020118,0.089296,20.765347,0.019601,0.072796,21.854471,0.012100,0.072243,1.452165,-0.010002,-0.000738,-1.505070,0.016736,-0.584875,0.026761,1.505163,0.585487,-0.453306,0.022140,1.452165,-0.010002,0.998860,0.012138,0.500000,0.010806,-1.000000,0,0,1.584000,1.584000,0.000000,0.000000,1.584000
43.552000,Descend,22.270813,0.002759,0.009910,0.177562,-0.023876,-0.078478,20.758474,0.020118,0.089296,20.765347,0.019601,0.072796,21.854471,0.012100,0.072243,1.452165,-0.010002,-0.000738,-1.505466,0.016842,-0.549513,0.027248,1.505561,0.550188,-0.425148,0.022529,1.452165,-0.010002,1.027017,0.012528,0.500000,0.009910,-1.000000,0,0,1.608000,1.608000,0.000000,0.000000,1.608000
43.564000,Descend,22.270420,0.002680,0.009205,0.145966,-0.024185,-0.083137,20.758474,0.020118,0.089296,20.765347,0.019601,0.072796,21.854471,0.012100,0.072243,1.452165,-0.010002,-0.000738,-1.505074,0.016921,-0.525423,0.027559,1.505169,0.526145,-0.405939,0.022778,1.452165,-0.010002,1.046226,0.012777,0.500000,0.009205,-1.000000,0,0,1.620000,1.620000,0.000000,0.000000,1.620000
43.564000,Descend,22.270420,0.002680,0.009205,0.145966,-0.024185,-0.083137,20.758474,0.020118,0.089296,20.765347,0.019601,0.072796,21.854471,0.012100,0.072243,1.452165,-0.010002,-0.000738,-1.505074,0.016921,-0.525423,0.027559,1.505169,0.526145,-0.405944,0.022778,1.452165,-0.010002,1.046221,0.012777,0.500000,0.009205,-1.000000,0,0,1.620000,1.620000,0.000000,0.000000,1.620000
43.588000,Descend,22.269476,0.002598,0.008406,0.115468,-0.024054,-0.087045,20.758474,0.020118,0.089296,20.765347,0.019601,0.072796,21.854471,0.012100,0.072243,1.452165,-0.010002,-0.000738,-1.504129,0.017003,-0.501606,0.027542,1.504226,0.502362,-0.387011,0.022765,1.452165,-0.010002,1.065154,0.012763,0.500000,0.008406,-1.000000,0,0,1.644000,1.644000,0.000000,0.000000,1.644000
43.596000,Descend,22.268187,0.002384,0.006308,0.072959,-0.017157,-0.072134,20.758474,0.020118,0.089296,20.765347,0.019601,0.072796,21.854471,0.012100,0.072243,1.452165,-0.010002,-0.000738,-1.502840,0.017217,-0.468435,0.022584,1.502939,0.468979,-0.360512,0.018798,1.452165,-0.010002,1.091653,0.008797,0.500000,0.006308,-1.000000,0,0,1.652000,1.652000,0.000000,0.000000,1.652000
43.612000,Descend,22.268187,0.002384,0.006308,0.072959,-0.017157,-0.072134,20.758474,0.020118,0.089296,20.765347,0.019601,0.072796,21.854471,0.012100,0.072243,1.452165,-0.010002,-0.000738,-1.502840,0.017217,-0.468435,0.022584,1.502939,0.468979,-0.360587,0.018798,1.452165,-0.010002,1.091578,0.008797,0.500000,0.006308,-1.000000,0,0,1.668000,1.668000,0.000000,0.000000,1.668000
43.628000,Descend,22.264923,0.002491,0.005426,0.041416,-0.016832,-0.059536,20.758474,0.020118,0.089296,20.765347,0.019601,0.072796,21.854471,0.012100,0.072243,1.452165,-0.010002,-0.000738,-1.499577,0.017110,-0.441513,0.022233,1.499674,0.442072,-0.339120,0.018518,1.452165,-0.010002,1.113046,0.008516,0.500000,0.005426,-1.000000,0,0,1.684000,1.684000,0.000000,0.000000,1.684000
43.628000,Descend,22.264923,0.002491,0.005426,0.041416,-0.016832,-0.059536,20.758474,0.020118,0.089296,20.765347,0.019601,0.072796,21.854471,0.012100,0.072243,1.452165,-0.010002,-0.000738,-1.499577,0.017110,-0.441513,0.022233,1.499674,0.442072,-0.339124,0.018518,1.452165,-0.010002,1.113041,0.008516,0.500000,0.005426,-1.000000,0,0,1.684000,1.684000,0.000000,0.000000,1.684000
43.644000,Descend,22.262163,0.002576,0.005020,0.006086,-0.016620,-0.045774,20.758474,0.020118,0.089296,20.765347,0.019601,0.072796,21.854471,0.012100,0.072243,1.452165,-0.010002,-0.000738,-1.496817,0.017025,-0.412256,0.021989,1.496914,0.412842,-0.315785,0.018322,1.452165,-0.010002,1.136381,0.008320,0.500000,0.005020,-1.000000,0,0,1.700000,1.700000,0.000000,0.000000,1.700000
43.660000,Descend,22.256960,0.002712,0.004843,-0.055385,-0.016316,-0.022230,20.758474,0.020118,0.089296,20.765347,0.019601,0.072796,21.854471,0.012100,0.072243,1.452165,-0.010002,-0.000738,-1.491613,0.016889,-0.360950,0.021625,1.491709,0.361598,-0.274798,0.018031,1.452165,-0.010002,1.177367,0.008030,0.500000,0.004843,-1.000000,1,0,1.716000,1.716000,0.000000,0.000000,1.716000
43.660000,Descend,22.256960,0.002712,0.004843,-0.055385,-0.016316,-0.022230,20.758474,0.020118,0.089296,20.765347,0.019601,0.072796,21.854471,0.012100,0.072243,1.452165,-0.010002,-0.000738,-1.491613,0.016889,-0.360950,0.021625,1.491709,0.361598,-0.274801,0.018031,1.452165,-0.010002,1.177364,0.008030,0.500000,0.004843,-1.000000,1,0,1.716000,1.716000,0.000000,0.000000,1.716000
43.684000,Descend,22.252647,0.002810,0.005045,-0.098325,-0.015986,-0.005507,20.758474,0.020118,0.089296,20.765347,0.019601,0.072796,21.854471,0.012100,0.072243,1.452165,-0.010002,-0.000738,-1.487301,0.016791,-0.324432,0.021280,1.487396,0.325129,-0.245652,0.017755,1.452165,-0.010002,1.206514,0.007753,0.500000,0.005045,-1.000000,0,0,1.736000,1.736000,0.000000,0.004000,1.740000
43.696000,Descend,22.244913,0.002943,0.005888,-0.163503,-0.015564,0.021009,20.758474,0.020118,0.089296,20.765347,0.019601,0.072796,21.854471,0.012100,0.072243,1.452165,-0.010002,-0.000738,-1.479567,0.016658,-0.267815,0.020830,1.479660,0.268623,-0.200400,0.017395,1.452165,-0.010002,1.251765,0.007394,0.500000,0.005888,-1.000000,0,0,1.752000,1.752000,0.000000,0.000000,1.752000
43.696000,Descend,22.244913,0.002943,0.005888,-0.163503,-0.015564,0.021009,20.758474,0.020118,0.089296,20.765347,0.019601,0.072796,21.854471,0.012100,0.072243,1.452165,-0.010002,-0.000738,-1.479567,0.016658,-0.267815,0.020830,1.479660,0.268623,-0.200403,0.017395,1.452165,-0.010002,1.251762,0.007394,0.500000,0.005888,-1.000000,0,0,1.752000,1.752000,0.000000,0.000000,1.752000
43.720000,Descend,22.238977,0.003024,0.006811,-0.207009,-0.015332,0.040019,20.758474,0.020118,0.089296,20.765347,0.019601,0.072796,21.854471,0.012100,0.072243,1.452165,-0.010002,-0.000738,-1.473631,0.016577,-0.229250,0.020575,1.473724,0.230171,-0.169606,0.017191,1.452165,-0.010002,1.282559,0.007189,0.500000,0.006811,-1.000000,0,0,1.776000,1.776000,0.000000,0.000000,1.776000
43.728000,Descend,22.238977,0.003024,0.006811,-0.207009,-0.015332,0.040019,20.758474,0.020118,0.089296,20.765347,0.019601,0.072796,21.854471,0.012100,0.072243,1.452165,-0.010002,-0.000738,-1.473631,0.016577,-0.229250,0.020575,1.473724,0.230171,-0.169625,0.017191,1.452165,-0.010002,1.282541,0.007189,0.500000,0.006811,-1.000000,0,0,1.784000,1.784000,0.000000,0.000000,1.784000
43.728000,Descend,22.238977,0.003024,0.006811,-0.207009,-0.015332,0.040019,20.758474,0.020118,0.089296,20.765347,0.019601,0.072796,21.854471,0.012100,0.072243,1.452165,-0.010002,-0.000738,-1.473631,0.016577,-0.229250,0.020575,1.473724,0.230171,-0.169627,0.017191,1.452165,-0.010002,1.282538,0.007189,0.500000,0.006811,-1.000000,0,0,1.784000,1.784000,0.000000,0.000000,1.784000
43.752000,Descend,22.232206,0.003140,0.008141,-0.250670,-0.014997,0.060577,20.758474,0.020118,0.089296,20.765347,0.019601,0.072796,21.854471,0.012100,0.072243,1.452165,-0.010002,-0.000738,-1.466860,0.016461,-0.189734,0.020208,1.466952,0.190807,-0.138059,0.016897,1.452165,-0.010002,1.314106,0.006896,0.500000,0.008141,-1.000000,0,0,1.808000,1.808000,0.000000,0.000000,1.808000
43.760000,Descend,22.219055,0.003482,0.011196,-0.317278,-0.014247,0.095492,20.758474,0.020118,0.089296,20.765347,0.019601,0.072796,21.854471,0.012100,0.072243,1.452165,-0.010002,-0.000738,-1.453709,0.016119,-0.126625,0.019303,1.453798,0.128088,-0.087583,0.016174,1.452165,-0.010002,1.364583,0.006172,0.500000,0.011196,-1.000000,0,0,1.816000,1.816000,0.000000,0.000000,1.816000
43.768000,Descend,22.219055,0.003482,0.011196,-0.317278,-0.014247,0.095492,20.758474,0.020118,0.089296,20.765347,0.019601,0.072796,21.854471,0.012100,0.072243,1.452165,-0.010002,-0.000738,-1.453709,0.016119,-0.126625,0.019303,1.453798,0.128088,-0.087593,0.016174,1.452165,-0.010002,1.364572,0.006172,0.500000,0.011196,-1.000000,0,0,1.824000,1.824000,0.000000,0.000000,1.824000
43.788000,Descend,22.210091,0.003660,0.013614,-0.360916,-0.013817,0.121962,20.758474,0.020118,0.089296,20.765347,0.019601,0.072796,21.854471,0.012100,0.072243,1.452165,-0.010002,-0.000738,-1.444744,0.015941,-0.084932,0.018803,1.444832,0.086989,-0.054256,0.015773,1.452165,-0.010002,1.397910,0.005772,0.500000,0.013614,-1.000000,0,0,1.844000,1.844000,0.000000,0.000000,1.844000
43.792000,Descend,22.195332,0.003962,0.018238,-0.425707,-0.013038,0.167769,20.758474,0.020118,0.089296,20.765347,0.019601,0.072796,21.854471,0.012100,0.072243,1.452165,-0.010002,-0.000738,-1.429985,0.015639,-0.021580,0.017916,1.430071,0.028048,-0.003574,0.015064,1.452165,-0.010002,1.431910,0.005063,0.500000,0.018238,-1.000000,0,0,1.848000,1.848000,0.000000,0.000000,1.848000
43.808000,Descend,22.195332,0.003962,0.018238,-0.425707,-0.013038,0.167769,20.758474,0.020118,0.089296,20.765347,0.019601,0.072796,21.854471,0.012100,0.072243,1.452165,-0.010002,-0.000738,-1.429985,0.015639,-0.021580,0.017916,1.430071,0.028048,-0.003574,0.015064,1.452165,-0.010002,1.448592,0.005063,0.500000,0.018238,-1.000000,0,0,1.864000,1.864000,0.000000,0.000000,1.864000
43.828000,Descend,22.184771,0.004149,0.021996,-0.468069,-0.012646,0.203141,20.758474,0.020118,0.089296,20.765347,0.019601,0.072796,21.854471,0.012100,0.072243,1.452165,-0.010002,-0.000738,-1.419424,0.015452,0.020752,0.017436,1.419508,0.027105,0.030292,0.014680,1.452165,-0.010002,1.482457,0.004678,0.500000,0.021996,-1.000000,0,0,1.884000,1.884000,0.000000,0.000000,1.884000
43.828000,Descend,22.184771,0.004149,0.021996,-0.468069,-0.012646,0.203141,20.758474,0.020118,0.089296,20.765347,0.019601,0.072796,21.854471,0.012100,0.072243,1.452165,-0.010002,-0.000738,-1.419424,0.015452,0.020752,0.017436,1.419508,0.027105,0.030292,0.014680,1.452165,-0.010002,1.482457,0.004678,0.500000,0.021996,-1.000000,0,0,1.884000,1.884000,0.000000,0.000000,1.884000
43.852000,Descend,22.160643,0.004517,0.025486,-0.256465,-0.011728,-0.115755,20.758474,0.020118,0.089296,20.765347,0.019601,0.072796,21.854471,0.012100,0.072243,1.452165,-0.010002,-0.000738,-1.395296,0.015084,-0.113823,0.016378,1.395378,0.114995,-0.077395,0.013834,1.452165,-0.010002,1.374770,0.003832,0.500000,0.025486,-1.000000,0,0,1.908000,1.908000,0.000000,0.000000,1.908000
43.860000,Descend,22.160643,0.004517,0.025486,-0.256465,-0.011728,-0.115755,20.758474,0.020118,0.089296,20.765347,0.019601,0.072796,21.854471,0.012100,0.072243,1.452165,-0.010002,-0.000738,-1.395296,0.015084,-0.113823,0.016378,1.395378,0.114995,-0.077405,0.013834,1.452165,-0.010002,1.374761,0.003832,0.500000,0.025486,-1.000000,0,0,1.916000,1.916000,0.000000,0.000000,1.916000
43.876000,Descend,22.153561,0.004703,0.024874,-0.209300,-0.011280,-0.077705,20.758474,0.020118,0.089296,20.765347,0.019601,0.072796,21.854471,0.012100,0.072243,1.452165,-0.010002,-0.000738,-1.388214,0.014898,-0.142115,0.015856,1.388294,0.142996,-0.100061,0.013416,1.452165,-0.010002,1.352105,0.003415,0.500000,0.024874,-1.000000,0,0,1.932000,1.932000,0.000000,0.000000,1.932000
43.892000,Descend,22.153561,0.004703,0.024874,-0.209300,-0.011280,-0.077705,20.758474,0.020118,0.089296,20.765347,0.019601,0.072796,21.854471,0.012100,0.072243,1.452165,-0.010002,-0.000738,-1.388214,0.014898,-0.142115,0.015856,1.388294,0.142996,-0.100083,0.013416,1.452165,-0.010002,1.352082,0.003415,0.500000,0.024874,-1.000000,0,0,1.948000,1.948000,0.000000,0.000000,1.948000
43.892000,Descend,22.144758,0.004961,0.024599,-0.131223,-0.010615,-0.033063,20.758474,0.020118,0.089296,20.765347,0.019601,0.072796,21.854471,0.012100,0.072243,1.452165,-0.010002,-0.000738,-1.379412,0.014640,-0.191870,0.015100,1.379489,0.192463,-0.139889,0.012811,1.452165,-0.010002,1.343582,0.002810,0.500000,0.024599,-1.000000,0,0,1.948000,1.948000,0.000000,0.000000,1.948000
43.908000,Descend,22.144758,0.004961,0.024599,-0.131223,-0.010615,-0.033063,20.758474,0.020118,0.089296,20.765347,0.019601,0.072796,21.854471,0.012100,0.072243,1.452165,-0.010002,-0.000738,-1.379412,0.014640,-0.191870,0.015100,1.379489,0.192463,-0.139920,0.012811,1.452165,-0.010002,1.312245,0.002810,0.500000,0.024599,-1.000000,0,0,1.964000,1.964000,0.000000,0.000000,1.964000
43.924000,Descend,22.138603,0.005226,0.024907,-0.045767,-0.009747,-0.008344,20.758474,0.020118,0.089296,20.765347,0.019601,0.072796,21.854471,0.012100,0.072243,1.452165,-0.010002,-0.000738,-1.373257,0.014375,-0.249807,0.014184,1.373332,0.250210,-0.186310,0.012079,1.452165,-0.010002,1.265855,0.002077,0.500000,0.024907,-1.000000,0,0,1.980000,1.980000,0.000000,0.000000,1.980000
43.924000,Descend,22.138603,0.005226,0.024907,-0.045767,-0.009747,-0.008344,20.758474,0.020118,0.089296,20.765347,0.019601,0.072796,21.854471,0.012100,0.072243,1.452165,-0.010002,-0.000738,-1.373257,0.014375,-0.249807,0.014184,1.373332,0.250210,-0.186313,0.012079,1.452165,-0.010002,1.265853,0.002077,0.500000,0.024907,-1.000000,0,0,1.980000,1.980000,0.000000,0.000000,1.980000
43.940000,Descend,22.135775,0.005416,0.025436,0.001013,-0.009296,0.016745,20.758474,0.020118,0.089296,20.765347,0.019601,0.072796,21.854471,0.012100,0.072243,1.452165,-0.010002,-0.000738,-1.370428,0.014185,-0.282063,0.013656,1.370502,0.282393,-0.212162,0.011656,1.452165,-0.010002,1.240003,0.001654,0.500000,0.025436,-1.000000,0,0,1.996000,1.996000,0.000000,0.000000,1.996000
43.956000,Descend,22.134066,0.005671,0.026705,0.071338,-0.008819,0.055661,20.758474,0.020118,0.089296,20.765347,0.019601,0.072796,21.854471,0.012100,0.072243,1.452165,-0.010002,-0.000738,-1.368719,0.013930,-0.333097,0.013043,1.368790,0.333353,-0.253043,0.011165,1.452165,-0.010002,1.199122,0.001164,0.500000,0.026705,-1.000000,0,0,2.012000,2.012000,0.000000,0.000000,2.012000
43.960000,Descend,22.134066,0.005671,0.026705,0.071338,-0.008819,0.055661,20.758474,0.020118,0.089296,20.765347,0.019601,0.072796,21.854471,0.012100,0.072243,1.452165,-0.010002,-0.000738,-1.368719,0.013930,-0.333097,0.013043,1.368790,0.333353,-0.253057,0.011165,1.452165,-0.010002,1.199109,0.001164,0.500000,0.026705,-1.000000,0,0,2.016000,2.016000,0.000000,0.000000,2.016000
43.976000,Descend,22.134420,0.005832,0.027978,0.117931,-0.008485,0.083274,20.758474,0.020118,0.089296,20.765347,0.019601,0.072796,21.854471,0.012100,0.072243,1.452165,-0.010002,-0.000738,-1.369074,0.013769,-0.368397,0.012632,1.369143,0.368613,-0.281355,0.010837,1.452165,-0.010002,1.170810,0.000835,0.500000,0.027978,-1.000000,1,0,2.032000,2.032000,0.000000,0.000000,2.032000
43.992000,Descend,22.134573,0.006056,0.027578,-0.020092,-0.008021,-0.054548,20.758474,0.020118,0.089296,20.765347,0.019601,0.072796,21.854471,0.012100,0.072243,1.452165,-0.010002,-0.000738,-1.369226,0.013545,-0.265034,0.012060,1.369293,0.265308,-0.198707,0.010379,1.452165,-0.010002,1.253458,0.000377,0.500000,0.027578,-1.000000,0,0,2.048000,2.048000,0.000000,0.000000,2.048000
43.992000,Descend,22.134573,0.006056,0.027578,-0.020092,-0.008021,-0.054548,20.758474,0.020118,0.089296,20.765347,0.019601,0.072796,21.854471,0.012100,0.072243,1.452165,-0.010002,-0.000738,-1.369226,0.013545,-0.265034,0.012060,1.369293,0.265308,-0.198710,0.010379,1.452165,-0.010002,1.253456,0.000377,0.500000,0.027578,-1.000000,0,0,2.048000,2.048000,0.000000,0.000000,2.048000
44.012000,Descend,22.134573,0.006056,0.027578,-0.020092,-0.008021,-0.054548,20.758474,0.020118,0.089296,20.765347,0.019601,0.072796,21.854471,0.012100,0.072243,1.452165,-0.010002,-0.000738,-1.369226,0.013545,-0.265034,0.012060,1.369293,0.265308,-0.198763,0.010379,1.452165,-0.010002,1.253403,0.000377,0.500000,0.027578,-1.000000,0,0,2.068000,2.068000,0.000000,0.000000,2.068000
44.024000,Descend,22.133896,0.006165,0.027191,-0.075696,-0.007535,-0.024946,20.758474,0.020118,0.089296,20.765347,0.019601,0.072796,21.854471,0.012100,0.072243,1.452165,-0.010002,-0.000738,-1.368549,0.013436,-0.222652,0.011586,1.368615,0.222954,-0.164884,0.010000,1.452165,-0.010002,1.287281,-0.000001,0.500000,0.027191,-1.000000,0,0,2.080000,2.080000,0.000000,0.000000,2.080000
44.040000,Descend,22.131323,0.006335,0.027370,-0.149773,-0.006848,0.014284,20.758474,0.020118,0.089296,20.765347,0.019601,0.072796,21.854471,0.012100,0.072243,1.452165,-0.010002,-0.000738,-1.365976,0.013266,-0.164522,0.010901,1.366041,0.164883,-0.118406,0.009452,1.452165,-0.010002,1.333759,-0.000550,0.500000,0.027370,-1.000000,0,0,2.096000,2.096000,0.000000,0.000000,2.096000
44.056000,Descend,22.129929,0.006398,0.027264,-0.080306,-0.006947,-0.022873,20.758474,0.020118,0.089296,20.765347,0.019601,0.072796,21.854471,0.012100,0.072243,1.452165,-0.010002,-0.000738,-1.364582,0.013203,-0.215227,0.010912,1.364646,0.215504,-0.159005,0.009461,1.452165,-0.010002,1.293160,-0.000541,0.500000,0.027264,-1.000000,0,0,2.112000,2.112000,0.000000,0.000000,2.112000
44.068000,Descend,22.129929,0.006398,0.027264,-0.080306,-0.006947,-0.022873,20.758474,0.020118,0.089296,20.765347,0.019601,0.072796,21.854471,0.012100,0.072243,1.452165,-0.010002,-0.000738,-1.364582,0.013203,-0.215227,0.010912,1.364646,0.215504,-0.159031,0.009461,1.452165,-0.010002,1.293135,-0.000541,0.500000,0.027264,-1.000000,0,0,2.124000,2.124000,0.000000,0.000000,2.124000
44.084000,Descend,22.129011,0.006450,0.027095,-0.079530,-0.006818,-0.022747,20.758474,0.020118,0.089296,20.765347,0.019601,0.072796,21.854471,0.012100,0.072243,1.452165,-0.010002,-0.000738,-1.363665,0.013151,-0.214893,0.010764,1.363728,0.215163,-0.158798,0.009342,1.452165,-0.010002,1.293367,-0.000659,0.500000,0.027095,-1.000000,0,0,2.140000,2.140000,0.000000,0.000000,2.140000
44.092000,Descend,22.127497,0.006503,0.026866,-0.078504,-0.006698,-0.022629,20.758474,0.020118,0.089296,20.765347,0.019601,0.072796,21.854471,0.012100,0.072243,1.452165,-0.010002,-0.000738,-1.362150,0.013098,-0.214148,0.010620,1.362213,0.214411,-0.158218,0.009227,1.452165,-0.010002,1.293947,-0.000775,0.500000,0.026866,-1.000000,0,0,2.148000,2.148000,0.000000,0.000000,2.148000
44.108000,Descend,22.127497,0.006503,0.026866,-0.078504,-0.006698,-0.022629,20.758474,0.020118,0.089296,20.765347,0.019601,0.072796,21.854471,0.012100,0.072243,1.452165,-0.010002,-0.000738,-1.362150,0.013098,-0.214148,0.010620,1.362213,0.214411,-0.158253,0.009227,1.452165,-0.010002,1.293913,-0.000775,0.500000,0.026866,-1.000000,0,0,2.164000,2.164000,0.000000,0.000000,2.164000
44.124000,Descend,22.125864,0.006546,0.026554,-0.077892,-0.006642,-0.022512,20.758474,0.020118,0.089296,20.765347,0.019601,0.072796,21.854471,0.012100,0.072243,1.452165,-0.010002,-0.000738,-1.360518,0.013055,-0.212975,0.010536,1.360580,0.213235,-0.157340,0.009160,1.452165,-0.010002,1.294825,-0.000842,0.500000,0.026554,-1.000000,0,0,2.176000,2.176000,0.004000,0.000000,2.180000
44.124000,Descend,22.125864,0.006546,0.026554,-0.077892,-0.006642,-0.022512,20.758474,0.020118,0.089296,20.765347,0.019601,0.072796,21.854471,0.012100,0.072243,1.452165,-0.010002,-0.000738,-1.360518,0.013055,-0.212975,0.010536,1.360580,0.213235,-0.157348,0.009160,1.452165,-0.010002,1.294817,-0.000842,0.500000,0.026554,-1.000000,0,0,2.180000,2.180000,0.000000,0.000000,2.180000
44.140000,Descend,22.124750,0.006564,0.026311,-0.077490,-0.006674,-0.022315,20.758474,0.020118,0.089296,20.765347,0.019601,0.072796,21.854471,0.012100,0.072243,1.452165,-0.010002,-0.000738,-1.359404,0.013037,-0.212162,0.010541,1.359466,0.212424,-0.156732,0.009164,1.452165,-0.010002,1.295433,-0.000837,0.500000,0.026311,-1.000000,0,0,2.196000,2.196000,0.000000,0.000000,2.196000
44.156000,Descend,22.123009,0.006549,0.026053,-0.077119,-0.006737,-0.022101,20.758474,0.020118,0.089296,20.765347,0.019601,0.072796,21.854471,0.012100,0.072243,1.452165,-0.010002,-0.000738,-1.357662,0.013052,-0.210699,0.010603,1.357725,0.210966,-0.155596,0.009214,1.452165,-0.010002,1.296570,-0.000788,0.500000,0.026053,-1.000000,0,0,2.212000,2.212000,0.000000,0.000000,2.212000
44.156000,Descend,22.123009,0.006549,0.026053,-0.077119,-0.006737,-0.022101,20.758474,0.020118,0.089296,20.765347,0.019601,0.072796,21.854471,0.012100,0.072243,1.452165,-0.010002,-0.000738,-1.357662,0.013052,-0.210699,0.010603,1.357725,0.210966,-0.155598,0.009214,1.452165,-0.010002,1.296567,-0.000788,0.500000,0.026053,-1.000000,0,0,2.212000,2.212000,0.000000,0.000000,2.212000
44.176000,Descend,22.121918,0.006522,0.025874,-0.076824,-0.006735,-0.021997,20.758474,0.020118,0.089296,20.765347,0.019601,0.072796,21.854471,0.012100,0.072243,1.452165,-0.010002,-0.000738,-1.356571,0.013079,-0.209827,0.010630,1.356634,0.210096,-0.154942,0.009235,1.452165,-0.010002,1.297223,-0.000767,0.500000,0.025874,-1.000000,0,0,2.232000,2.232000,0.000000,0.000000,2.232000
44.188000,Descend,22.121918,0.006522,0.025874,-0.076824,-0.006735,-0.021997,20.758474,0.020118,0.089296,20.765347,0.019601,0.072796,21.854471,0.012100,0.072243,1.452165,-0.010002,-0.000738,-1.356571,0.013079,-0.209827,0.010630,1.356634,0.210096,-0.154968,0.009235,1.452165,-0.010002,1.297198,-0.000767,0.500000,0.025874,-1.000000,0,0,2.244000,2.244000,0.000000,0.000000,2.244000
44.200000,Descend,22.120380,0.006455,0.025594,-0.076397,-0.006635,-0.021854,20.758474,0.020118,0.089296,20.765347,0.019601,0.072796,21.854471,0.012100,0.072243,1.452165,-0.010002,-0.000738,-1.355034,0.013146,-0.208612,0.010621,1.355098,0.208883,-0.154012,0.009228,1.452165,-0.010002,1.298153,-0.000774,0.500000,0.025594,-1.000000,0,0,2.252000,2.252000,0.000000,0.000000,2.252000
44.220000,Descend,22.119425,0.006379,0.025403,-0.076099,-0.006667,-0.021702,20.758474,0.020118,0.089296,20.765347,0.019601,0.072796,21.854471,0.012100,0.072243,1.452165,-0.010002,-0.000738,-1.354078,0.013222,-0.207880,0.010721,1.354143,0.208156,-0.153476,0.009308,1.452165,-0.010002,1.298689,-0.000694,0.500000,0.025403,-1.000000,0,0,2.276000,2.276000,0.000000,0.000000,2.276000
44.224000,Descend,22.119425,0.006379,0.025403,-0.076099,-0.006667,-0.021702,20.758474,0.020118,0.089296,20.765347,0.019601,0.072796,21.854471,0.012100,0.072243,1.452165,-0.010002,-0.000738,-1.354078,0.013222,-0.207880,0.010721,1.354143,0.208156,-0.153485,0.009308,1.452165,-0.010002,1.298681,-0.000694,0.500000,0.025403,-1.000000,0,0,2.280000,2.280000,0.000000,0.000000,2.280000
44.244000,Descend,22.118484,0.006302,0.025207,-0.075721,-0.006699,-0.021568,20.758474,0.020118,0.089296,20.765347,0.019601,0.072796,21.854471,0.012100,0.072243,1.452165,-0.010002,-0.000738,-1.353138,0.013299,-0.207222,0.010823,1.353203,0.207504,-0.153000,0.009389,1.452165,-0.010002,1.299166,-0.000612,0.500000,0.025207,-1.000000,0,0,2.300000,2.300000,0.000000,0.000000,2.300000
44.256000,Descend,22.117199,0.006145,0.024932,-0.075103,-0.006816,-0.021350,20.758474,0.020118,0.089296,20.765347,0.019601,0.072796,21.854471,0.012100,0.072243,1.452165,-0.010002,-0.000738,-1.351852,0.013456,-0.206400,0.011067,1.351919,0.206696,-0.152367,0.009585,1.452165,-0.010002,1.299799,-0.000417,0.500000,0.024932,-1.000000,0,0,2.312000,2.312000,0.000000,0.000000,2.312000
44.264000,Descend,22.117199,0.006145,0.024932,-0.075103,-0.006816,-0.021350,20.758474,0.020118,0.089296,20.765347,0.019601,0.072796,21.854471,0.012100,0.072243,1.452165,-0.010002,-0.000738,-1.351852,0.013456,-0.206400,0.011067,1.351919,0.206696,-0.152383,0.009585,1.452165,-0.010002,1.299782,-0.000417,0.500000,0.024932,-1.000000,0,0,2.320000,2.320000,0.000000,0.000000,2.320000
44.280000,Descend,22.116049,0.005961,0.024665,-0.074336,-0.006976,-0.021159,20.758474,0.020118,0.089296,20.765347,0.019601,0.072796,21.854471,0.012100,0.072243,1.452165,-0.010002,-0.000738,-1.350702,0.013640,-0.205826,0.011371,1.350771,0.206140,-0.151957,0.009828,1.452165,-0.010002,1.300208,-0.000174,0.500000,0.024665,-1.000000,0,0,2.336000,2.336000,0.000000,0.000000,2.336000
44.288000,Descend,22.116049,0.005961,0.024665,-0.074336,-0.006976,-0.021159,20.758474,0.020118,0.089296,20.765347,0.019601,0.072796,21.854471,0.012100,0.072243,1.452165,-0.010002,-0.000738,-1.350702,0.013640,-0.205826,0.011371,1.350771,0.206140,-0.151973,0.009828,1.452165,-0.010002,1.300192,-0.000174,0.500000,0.024665,-1.000000,1,0,2.344000,2.344000,0.000000,0.000000,2.344000
44.300000,Descend,22.115328,0.005829,0.024486,-0.073791,-0.007035,-0.020972,20.758474,0.020118,0.089296,20.765347,0.019601,0.072796,21.854471,0.012100,0.072243,1.452165,-0.010002,-0.000738,-1.349981,0.013772,-0.205513,0.011547,1.350052,0.205837,-0.151748,0.009969,1.452165,-0.010002,1.300418,-0.000033,0.500000,0.024486,-1.000000,1,0,2.356000,2.356000,0.000000,0.000000,2.356000
44.316000,Descend,22.114386,0.005621,0.024235,-0.072994,-0.007153,-0.020743,20.758474,0.020118,0.089296,20.765347,0.019601,0.072796,21.854471,0.012100,0.072243,1.452165,-0.010002,-0.000738,-1.349039,0.013980,-0.205170,0.011844,1.349112,0.205511,-0.151506,0.010206,1.452165,-0.010002,1.300659,0.000205,0.500000,0.024235,-1.000000,0,0,2.372000,2.372000,0.000000,0.000000,2.372000
44.320000,Descend,22.114386,0.005621,0.024235,-0.072994,-0.007153,-0.020743,20.758474,0.020118,0.089296,20.765347,0.019601,0.072796,21.854471,0.012100,0.072243,1.452165,-0.010002,-0.000738,-1.349039,0.013980,-0.205170,0.011844,1.349112,0.205511,-0.151514,0.010206,1.452165,-0.010002,1.300651,0.000205,0.500000,0.024235,-1.000000,0,0,2.376000,2.376000,0.000000,0.000000,2.376000
44.340000,Descend,22.113804,0.005478,0.024069,-0.072396,-0.007260,-0.020610,20.758474,0.020118,0.089296,20.765347,0.019601,0.072796,21.854471,0.012100,0.072243,1.452165,-0.010002,-0.000738,-1.348457,0.014123,-0.205036,0.012067,1.348531,0.205391,-0.151440,0.010385,1.452165,-0.010002,1.300725,0.000383,0.500000,0.024069,-1.000000,0,0,2.392000,2.392000,0.000000,0.000000,2.392000
44.356000,Descend,22.113337,0.005340,0.023915,-0.071710,-0.007355,-0.020502,20.758474,0.020118,0.089296,20.765347,0.019601,0.072796,21.854471,0.012100,0.072243,1.452165,-0.010002,-0.000738,-1.347990,0.014261,-0.205082,0.012276,1.348065,0.205449,-0.151518,0.010552,1.452165,-0.010002,1.300647,0.000550,0.500000,0.023915,-1.000000,0,0,2.412000,2.412000,0.000000,0.000000,2.412000
44.368000,Descend,22.113337,0.005340,0.023915,-0.071710,-0.007355,-0.020502,20.758474,0.020118,0.089296,20.765347,0.019601,0.072796,21.854471,0.012100,0.072243,1.452165,-0.010002,-0.000738,-1.347990,0.014261,-0.205082,0.012276,1.348065,0.205449,-0.151542,0.010552,1.452165,-0.010002,1.300623,0.000550,0.500000,0.023915,-1.000000,0,0,2.424000,2.424000,0.000000,0.000000,2.424000
44.384000,Descend,22.112675,0.005129,0.023680,-0.070791,-0.007428,-0.020325,20.758474,0.020118,0.089296,20.765347,0.019601,0.072796,21.854471,0.012100,0.072243,1.452165,-0.010002,-0.000738,-1.347328,0.014472,-0.205111,0.012542,1.347406,0.205494,-0.151598,0.010765,1.452165,-0.010002,1.300567,0.000763,0.500000,0.023680,-1.000000,0,0,2.440000,2.440000,0.000000,0.000000,2.440000
44.388000,Descend,22.112675,0.005129,0.023680,-0.070791,-0.007428,-0.020325,20.758474,0.020118,0.089296,20.765347,0.019601,0.072796,21.854471,0.012100,0.072243,1.452165,-0.010002,-0.000738,-1.347328,0.014472,-0.205111,0.012542,1.347406,0.205494,-0.151606,0.010765,1.452165,-0.010002,1.300559,0.000763,0.500000,0.023680,-1.000000,0,0,2.444000,2.444000,0.000000,0.000000,2.444000
44.400000,Descend,22.112091,0.004912,0.023436,-0.069797,-0.007546,-0.020182,20.758474,0.020118,0.089296,20.765347,0.019601,0.072796,21.854471,0.012100,0.072243,1.452165,-0.010002,-0.000738,-1.346745,0.014689,-0.205273,0.012848,1.346825,0.205674,-0.151761,0.011010,1.452165,-0.010002,1.300405,0.001008,0.500000,0.023436,-1.000000,0,0,2.456000,2.456000,0.000000,0.000000,2.456000
44.420000,Descend,22.111782,0.004760,0.023273,-0.068988,-0.007669,-0.020032,20.758474,0.020118,0.089296,20.765347,0.019601,0.072796,21.854471,0.012100,0.072243,1.452165,-0.010002,-0.000738,-1.346436,0.014841,-0.205570,0.013092,1.346517,0.205987,-0.152040,0.011205,1.452165,-0.010002,1.300125,0.001203,0.500000,0.023273,-1.000000,0,0,2.476000,2.476000,0.000000,0.000000,2.476000
44.420000,Descend,22.111782,0.004760,0.023273,-0.068988,-0.007669,-0.020032,20.758474,0.020118,0.089296,20.765347,0.019601,0.072796,21.854471,0.012100,0.072243,1.452165,-0.010002,-0.000738,-1.346436,0.014841,-0.205570,0.013092,1.346517,0.205987,-0.152042,0.011205,1.452165,-0.010002,1.300123,0.001203,0.500000,0.023273,-1.000000,0,0,2.476000,2.476000,0.000000,0.000000,2.476000
44.436000,Descend,22.111469,0.004606,0.023104,-0.068316,-0.007670,-0.019960,20.758474,0.020118,0.089296,20.765347,0.019601,0.072796,21.854471,0.012100,0.072243,1.452165,-0.010002,-0.000738,-1.346123,0.014995,-0.205761,0.013246,1.346206,0.206187,-0.152227,0.011328,1.452165,-0.010002,1.299938,0.001326,0.500000,0.023104,-1.000000,0,0,2.492000,2.492000,0.000000,0.000000,2.492000
44.452000,Descend,22.111084,0.004362,0.022864,-0.067315,-0.007764,-0.019788,20.758474,0.020118,0.089296,20.765347,0.019601,0.072796,21.854471,0.012100,0.072243,1.452165,-0.010002,-0.000738,-1.345737,0.015239,-0.206127,0.013561,1.345824,0.206573,-0.152553,0.011580,1.452165,-0.010002,1.299612,0.001578,0.500000,0.022864,-1.000000,0,0,2.508000,2.508000,0.000000,0.000000,2.508000
44.464000,Descend,22.111084,0.004362,0.022864,-0.067315,-0.007764,-0.019788,20.758474,0.020118,0.089296,20.765347,0.019601,0.072796,21.854471,0.012100,0.072243,1.452165,-0.010002,-0.000738,-1.345737,0.015239,-0.206127,0.013561,1.345824,0.206573,-0.152578,0.011580,1.452165,-0.010002,1.299587,0.001578,0.500000,0.022864,-1.000000,0,0,2.520000,2.520000,0.000000,0.000000,2.520000
44.480000,Descend,22.110855,0.004208,0.022714,-0.066621,-0.007781,-0.019603,20.758474,0.020118,0.089296,20.765347,0.019601,0.072796,21.854471,0.012100,0.072243,1.452165,-0.010002,-0.000738,-1.345509,0.015393,-0.206419,0.013728,1.345597,0.206875,-0.152844,0.011713,1.452165,-0.010002,1.299321,0.001712,0.500000,0.022714,-1.000000,0,0,2.536000,2.536000,0.000000,0.000000,2.536000
44.488000,Descend,22.110855,0.004208,0.022714,-0.066621,-0.007781,-0.019603,20.758474,0.020118,0.089296,20.765347,0.019601,0.072796,21.854471,0.012100,0.072243,1.452165,-0.010002,-0.000738,-1.345509,0.015393,-0.206419,0.013728,1.345597,0.206875,-0.152861,0.011713,1.452165,-0.010002,1.299304,0.001712,0.500000,0.022714,-1.000000,0,0,2.544000,2.544000,0.000000,0.000000,2.544000
44.508000,Descend,22.110655,0.004061,0.022574,-0.065970,-0.007820,-0.019370,20.758474,0.020118,0.089296,20.765347,0.019601,0.072796,21.854471,0.012100,0.072243,1.452165,-0.010002,-0.000738,-1.345308,0.015540,-0.206707,0.013904,1.345398,0.207174,-0.153133,0.011854,1.452165,-0.010002,1.299032,0.001853,0.500000,0.022574,-1.000000,0,0,2.564000,2.564000,0.000000,0.000000,2.564000
44.520000,Descend,22.110445,0.003865,0.022405,-0.064982,-0.007827,-0.019217,20.758474,0.020118,0.089296,20.765347,0.019601,0.072796,21.854471,0.012100,0.072243,1.452165,-0.010002,-0.000738,-1.345098,0.015736,-0.207237,0.014105,1.345191,0.207717,-0.153582,0.012015,1.452165,-0.010002,1.298584,0.002013,0.500000,0.022405,-1.000000,0,0,2.576000,2.576000,0.000000,0.000000,2.576000
44.520000,Descend,22.110445,0.003865,0.022405,-0.064982,-0.007827,-0.019217,20.758474,0.020118,0.089296,20.765347,0.019601,0.072796,21.854471,0.012100,0.072243,1.452165,-0.010002,-0.000738,-1.345098,0.015736,-0.207237,0.014105,1.345191,0.207717,-0.153584,0.012015,1.452165,-0.010002,1.298581,0.002013,0.500000,0.022405,-1.000000,0,0,2.576000,2.576000,0.000000,0.000000,2.576000
44.544000,Descend,22.110304,0.003693,0.022233,-0.063888,-0.007889,-0.019127,20.758474,0.020118,0.089296,20.765347,0.019601,0.072796,21.854471,0.012100,0.072243,1.452165,-0.010002,-0.000738,-1.344957,0.015908,-0.207916,0.014323,1.345051,0.208409,-0.154177,0.012190,1.452165,-0.010002,1.297988,0.002188,0.500000,0.022233,-1.000000,0,0,2.600000,2.600000,0.000000,0.000000,2.600000
44.552000,Descend,22.110252,0.003593,0.022135,-0.063109,-0.007884,-0.018913,20.758474,0.020118,0.089296,20.765347,0.019601,0.072796,21.854471,0.012100,0.072243,1.452165,-0.010002,-0.000738,-1.344906,0.016008,-0.208450,0.014419,1.345001,0.208948,-0.154621,0.012267,1.452165,-0.010002,1.297544,0.002265,0.500000,0.022135,-1.000000,0,0,2.608000,2.608000,0.000000,0.000000,2.608000
44.568000,Descend,22.110252,0.003593,0.022135,-0.063109,-0.007884,-0.018913,20.758474,0.020118,0.089296,20.765347,0.019601,0.072796,21.854471,0.012100,0.072243,1.452165,-0.010002,-0.000738,-1.344906,0.016008,-0.208450,0.014419,1.345001,0.208948,-0.154654,0.012267,1.452165,-0.010002,1.297511,0.002265,0.500000,0.022135,-1.000000,0,0,2.624000,2.624000,0.000000,0.000000,2.624000
44.584000,Descend,22.110193,0.003445,0.022000,-0.062001,-0.007844,-0.018760,20.758474,0.020118,0.089296,20.765347,0.019601,0.072796,21.854471,0.012100,0.072243,1.452165,-0.010002,-0.000738,-1.344847,0.016156,-0.209221,0.014537,1.344944,0.209725,-0.155304,0.012361,1.452165,-0.010002,1.296861,0.002360,0.500000,0.022000,-1.000000,0,0,2.640000,2.640000,0.000000,0.000000,2.640000
44.584000,Descend,22.110193,0.003445,0.022000,-0.062001,-0.007844,-0.018760,20.758474,0.020118,0.089296,20.765347,0.019601,0.072796,21.854471,0.012100,0.072243,1.452165,-0.010002,-0.000738,-1.344847,0.016156,-0.209221,0.014537,1.344944,0.209725,-0.155306,0.012361,1.452165,-0.010002,1.296859,0.002360,0.500000,0.022000,-1.000000,0,0,2.640000,2.640000,0.000000,0.000000,2.640000
44.604000,Descend,22.110189,0.003352,0.021927,-0.061262,-0.007909,-0.018630,20.758474,0.020118,0.089296,20.765347,0.019601,0.072796,21.854471,0.012100,0.072243,1.452165,-0.010002,-0.000738,-1.344843,0.016249,-0.209772,0.014679,1.344941,0.210285,-0.155789,0.012475,1.452165,-0.010002,1.296376,0.002473,0.500000,0.021927,-1.000000,0,0,2.660000,2.660000,0.000000,0.000000,2.660000
44.620000,Descend,22.110231,0.003248,0.021868,-0.060440,-0.007930,-0.018484,20.758474,0.020118,0.089296,20.765347,0.019601,0.072796,21.854471,0.012100,0.072243,1.452165,-0.010002,-0.000738,-1.344885,0.016353,-0.210430,0.014800,1.344984,0.210950,-0.156349,0.012571,1.452165,-0.010002,1.295816,0.002570,0.500000,0.021868,-1.000000,1,0,2.676000,2.676000,0.000000,0.000000,2.676000
44.632000,Descend,22.110231,0.003248,0.021868,-0.060440,-0.007930,-0.018484,20.758474,0.020118,0.089296,20.765347,0.019601,0.072796,21.854471,0.012100,0.072243,1.452165,-0.010002,-0.000738,-1.344885,0.016353,-0.210430,0.014800,1.344984,0.210950,-0.156366,0.012571,1.452165,-0.010002,1.295799,0.002570,0.500000,0.021868,-1.000000,1,0,2.684000,2.684000,0.004000,0.000000,2.688000
